<?xml version="1.0" encoding="ISO-8859-1"?><pnml>
<net id="Net-One" type="P/T net">
<labels x="1556" y="89" width="110" height="26" border="true">
<text>1*P29</text>
<finalMarings>true</finalMarings>
</labels>
<labels x="900" y="577" width="110" height="26" border="true">
<text>1*P39</text>
<finalMarings>true</finalMarings>
</labels>
<labels x="962" y="860" width="110" height="26" border="true">
<text>1*P55</text>
<finalMarings>true</finalMarings>
</labels>
<labels x="867" y="1199" width="110" height="26" border="true">
<text>1*P67</text>
<finalMarings>true</finalMarings>
</labels>
<labels x="57" y="440" width="109" height="25" border="true">
<text>Decision system</text>
<finalMarings>false</finalMarings>
</labels>
<labels x="53" y="716" width="109" height="57" border="true">
<text>Emergency and rescue department</text>
<finalMarings>false</finalMarings>
</labels>
<labels x="50" y="1167" width="109" height="57" border="true">
<text>Information dissemination system</text>
<finalMarings>false</finalMarings>
</labels>
<labels x="31" y="62" width="109" height="57" border="true">
<text>Traffic emergency command center</text>
<finalMarings>false</finalMarings>
</labels>
<place id="P0">
<graphics>
<position x="90.0" y="135.0"/>
</graphics>
<name>
<value>P0</value>
<graphics>
<offset x="-5.0" y="35.0"/>
</graphics>
</name>
<msgPlace>false</msgPlace>
<resPlace>false</resPlace>
<initialMarking>
<value>1</value>
<graphics>
<offset x="0.0" y="0.0"/>
</graphics>
</initialMarking>
<capacity>
<value>0</value>
</capacity>
</place>
<place id="P1">
<graphics>
<position x="165.0" y="60.0"/>
</graphics>
<name>
<value>Alert</value>
<graphics>
<offset x="43.0" y="-12.0"/>
</graphics>
</name>
<msgPlace>false</msgPlace>
<resPlace>true</resPlace>
<initialMarking>
<value>1</value>
<graphics>
<offset x="0.0" y="0.0"/>
</graphics>
</initialMarking>
<capacity>
<value>0</value>
</capacity>
</place>
<place id="P10">
<graphics>
<position x="525.0" y="255.0"/>
</graphics>
<name>
<value>P10</value>
<graphics>
<offset x="-5.0" y="35.0"/>
</graphics>
</name>
<msgPlace>false</msgPlace>
<resPlace>false</resPlace>
<initialMarking>
<value>0</value>
<graphics>
<offset x="0.0" y="0.0"/>
</graphics>
</initialMarking>
<capacity>
<value>0</value>
</capacity>
</place>
<place id="P11">
<graphics>
<position x="690.0" y="60.0"/>
</graphics>
<name>
<value>P11</value>
<graphics>
<offset x="-5.0" y="35.0"/>
</graphics>
</name>
<msgPlace>false</msgPlace>
<resPlace>false</resPlace>
<initialMarking>
<value>0</value>
<graphics>
<offset x="0.0" y="0.0"/>
</graphics>
</initialMarking>
<capacity>
<value>0</value>
</capacity>
</place>
<place id="P12">
<graphics>
<position x="690.0" y="210.0"/>
</graphics>
<name>
<value>P12</value>
<graphics>
<offset x="-5.0" y="35.0"/>
</graphics>
</name>
<msgPlace>false</msgPlace>
<resPlace>false</resPlace>
<initialMarking>
<value>0</value>
<graphics>
<offset x="0.0" y="0.0"/>
</graphics>
</initialMarking>
<capacity>
<value>0</value>
</capacity>
</place>
<place id="P13">
<graphics>
<position x="855.0" y="60.0"/>
</graphics>
<name>
<value>P13</value>
<graphics>
<offset x="-5.0" y="35.0"/>
</graphics>
</name>
<msgPlace>false</msgPlace>
<resPlace>false</resPlace>
<initialMarking>
<value>0</value>
<graphics>
<offset x="0.0" y="0.0"/>
</graphics>
</initialMarking>
<capacity>
<value>0</value>
</capacity>
</place>
<place id="P14">
<graphics>
<position x="855.0" y="210.0"/>
</graphics>
<name>
<value>P14</value>
<graphics>
<offset x="-5.0" y="35.0"/>
</graphics>
</name>
<msgPlace>false</msgPlace>
<resPlace>false</resPlace>
<initialMarking>
<value>0</value>
<graphics>
<offset x="0.0" y="0.0"/>
</graphics>
</initialMarking>
<capacity>
<value>0</value>
</capacity>
</place>
<place id="P15">
<graphics>
<position x="990.0" y="135.0"/>
</graphics>
<name>
<value>P15</value>
<graphics>
<offset x="-5.0" y="35.0"/>
</graphics>
</name>
<msgPlace>false</msgPlace>
<resPlace>false</resPlace>
<initialMarking>
<value>0</value>
<graphics>
<offset x="0.0" y="0.0"/>
</graphics>
</initialMarking>
<capacity>
<value>0</value>
</capacity>
</place>
<place id="P16">
<graphics>
<position x="1320.0" y="135.0"/>
</graphics>
<name>
<value>P16</value>
<graphics>
<offset x="-5.0" y="35.0"/>
</graphics>
</name>
<msgPlace>false</msgPlace>
<resPlace>false</resPlace>
<initialMarking>
<value>0</value>
<graphics>
<offset x="0.0" y="0.0"/>
</graphics>
</initialMarking>
<capacity>
<value>0</value>
</capacity>
</place>
<place id="P2">
<graphics>
<position x="225.0" y="135.0"/>
</graphics>
<name>
<value>P2</value>
<graphics>
<offset x="-5.0" y="35.0"/>
</graphics>
</name>
<msgPlace>false</msgPlace>
<resPlace>false</resPlace>
<initialMarking>
<value>0</value>
<graphics>
<offset x="0.0" y="0.0"/>
</graphics>
</initialMarking>
<capacity>
<value>0</value>
</capacity>
</place>
<place id="P26">
<graphics>
<position x="1395.0" y="60.0"/>
</graphics>
<name>
<value>RescueTheResults</value>
<graphics>
<offset x="59.0" y="-11.0"/>
</graphics>
</name>
<msgPlace>true</msgPlace>
<resPlace>false</resPlace>
<initialMarking>
<value>0</value>
<graphics>
<offset x="0.0" y="0.0"/>
</graphics>
</initialMarking>
<capacity>
<value>0</value>
</capacity>
</place>
<place id="P27">
<graphics>
<position x="1455.0" y="135.0"/>
</graphics>
<name>
<value>P27</value>
<graphics>
<offset x="-5.0" y="35.0"/>
</graphics>
</name>
<msgPlace>false</msgPlace>
<resPlace>false</resPlace>
<initialMarking>
<value>0</value>
<graphics>
<offset x="0.0" y="0.0"/>
</graphics>
</initialMarking>
<capacity>
<value>0</value>
</capacity>
</place>
<place id="P28">
<graphics>
<position x="1530.0" y="195.0"/>
</graphics>
<name>
<value>TrafficNormalNotice</value>
<graphics>
<offset x="59.0" y="53.0"/>
</graphics>
</name>
<msgPlace>true</msgPlace>
<resPlace>false</resPlace>
<initialMarking>
<value>0</value>
<graphics>
<offset x="0.0" y="0.0"/>
</graphics>
</initialMarking>
<capacity>
<value>0</value>
</capacity>
</place>
<place id="P29">
<graphics>
<position x="1590.0" y="135.0"/>
</graphics>
<name>
<value>P29</value>
<graphics>
<offset x="-5.0" y="35.0"/>
</graphics>
</name>
<msgPlace>false</msgPlace>
<resPlace>false</resPlace>
<initialMarking>
<value>0</value>
<graphics>
<offset x="0.0" y="0.0"/>
</graphics>
</initialMarking>
<capacity>
<value>0</value>
</capacity>
</place>
<place id="P3">
<graphics>
<position x="375.0" y="30.0"/>
</graphics>
<name>
<value>P3</value>
<graphics>
<offset x="-5.0" y="35.0"/>
</graphics>
</name>
<msgPlace>false</msgPlace>
<resPlace>false</resPlace>
<initialMarking>
<value>0</value>
<graphics>
<offset x="0.0" y="0.0"/>
</graphics>
</initialMarking>
<capacity>
<value>0</value>
</capacity>
</place>
<place id="P30">
<graphics>
<position x="105.0" y="495.0"/>
</graphics>
<name>
<value>P30</value>
<graphics>
<offset x="-5.0" y="35.0"/>
</graphics>
</name>
<msgPlace>false</msgPlace>
<resPlace>false</resPlace>
<initialMarking>
<value>1</value>
<graphics>
<offset x="0.0" y="0.0"/>
</graphics>
</initialMarking>
<capacity>
<value>0</value>
</capacity>
</place>
<place id="P31">
<graphics>
<position x="180.0" y="420.0"/>
</graphics>
<name>
<value>RequestDecisionNotification</value>
<graphics>
<offset x="128.0" y="-12.0"/>
</graphics>
</name>
<msgPlace>true</msgPlace>
<resPlace>false</resPlace>
<initialMarking>
<value>0</value>
<graphics>
<offset x="0.0" y="0.0"/>
</graphics>
</initialMarking>
<capacity>
<value>0</value>
</capacity>
</place>
<place id="P32">
<graphics>
<position x="255.0" y="495.0"/>
</graphics>
<name>
<value>P32</value>
<graphics>
<offset x="-5.0" y="35.0"/>
</graphics>
</name>
<msgPlace>false</msgPlace>
<resPlace>false</resPlace>
<initialMarking>
<value>0</value>
<graphics>
<offset x="0.0" y="0.0"/>
</graphics>
</initialMarking>
<capacity>
<value>0</value>
</capacity>
</place>
<place id="P33">
<graphics>
<position x="390.0" y="435.0"/>
</graphics>
<name>
<value>P33</value>
<graphics>
<offset x="-5.0" y="35.0"/>
</graphics>
</name>
<msgPlace>false</msgPlace>
<resPlace>false</resPlace>
<initialMarking>
<value>0</value>
<graphics>
<offset x="0.0" y="0.0"/>
</graphics>
</initialMarking>
<capacity>
<value>0</value>
</capacity>
</place>
<place id="P34">
<graphics>
<position x="465.0" y="360.0"/>
</graphics>
<name>
<value>AdvancedMaterials</value>
<graphics>
<offset x="64.0" y="-15.0"/>
</graphics>
</name>
<msgPlace>false</msgPlace>
<resPlace>true</resPlace>
<initialMarking>
<value>1</value>
<graphics>
<offset x="0.0" y="0.0"/>
</graphics>
</initialMarking>
<capacity>
<value>0</value>
</capacity>
</place>
<place id="P35">
<graphics>
<position x="540.0" y="435.0"/>
</graphics>
<name>
<value>P35</value>
<graphics>
<offset x="-5.0" y="35.0"/>
</graphics>
</name>
<msgPlace>false</msgPlace>
<resPlace>false</resPlace>
<initialMarking>
<value>0</value>
<graphics>
<offset x="0.0" y="0.0"/>
</graphics>
</initialMarking>
<capacity>
<value>0</value>
</capacity>
</place>
<place id="P36">
<graphics>
<position x="705.0" y="435.0"/>
</graphics>
<name>
<value>P36</value>
<graphics>
<offset x="-5.0" y="35.0"/>
</graphics>
</name>
<msgPlace>false</msgPlace>
<resPlace>false</resPlace>
<initialMarking>
<value>0</value>
<graphics>
<offset x="0.0" y="0.0"/>
</graphics>
</initialMarking>
<capacity>
<value>0</value>
</capacity>
</place>
<place id="P37">
<graphics>
<position x="570.0" y="570.0"/>
</graphics>
<name>
<value>P37</value>
<graphics>
<offset x="-5.0" y="35.0"/>
</graphics>
</name>
<msgPlace>false</msgPlace>
<resPlace>false</resPlace>
<initialMarking>
<value>0</value>
<graphics>
<offset x="0.0" y="0.0"/>
</graphics>
</initialMarking>
<capacity>
<value>0</value>
</capacity>
</place>
<place id="P38">
<graphics>
<position x="660.0" y="615.0"/>
</graphics>
<name>
<value>DecisionMaking</value>
<graphics>
<offset x="-5.0" y="35.0"/>
</graphics>
</name>
<msgPlace>true</msgPlace>
<resPlace>false</resPlace>
<initialMarking>
<value>0</value>
<graphics>
<offset x="0.0" y="0.0"/>
</graphics>
</initialMarking>
<capacity>
<value>0</value>
</capacity>
</place>
<place id="P39">
<graphics>
<position x="765.0" y="570.0"/>
</graphics>
<name>
<value>P39</value>
<graphics>
<offset x="-5.0" y="35.0"/>
</graphics>
</name>
<msgPlace>false</msgPlace>
<resPlace>false</resPlace>
<initialMarking>
<value>0</value>
<graphics>
<offset x="0.0" y="0.0"/>
</graphics>
</initialMarking>
<capacity>
<value>0</value>
</capacity>
</place>
<place id="P4">
<graphics>
<position x="375.0" y="135.0"/>
</graphics>
<name>
<value>P4</value>
<graphics>
<offset x="-5.0" y="35.0"/>
</graphics>
</name>
<msgPlace>false</msgPlace>
<resPlace>false</resPlace>
<initialMarking>
<value>0</value>
<graphics>
<offset x="0.0" y="0.0"/>
</graphics>
</initialMarking>
<capacity>
<value>0</value>
</capacity>
</place>
<place id="P40">
<graphics>
<position x="390.0" y="570.0"/>
</graphics>
<name>
<value>P40</value>
<graphics>
<offset x="-5.0" y="35.0"/>
</graphics>
</name>
<msgPlace>false</msgPlace>
<resPlace>false</resPlace>
<initialMarking>
<value>0</value>
<graphics>
<offset x="0.0" y="0.0"/>
</graphics>
</initialMarking>
<capacity>
<value>0</value>
</capacity>
</place>
<place id="P42">
<graphics>
<position x="120.0" y="840.0"/>
</graphics>
<name>
<value>P42</value>
<graphics>
<offset x="-5.0" y="35.0"/>
</graphics>
</name>
<msgPlace>false</msgPlace>
<resPlace>false</resPlace>
<initialMarking>
<value>1</value>
<graphics>
<offset x="0.0" y="0.0"/>
</graphics>
</initialMarking>
<capacity>
<value>0</value>
</capacity>
</place>
<place id="P44">
<graphics>
<position x="270.0" y="840.0"/>
</graphics>
<name>
<value>P44</value>
<graphics>
<offset x="-5.0" y="35.0"/>
</graphics>
</name>
<msgPlace>false</msgPlace>
<resPlace>false</resPlace>
<initialMarking>
<value>0</value>
<graphics>
<offset x="0.0" y="0.0"/>
</graphics>
</initialMarking>
<capacity>
<value>0</value>
</capacity>
</place>
<place id="P45">
<graphics>
<position x="330.0" y="630.0"/>
</graphics>
<name>
<value>GeneralEmergencyInformation</value>
<graphics>
<offset x="-5.0" y="35.0"/>
</graphics>
</name>
<msgPlace>true</msgPlace>
<resPlace>false</resPlace>
<initialMarking>
<value>0</value>
<graphics>
<offset x="0.0" y="0.0"/>
</graphics>
</initialMarking>
<capacity>
<value>0</value>
</capacity>
</place>
<place id="P46">
<graphics>
<position x="330.0" y="1005.0"/>
</graphics>
<name>
<value>CriticalEmergencyInformation</value>
<graphics>
<offset x="-5.0" y="35.0"/>
</graphics>
</name>
<msgPlace>true</msgPlace>
<resPlace>false</resPlace>
<initialMarking>
<value>0</value>
<graphics>
<offset x="0.0" y="0.0"/>
</graphics>
</initialMarking>
<capacity>
<value>0</value>
</capacity>
</place>
<place id="P47">
<graphics>
<position x="375.0" y="1020.0"/>
</graphics>
<name>
<value>P47</value>
<graphics>
<offset x="-5.0" y="35.0"/>
</graphics>
</name>
<msgPlace>false</msgPlace>
<resPlace>false</resPlace>
<initialMarking>
<value>0</value>
<graphics>
<offset x="0.0" y="0.0"/>
</graphics>
</initialMarking>
<capacity>
<value>0</value>
</capacity>
</place>
<place id="P48">
<graphics>
<position x="390.0" y="915.0"/>
</graphics>
<name>
<value>P48</value>
<graphics>
<offset x="-5.0" y="35.0"/>
</graphics>
</name>
<msgPlace>false</msgPlace>
<resPlace>false</resPlace>
<initialMarking>
<value>0</value>
<graphics>
<offset x="0.0" y="0.0"/>
</graphics>
</initialMarking>
<capacity>
<value>0</value>
</capacity>
</place>
<place id="P49">
<graphics>
<position x="390.0" y="810.0"/>
</graphics>
<name>
<value>P49</value>
<graphics>
<offset x="-5.0" y="35.0"/>
</graphics>
</name>
<msgPlace>false</msgPlace>
<resPlace>false</resPlace>
<initialMarking>
<value>0</value>
<graphics>
<offset x="0.0" y="0.0"/>
</graphics>
</initialMarking>
<capacity>
<value>0</value>
</capacity>
</place>
<place id="P5">
<graphics>
<position x="375.0" y="195.0"/>
</graphics>
<name>
<value>P5</value>
<graphics>
<offset x="-5.0" y="35.0"/>
</graphics>
</name>
<msgPlace>false</msgPlace>
<resPlace>false</resPlace>
<initialMarking>
<value>0</value>
<graphics>
<offset x="0.0" y="0.0"/>
</graphics>
</initialMarking>
<capacity>
<value>0</value>
</capacity>
</place>
<place id="P50">
<graphics>
<position x="645.0" y="810.0"/>
</graphics>
<name>
<value>P50</value>
<graphics>
<offset x="-5.0" y="35.0"/>
</graphics>
</name>
<msgPlace>false</msgPlace>
<resPlace>false</resPlace>
<initialMarking>
<value>0</value>
<graphics>
<offset x="0.0" y="0.0"/>
</graphics>
</initialMarking>
<capacity>
<value>0</value>
</capacity>
</place>
<place id="P51">
<graphics>
<position x="645.0" y="915.0"/>
</graphics>
<name>
<value>P51</value>
<graphics>
<offset x="-5.0" y="35.0"/>
</graphics>
</name>
<msgPlace>false</msgPlace>
<resPlace>false</resPlace>
<initialMarking>
<value>0</value>
<graphics>
<offset x="0.0" y="0.0"/>
</graphics>
</initialMarking>
<capacity>
<value>0</value>
</capacity>
</place>
<place id="P52">
<graphics>
<position x="645.0" y="1020.0"/>
</graphics>
<name>
<value>P52</value>
<graphics>
<offset x="-5.0" y="35.0"/>
</graphics>
</name>
<msgPlace>false</msgPlace>
<resPlace>false</resPlace>
<initialMarking>
<value>0</value>
<graphics>
<offset x="0.0" y="0.0"/>
</graphics>
</initialMarking>
<capacity>
<value>0</value>
</capacity>
</place>
<place id="P53">
<graphics>
<position x="780.0" y="915.0"/>
</graphics>
<name>
<value>P53</value>
<graphics>
<offset x="-5.0" y="35.0"/>
</graphics>
</name>
<msgPlace>false</msgPlace>
<resPlace>false</resPlace>
<initialMarking>
<value>0</value>
<graphics>
<offset x="0.0" y="0.0"/>
</graphics>
</initialMarking>
<capacity>
<value>0</value>
</capacity>
</place>
<place id="P54">
<graphics>
<position x="855.0" y="990.0"/>
</graphics>
<name>
<value>RescueTheResults</value>
<graphics>
<offset x="30.0" y="41.0"/>
</graphics>
</name>
<msgPlace>true</msgPlace>
<resPlace>false</resPlace>
<initialMarking>
<value>0</value>
<graphics>
<offset x="0.0" y="0.0"/>
</graphics>
</initialMarking>
<capacity>
<value>0</value>
</capacity>
</place>
<place id="P55">
<graphics>
<position x="930.0" y="915.0"/>
</graphics>
<name>
<value>P55</value>
<graphics>
<offset x="-5.0" y="35.0"/>
</graphics>
</name>
<msgPlace>false</msgPlace>
<resPlace>false</resPlace>
<initialMarking>
<value>0</value>
<graphics>
<offset x="0.0" y="0.0"/>
</graphics>
</initialMarking>
<capacity>
<value>0</value>
</capacity>
</place>
<place id="P56">
<graphics>
<position x="525.0" y="750.0"/>
</graphics>
<name>
<value>TrafficControlTool</value>
<graphics>
<offset x="-4.0" y="17.0"/>
</graphics>
</name>
<msgPlace>false</msgPlace>
<resPlace>true</resPlace>
<initialMarking>
<value>1</value>
<graphics>
<offset x="0.0" y="0.0"/>
</graphics>
</initialMarking>
<capacity>
<value>0</value>
</capacity>
</place>
<place id="P57">
<graphics>
<position x="510.0" y="855.0"/>
</graphics>
<name>
<value>TheAmbulance</value>
<graphics>
<offset x="-5.0" y="35.0"/>
</graphics>
</name>
<msgPlace>false</msgPlace>
<resPlace>true</resPlace>
<initialMarking>
<value>1</value>
<graphics>
<offset x="0.0" y="0.0"/>
</graphics>
</initialMarking>
<capacity>
<value>0</value>
</capacity>
</place>
<place id="P59">
<graphics>
<position x="120.0" y="1260.0"/>
</graphics>
<name>
<value>P59</value>
<graphics>
<offset x="-5.0" y="35.0"/>
</graphics>
</name>
<msgPlace>false</msgPlace>
<resPlace>false</resPlace>
<initialMarking>
<value>1</value>
<graphics>
<offset x="0.0" y="0.0"/>
</graphics>
</initialMarking>
<capacity>
<value>0</value>
</capacity>
</place>
<place id="P6">
<graphics>
<position x="375.0" y="255.0"/>
</graphics>
<name>
<value>P6</value>
<graphics>
<offset x="-5.0" y="35.0"/>
</graphics>
</name>
<msgPlace>false</msgPlace>
<resPlace>false</resPlace>
<initialMarking>
<value>0</value>
<graphics>
<offset x="0.0" y="0.0"/>
</graphics>
</initialMarking>
<capacity>
<value>0</value>
</capacity>
</place>
<place id="P60">
<graphics>
<position x="195.0" y="1185.0"/>
</graphics>
<name>
<value>TrafficEmergencyInformationNotification</value>
<graphics>
<offset x="218.0" y="-17.0"/>
</graphics>
</name>
<msgPlace>true</msgPlace>
<resPlace>false</resPlace>
<initialMarking>
<value>0</value>
<graphics>
<offset x="0.0" y="0.0"/>
</graphics>
</initialMarking>
<capacity>
<value>0</value>
</capacity>
</place>
<place id="P61">
<graphics>
<position x="270.0" y="1215.0"/>
</graphics>
<name>
<value>P61</value>
<graphics>
<offset x="-5.0" y="35.0"/>
</graphics>
</name>
<msgPlace>false</msgPlace>
<resPlace>false</resPlace>
<initialMarking>
<value>0</value>
<graphics>
<offset x="0.0" y="0.0"/>
</graphics>
</initialMarking>
<capacity>
<value>0</value>
</capacity>
</place>
<place id="P62">
<graphics>
<position x="270.0" y="1320.0"/>
</graphics>
<name>
<value>P62</value>
<graphics>
<offset x="-5.0" y="35.0"/>
</graphics>
</name>
<msgPlace>false</msgPlace>
<resPlace>false</resPlace>
<initialMarking>
<value>0</value>
<graphics>
<offset x="0.0" y="0.0"/>
</graphics>
</initialMarking>
<capacity>
<value>0</value>
</capacity>
</place>
<place id="P63">
<graphics>
<position x="465.0" y="1215.0"/>
</graphics>
<name>
<value>P63</value>
<graphics>
<offset x="-5.0" y="35.0"/>
</graphics>
</name>
<msgPlace>false</msgPlace>
<resPlace>false</resPlace>
<initialMarking>
<value>0</value>
<graphics>
<offset x="0.0" y="0.0"/>
</graphics>
</initialMarking>
<capacity>
<value>0</value>
</capacity>
</place>
<place id="P64">
<graphics>
<position x="465.0" y="1320.0"/>
</graphics>
<name>
<value>P64</value>
<graphics>
<offset x="-5.0" y="35.0"/>
</graphics>
</name>
<msgPlace>false</msgPlace>
<resPlace>false</resPlace>
<initialMarking>
<value>0</value>
<graphics>
<offset x="0.0" y="0.0"/>
</graphics>
</initialMarking>
<capacity>
<value>0</value>
</capacity>
</place>
<place id="P65">
<graphics>
<position x="615.0" y="1260.0"/>
</graphics>
<name>
<value>P65</value>
<graphics>
<offset x="-5.0" y="35.0"/>
</graphics>
</name>
<msgPlace>false</msgPlace>
<resPlace>false</resPlace>
<initialMarking>
<value>0</value>
<graphics>
<offset x="0.0" y="0.0"/>
</graphics>
</initialMarking>
<capacity>
<value>0</value>
</capacity>
</place>
<place id="P66">
<graphics>
<position x="690.0" y="1185.0"/>
</graphics>
<name>
<value>TrafficNormalNotice</value>
<graphics>
<offset x="70.0" y="-15.0"/>
</graphics>
</name>
<msgPlace>true</msgPlace>
<resPlace>false</resPlace>
<initialMarking>
<value>0</value>
<graphics>
<offset x="0.0" y="0.0"/>
</graphics>
</initialMarking>
<capacity>
<value>0</value>
</capacity>
</place>
<place id="P67">
<graphics>
<position x="930.0" y="1260.0"/>
</graphics>
<name>
<value>P67</value>
<graphics>
<offset x="-5.0" y="35.0"/>
</graphics>
</name>
<msgPlace>false</msgPlace>
<resPlace>false</resPlace>
<initialMarking>
<value>0</value>
<graphics>
<offset x="0.0" y="0.0"/>
</graphics>
</initialMarking>
<capacity>
<value>0</value>
</capacity>
</place>
<place id="P68">
<graphics>
<position x="1095.0" y="75.0"/>
</graphics>
<name>
<value>P68</value>
<graphics>
<offset x="-5.0" y="35.0"/>
</graphics>
</name>
<msgPlace>false</msgPlace>
<resPlace>false</resPlace>
<initialMarking>
<value>0</value>
<graphics>
<offset x="0.0" y="0.0"/>
</graphics>
</initialMarking>
<capacity>
<value>0</value>
</capacity>
</place>
<place id="P69">
<graphics>
<position x="1095.0" y="195.0"/>
</graphics>
<name>
<value>P69</value>
<graphics>
<offset x="-5.0" y="35.0"/>
</graphics>
</name>
<msgPlace>false</msgPlace>
<resPlace>false</resPlace>
<initialMarking>
<value>0</value>
<graphics>
<offset x="0.0" y="0.0"/>
</graphics>
</initialMarking>
<capacity>
<value>0</value>
</capacity>
</place>
<place id="P70">
<graphics>
<position x="1215.0" y="195.0"/>
</graphics>
<name>
<value>P70</value>
<graphics>
<offset x="-5.0" y="35.0"/>
</graphics>
</name>
<msgPlace>false</msgPlace>
<resPlace>false</resPlace>
<initialMarking>
<value>0</value>
<graphics>
<offset x="0.0" y="0.0"/>
</graphics>
</initialMarking>
<capacity>
<value>0</value>
</capacity>
</place>
<place id="P71">
<graphics>
<position x="480.0" y="75.0"/>
</graphics>
<name>
<value>CriticalEmergencyInformation</value>
<graphics>
<offset x="51.0" y="42.0"/>
</graphics>
</name>
<msgPlace>true</msgPlace>
<resPlace>false</resPlace>
<initialMarking>
<value>0</value>
<graphics>
<offset x="0.0" y="0.0"/>
</graphics>
</initialMarking>
<capacity>
<value>0</value>
</capacity>
</place>
<place id="P72">
<graphics>
<position x="930.0" y="210.0"/>
</graphics>
<name>
<value>RequestDecisionNotification</value>
<graphics>
<offset x="87.0" y="55.0"/>
</graphics>
</name>
<msgPlace>true</msgPlace>
<resPlace>false</resPlace>
<initialMarking>
<value>0</value>
<graphics>
<offset x="0.0" y="0.0"/>
</graphics>
</initialMarking>
<capacity>
<value>0</value>
</capacity>
</place>
<place id="P73">
<graphics>
<position x="1155.0" y="0.0"/>
</graphics>
<name>
<value>TrafficEmergencyInformationNotification</value>
<graphics>
<offset x="-2.0" y="21.0"/>
</graphics>
</name>
<msgPlace>true</msgPlace>
<resPlace>false</resPlace>
<initialMarking>
<value>0</value>
<graphics>
<offset x="0.0" y="0.0"/>
</graphics>
</initialMarking>
<capacity>
<value>0</value>
</capacity>
</place>
<place id="P74">
<graphics>
<position x="630.0" y="0.0"/>
</graphics>
<name>
<value>GeneralEmergencyInformation</value>
<graphics>
<offset x="215.0" y="22.0"/>
</graphics>
</name>
<msgPlace>true</msgPlace>
<resPlace>false</resPlace>
<initialMarking>
<value>0</value>
<graphics>
<offset x="0.0" y="0.0"/>
</graphics>
</initialMarking>
<capacity>
<value>0</value>
</capacity>
</place>
<place id="P75">
<graphics>
<position x="1215.0" y="75.0"/>
</graphics>
<name>
<value>P75</value>
<graphics>
<offset x="-5.0" y="35.0"/>
</graphics>
</name>
<msgPlace>false</msgPlace>
<resPlace>false</resPlace>
<initialMarking>
<value>0</value>
<graphics>
<offset x="0.0" y="0.0"/>
</graphics>
</initialMarking>
<capacity>
<value>0</value>
</capacity>
</place>
<place id="P76">
<graphics>
<position x="1155.0" y="270.0"/>
</graphics>
<name>
<value>RescueNotice</value>
<graphics>
<offset x="-5.0" y="35.0"/>
</graphics>
</name>
<msgPlace>true</msgPlace>
<resPlace>false</resPlace>
<initialMarking>
<value>0</value>
<graphics>
<offset x="0.0" y="0.0"/>
</graphics>
</initialMarking>
<capacity>
<value>0</value>
</capacity>
</place>
<place id="P77">
<graphics>
<position x="1050.0" y="45.0"/>
</graphics>
<name>
<value>DecisionMaking</value>
<graphics>
<offset x="-5.0" y="35.0"/>
</graphics>
</name>
<msgPlace>true</msgPlace>
<resPlace>false</resPlace>
<initialMarking>
<value>0</value>
<graphics>
<offset x="0.0" y="0.0"/>
</graphics>
</initialMarking>
<capacity>
<value>0</value>
</capacity>
</place>
<place id="P78">
<graphics>
<position x="765.0" y="1260.0"/>
</graphics>
<name>
<value>P78</value>
<graphics>
<offset x="-5.0" y="35.0"/>
</graphics>
</name>
<msgPlace>false</msgPlace>
<resPlace>false</resPlace>
<initialMarking>
<value>0</value>
<graphics>
<offset x="0.0" y="0.0"/>
</graphics>
</initialMarking>
<capacity>
<value>0</value>
</capacity>
</place>
<place id="P79">
<graphics>
<position x="510.0" y="960.0"/>
</graphics>
<name>
<value>ThePoliceCar</value>
<graphics>
<offset x="-5.0" y="35.0"/>
</graphics>
</name>
<msgPlace>false</msgPlace>
<resPlace>true</resPlace>
<initialMarking>
<value>1</value>
<graphics>
<offset x="0.0" y="0.0"/>
</graphics>
</initialMarking>
<capacity>
<value>0</value>
</capacity>
</place>
<place id="P8">
<graphics>
<position x="525.0" y="135.0"/>
</graphics>
<name>
<value>P8</value>
<graphics>
<offset x="-5.0" y="35.0"/>
</graphics>
</name>
<msgPlace>false</msgPlace>
<resPlace>false</resPlace>
<initialMarking>
<value>0</value>
<graphics>
<offset x="0.0" y="0.0"/>
</graphics>
</initialMarking>
<capacity>
<value>0</value>
</capacity>
</place>
<place id="P80">
<graphics>
<position x="480.0" y="30.0"/>
</graphics>
<name>
<value>P80</value>
<graphics>
<offset x="-5.0" y="35.0"/>
</graphics>
</name>
<msgPlace>false</msgPlace>
<resPlace>false</resPlace>
<initialMarking>
<value>0</value>
<graphics>
<offset x="0.0" y="0.0"/>
</graphics>
</initialMarking>
<capacity>
<value>0</value>
</capacity>
</place>
<place id="P81">
<graphics>
<position x="615.0" y="60.0"/>
</graphics>
<name>
<value>P81</value>
<graphics>
<offset x="-5.0" y="35.0"/>
</graphics>
</name>
<msgPlace>false</msgPlace>
<resPlace>false</resPlace>
<initialMarking>
<value>0</value>
<graphics>
<offset x="0.0" y="0.0"/>
</graphics>
</initialMarking>
<capacity>
<value>0</value>
</capacity>
</place>
<place id="P82">
<graphics>
<position x="435.0" y="690.0"/>
</graphics>
<name>
<value>P82</value>
<graphics>
<offset x="-5.0" y="35.0"/>
</graphics>
</name>
<msgPlace>false</msgPlace>
<resPlace>false</resPlace>
<initialMarking>
<value>0</value>
<graphics>
<offset x="0.0" y="0.0"/>
</graphics>
</initialMarking>
<capacity>
<value>0</value>
</capacity>
</place>
<place id="P83">
<graphics>
<position x="180.0" y="780.0"/>
</graphics>
<name>
<value>RescueNotice</value>
<graphics>
<offset x="-5.0" y="35.0"/>
</graphics>
</name>
<msgPlace>true</msgPlace>
<resPlace>false</resPlace>
<initialMarking>
<value>0</value>
<graphics>
<offset x="0.0" y="0.0"/>
</graphics>
</initialMarking>
<capacity>
<value>0</value>
</capacity>
</place>
<place id="P9">
<graphics>
<position x="525.0" y="195.0"/>
</graphics>
<name>
<value>P9</value>
<graphics>
<offset x="-5.0" y="35.0"/>
</graphics>
</name>
<msgPlace>false</msgPlace>
<resPlace>false</resPlace>
<initialMarking>
<value>0</value>
<graphics>
<offset x="0.0" y="0.0"/>
</graphics>
</initialMarking>
<capacity>
<value>0</value>
</capacity>
</place>
<transition id="T0">
<graphics>
<position x="165.0" y="135.0"/>
</graphics>
<name>
<value>T0</value>
<graphics>
<offset x="-5.0" y="35.0"/>
</graphics>
</name>
<orientation>
<value>0</value>
</orientation>
<rate>
<value>1.0</value>
</rate>
<timed>
<value>false</value>
</timed>
<infiniteServer>
<value>false</value>
</infiniteServer>
<priority>
<value>1</value>
</priority>
</transition>
<transition id="T1">
<graphics>
<position x="300.0" y="135.0"/>
</graphics>
<name>
<value>T1</value>
<graphics>
<offset x="-5.0" y="35.0"/>
</graphics>
</name>
<orientation>
<value>0</value>
</orientation>
<rate>
<value>1.0</value>
</rate>
<timed>
<value>false</value>
</timed>
<infiniteServer>
<value>false</value>
</infiniteServer>
<priority>
<value>1</value>
</priority>
</transition>
<transition id="T13">
<graphics>
<position x="1155.0" y="75.0"/>
</graphics>
<name>
<value>T13</value>
<graphics>
<offset x="25.0" y="55.0"/>
</graphics>
</name>
<orientation>
<value>0</value>
</orientation>
<rate>
<value>1.0</value>
</rate>
<timed>
<value>false</value>
</timed>
<infiniteServer>
<value>false</value>
</infiniteServer>
<priority>
<value>1</value>
</priority>
</transition>
<transition id="T16">
<graphics>
<position x="1395.0" y="135.0"/>
</graphics>
<name>
<value>T16</value>
<graphics>
<offset x="-5.0" y="35.0"/>
</graphics>
</name>
<orientation>
<value>0</value>
</orientation>
<rate>
<value>1.0</value>
</rate>
<timed>
<value>false</value>
</timed>
<infiniteServer>
<value>false</value>
</infiniteServer>
<priority>
<value>1</value>
</priority>
</transition>
<transition id="T17">
<graphics>
<position x="1530.0" y="135.0"/>
</graphics>
<name>
<value>T17</value>
<graphics>
<offset x="-5.0" y="35.0"/>
</graphics>
</name>
<orientation>
<value>0</value>
</orientation>
<rate>
<value>1.0</value>
</rate>
<timed>
<value>false</value>
</timed>
<infiniteServer>
<value>false</value>
</infiniteServer>
<priority>
<value>1</value>
</priority>
</transition>
<transition id="T18">
<graphics>
<position x="180.0" y="495.0"/>
</graphics>
<name>
<value>T18</value>
<graphics>
<offset x="-5.0" y="35.0"/>
</graphics>
</name>
<orientation>
<value>0</value>
</orientation>
<rate>
<value>1.0</value>
</rate>
<timed>
<value>false</value>
</timed>
<infiniteServer>
<value>false</value>
</infiniteServer>
<priority>
<value>1</value>
</priority>
</transition>
<transition id="T19">
<graphics>
<position x="330.0" y="495.0"/>
</graphics>
<name>
<value>T19</value>
<graphics>
<offset x="-5.0" y="35.0"/>
</graphics>
</name>
<orientation>
<value>0</value>
</orientation>
<rate>
<value>1.0</value>
</rate>
<timed>
<value>false</value>
</timed>
<infiniteServer>
<value>false</value>
</infiniteServer>
<priority>
<value>1</value>
</priority>
</transition>
<transition id="T2">
<graphics>
<position x="420.0" y="30.0"/>
</graphics>
<name>
<value>T2</value>
<graphics>
<offset x="-5.0" y="35.0"/>
</graphics>
</name>
<orientation>
<value>0</value>
</orientation>
<rate>
<value>1.0</value>
</rate>
<timed>
<value>false</value>
</timed>
<infiniteServer>
<value>false</value>
</infiniteServer>
<priority>
<value>1</value>
</priority>
</transition>
<transition id="T20">
<graphics>
<position x="465.0" y="435.0"/>
</graphics>
<name>
<value>T20</value>
<graphics>
<offset x="-5.0" y="35.0"/>
</graphics>
</name>
<orientation>
<value>0</value>
</orientation>
<rate>
<value>1.0</value>
</rate>
<timed>
<value>false</value>
</timed>
<infiniteServer>
<value>false</value>
</infiniteServer>
<priority>
<value>1</value>
</priority>
</transition>
<transition id="T21">
<graphics>
<position x="615.0" y="435.0"/>
</graphics>
<name>
<value>T21</value>
<graphics>
<offset x="-5.0" y="35.0"/>
</graphics>
</name>
<orientation>
<value>0</value>
</orientation>
<rate>
<value>1.0</value>
</rate>
<timed>
<value>false</value>
</timed>
<infiniteServer>
<value>false</value>
</infiniteServer>
<priority>
<value>1</value>
</priority>
</transition>
<transition id="T22">
<graphics>
<position x="465.0" y="570.0"/>
</graphics>
<name>
<value>T22</value>
<graphics>
<offset x="-5.0" y="35.0"/>
</graphics>
</name>
<orientation>
<value>0</value>
</orientation>
<rate>
<value>1.0</value>
</rate>
<timed>
<value>false</value>
</timed>
<infiniteServer>
<value>false</value>
</infiniteServer>
<priority>
<value>1</value>
</priority>
</transition>
<transition id="T23">
<graphics>
<position x="660.0" y="570.0"/>
</graphics>
<name>
<value>T23</value>
<graphics>
<offset x="-5.0" y="35.0"/>
</graphics>
</name>
<orientation>
<value>0</value>
</orientation>
<rate>
<value>1.0</value>
</rate>
<timed>
<value>false</value>
</timed>
<infiniteServer>
<value>false</value>
</infiniteServer>
<priority>
<value>1</value>
</priority>
</transition>
<transition id="T25">
<graphics>
<position x="330.0" y="690.0"/>
</graphics>
<name>
<value>T25</value>
<graphics>
<offset x="-5.0" y="35.0"/>
</graphics>
</name>
<orientation>
<value>0</value>
</orientation>
<rate>
<value>1.0</value>
</rate>
<timed>
<value>false</value>
</timed>
<infiniteServer>
<value>false</value>
</infiniteServer>
<priority>
<value>1</value>
</priority>
</transition>
<transition id="T26">
<graphics>
<position x="330.0" y="915.0"/>
</graphics>
<name>
<value>T26</value>
<graphics>
<offset x="-5.0" y="35.0"/>
</graphics>
</name>
<orientation>
<value>0</value>
</orientation>
<rate>
<value>1.0</value>
</rate>
<timed>
<value>false</value>
</timed>
<infiniteServer>
<value>false</value>
</infiniteServer>
<priority>
<value>1</value>
</priority>
</transition>
<transition id="T27">
<graphics>
<position x="525.0" y="810.0"/>
</graphics>
<name>
<value>T27</value>
<graphics>
<offset x="-5.0" y="35.0"/>
</graphics>
</name>
<orientation>
<value>0</value>
</orientation>
<rate>
<value>1.0</value>
</rate>
<timed>
<value>false</value>
</timed>
<infiniteServer>
<value>false</value>
</infiniteServer>
<priority>
<value>1</value>
</priority>
</transition>
<transition id="T28">
<graphics>
<position x="510.0" y="915.0"/>
</graphics>
<name>
<value>T28</value>
<graphics>
<offset x="-5.0" y="35.0"/>
</graphics>
</name>
<orientation>
<value>0</value>
</orientation>
<rate>
<value>1.0</value>
</rate>
<timed>
<value>false</value>
</timed>
<infiniteServer>
<value>false</value>
</infiniteServer>
<priority>
<value>1</value>
</priority>
</transition>
<transition id="T29">
<graphics>
<position x="510.0" y="1020.0"/>
</graphics>
<name>
<value>T29</value>
<graphics>
<offset x="-5.0" y="35.0"/>
</graphics>
</name>
<orientation>
<value>0</value>
</orientation>
<rate>
<value>1.0</value>
</rate>
<timed>
<value>false</value>
</timed>
<infiniteServer>
<value>false</value>
</infiniteServer>
<priority>
<value>1</value>
</priority>
</transition>
<transition id="T3">
<graphics>
<position x="450.0" y="135.0"/>
</graphics>
<name>
<value>T3</value>
<graphics>
<offset x="-5.0" y="35.0"/>
</graphics>
</name>
<orientation>
<value>0</value>
</orientation>
<rate>
<value>1.0</value>
</rate>
<timed>
<value>false</value>
</timed>
<infiniteServer>
<value>false</value>
</infiniteServer>
<priority>
<value>1</value>
</priority>
</transition>
<transition id="T30">
<graphics>
<position x="705.0" y="915.0"/>
</graphics>
<name>
<value>T30</value>
<graphics>
<offset x="-5.0" y="35.0"/>
</graphics>
</name>
<orientation>
<value>0</value>
</orientation>
<rate>
<value>1.0</value>
</rate>
<timed>
<value>false</value>
</timed>
<infiniteServer>
<value>false</value>
</infiniteServer>
<priority>
<value>1</value>
</priority>
</transition>
<transition id="T31">
<graphics>
<position x="855.0" y="915.0"/>
</graphics>
<name>
<value>T31</value>
<graphics>
<offset x="-5.0" y="35.0"/>
</graphics>
</name>
<orientation>
<value>0</value>
</orientation>
<rate>
<value>1.0</value>
</rate>
<timed>
<value>false</value>
</timed>
<infiniteServer>
<value>false</value>
</infiniteServer>
<priority>
<value>1</value>
</priority>
</transition>
<transition id="T32">
<graphics>
<position x="195.0" y="1260.0"/>
</graphics>
<name>
<value>T32</value>
<graphics>
<offset x="-5.0" y="35.0"/>
</graphics>
</name>
<orientation>
<value>0</value>
</orientation>
<rate>
<value>1.0</value>
</rate>
<timed>
<value>false</value>
</timed>
<infiniteServer>
<value>false</value>
</infiniteServer>
<priority>
<value>1</value>
</priority>
</transition>
<transition id="T33">
<graphics>
<position x="360.0" y="1215.0"/>
</graphics>
<name>
<value>T33</value>
<graphics>
<offset x="-5.0" y="35.0"/>
</graphics>
</name>
<orientation>
<value>0</value>
</orientation>
<rate>
<value>1.0</value>
</rate>
<timed>
<value>false</value>
</timed>
<infiniteServer>
<value>false</value>
</infiniteServer>
<priority>
<value>1</value>
</priority>
</transition>
<transition id="T34">
<graphics>
<position x="360.0" y="1320.0"/>
</graphics>
<name>
<value>T34</value>
<graphics>
<offset x="-5.0" y="35.0"/>
</graphics>
</name>
<orientation>
<value>0</value>
</orientation>
<rate>
<value>1.0</value>
</rate>
<timed>
<value>false</value>
</timed>
<infiniteServer>
<value>false</value>
</infiniteServer>
<priority>
<value>1</value>
</priority>
</transition>
<transition id="T35">
<graphics>
<position x="540.0" y="1260.0"/>
</graphics>
<name>
<value>T35</value>
<graphics>
<offset x="-5.0" y="35.0"/>
</graphics>
</name>
<orientation>
<value>0</value>
</orientation>
<rate>
<value>1.0</value>
</rate>
<timed>
<value>false</value>
</timed>
<infiniteServer>
<value>false</value>
</infiniteServer>
<priority>
<value>1</value>
</priority>
</transition>
<transition id="T36">
<graphics>
<position x="690.0" y="1260.0"/>
</graphics>
<name>
<value>T36</value>
<graphics>
<offset x="-5.0" y="35.0"/>
</graphics>
</name>
<orientation>
<value>0</value>
</orientation>
<rate>
<value>1.0</value>
</rate>
<timed>
<value>false</value>
</timed>
<infiniteServer>
<value>false</value>
</infiniteServer>
<priority>
<value>1</value>
</priority>
</transition>
<transition id="T37">
<graphics>
<position x="555.0" y="0.0"/>
</graphics>
<name>
<value>T37</value>
<graphics>
<offset x="-5.0" y="35.0"/>
</graphics>
</name>
<orientation>
<value>0</value>
</orientation>
<rate>
<value>1.0</value>
</rate>
<timed>
<value>false</value>
</timed>
<infiniteServer>
<value>false</value>
</infiniteServer>
<priority>
<value>1</value>
</priority>
</transition>
<transition id="T38">
<graphics>
<position x="555.0" y="60.0"/>
</graphics>
<name>
<value>T38</value>
<graphics>
<offset x="-5.0" y="35.0"/>
</graphics>
</name>
<orientation>
<value>0</value>
</orientation>
<rate>
<value>1.0</value>
</rate>
<timed>
<value>false</value>
</timed>
<infiniteServer>
<value>false</value>
</infiniteServer>
<priority>
<value>1</value>
</priority>
</transition>
<transition id="T39">
<graphics>
<position x="525.0" y="690.0"/>
</graphics>
<name>
<value>T39</value>
<graphics>
<offset x="-4.0" y="35.0"/>
</graphics>
</name>
<orientation>
<value>0</value>
</orientation>
<rate>
<value>1.0</value>
</rate>
<timed>
<value>false</value>
</timed>
<infiniteServer>
<value>false</value>
</infiniteServer>
<priority>
<value>1</value>
</priority>
</transition>
<transition id="T4">
<graphics>
<position x="450.0" y="195.0"/>
</graphics>
<name>
<value>T4</value>
<graphics>
<offset x="-5.0" y="35.0"/>
</graphics>
</name>
<orientation>
<value>0</value>
</orientation>
<rate>
<value>1.0</value>
</rate>
<timed>
<value>false</value>
</timed>
<infiniteServer>
<value>false</value>
</infiniteServer>
<priority>
<value>1</value>
</priority>
</transition>
<transition id="T40">
<graphics>
<position x="1155.0" y="195.0"/>
</graphics>
<name>
<value>T40</value>
<graphics>
<offset x="-5.0" y="35.0"/>
</graphics>
</name>
<orientation>
<value>0</value>
</orientation>
<rate>
<value>1.0</value>
</rate>
<timed>
<value>false</value>
</timed>
<infiniteServer>
<value>false</value>
</infiniteServer>
<priority>
<value>1</value>
</priority>
</transition>
<transition id="T41">
<graphics>
<position x="1050.0" y="135.0"/>
</graphics>
<name>
<value>T41</value>
<graphics>
<offset x="-5.0" y="35.0"/>
</graphics>
</name>
<orientation>
<value>0</value>
</orientation>
<rate>
<value>1.0</value>
</rate>
<timed>
<value>false</value>
</timed>
<infiniteServer>
<value>false</value>
</infiniteServer>
<priority>
<value>1</value>
</priority>
</transition>
<transition id="T42">
<graphics>
<position x="1260.0" y="135.0"/>
</graphics>
<name>
<value>T42</value>
<graphics>
<offset x="-5.0" y="35.0"/>
</graphics>
</name>
<orientation>
<value>0</value>
</orientation>
<rate>
<value>1.0</value>
</rate>
<timed>
<value>false</value>
</timed>
<infiniteServer>
<value>false</value>
</infiniteServer>
<priority>
<value>1</value>
</priority>
</transition>
<transition id="T43">
<graphics>
<position x="840.0" y="1260.0"/>
</graphics>
<name>
<value>T43</value>
<graphics>
<offset x="3.0" y="34.0"/>
</graphics>
</name>
<orientation>
<value>0</value>
</orientation>
<rate>
<value>1.0</value>
</rate>
<timed>
<value>false</value>
</timed>
<infiniteServer>
<value>false</value>
</infiniteServer>
<priority>
<value>1</value>
</priority>
</transition>
<transition id="T44">
<graphics>
<position x="180.0" y="840.0"/>
</graphics>
<name>
<value>T44</value>
<graphics>
<offset x="-5.0" y="35.0"/>
</graphics>
</name>
<orientation>
<value>0</value>
</orientation>
<rate>
<value>1.0</value>
</rate>
<timed>
<value>false</value>
</timed>
<infiniteServer>
<value>false</value>
</infiniteServer>
<priority>
<value>1</value>
</priority>
</transition>
<transition id="T5">
<graphics>
<position x="450.0" y="255.0"/>
</graphics>
<name>
<value>T5</value>
<graphics>
<offset x="-5.0" y="35.0"/>
</graphics>
</name>
<orientation>
<value>0</value>
</orientation>
<rate>
<value>1.0</value>
</rate>
<timed>
<value>false</value>
</timed>
<infiniteServer>
<value>false</value>
</infiniteServer>
<priority>
<value>1</value>
</priority>
</transition>
<transition id="T6">
<graphics>
<position x="615.0" y="135.0"/>
</graphics>
<name>
<value>T6</value>
<graphics>
<offset x="-5.0" y="35.0"/>
</graphics>
</name>
<orientation>
<value>0</value>
</orientation>
<rate>
<value>1.0</value>
</rate>
<timed>
<value>false</value>
</timed>
<infiniteServer>
<value>false</value>
</infiniteServer>
<priority>
<value>1</value>
</priority>
</transition>
<transition id="T7">
<graphics>
<position x="765.0" y="60.0"/>
</graphics>
<name>
<value>T7</value>
<graphics>
<offset x="-5.0" y="35.0"/>
</graphics>
</name>
<orientation>
<value>0</value>
</orientation>
<rate>
<value>1.0</value>
</rate>
<timed>
<value>false</value>
</timed>
<infiniteServer>
<value>false</value>
</infiniteServer>
<priority>
<value>1</value>
</priority>
</transition>
<transition id="T8">
<graphics>
<position x="765.0" y="210.0"/>
</graphics>
<name>
<value>T8</value>
<graphics>
<offset x="-5.0" y="35.0"/>
</graphics>
</name>
<orientation>
<value>0</value>
</orientation>
<rate>
<value>1.0</value>
</rate>
<timed>
<value>false</value>
</timed>
<infiniteServer>
<value>false</value>
</infiniteServer>
<priority>
<value>1</value>
</priority>
</transition>
<transition id="T9">
<graphics>
<position x="930.0" y="135.0"/>
</graphics>
<name>
<value>T9</value>
<graphics>
<offset x="-5.0" y="35.0"/>
</graphics>
</name>
<orientation>
<value>0</value>
</orientation>
<rate>
<value>1.0</value>
</rate>
<timed>
<value>false</value>
</timed>
<infiniteServer>
<value>false</value>
</infiniteServer>
<priority>
<value>1</value>
</priority>
</transition>
<arc id="P0 to T0" source="P0" target="T0">
<graphics/>
<inscription>
<value>1</value>
<graphics/>
</inscription>
<tagged>
<value>false</value>
</tagged>
<arcpath id="000" x="116" y="147" curvePoint="false"/>
<arcpath id="001" x="171" y="147" curvePoint="false"/>
<type value="normal"/>
</arc>
<arc id="P10 to T6" source="P10" target="T6">
<graphics/>
<inscription>
<value>1</value>
<graphics/>
</inscription>
<tagged>
<value>false</value>
</tagged>
<arcpath id="000" x="545" y="254" curvePoint="false"/>
<arcpath id="001" x="621" y="155" curvePoint="false"/>
<type value="normal"/>
</arc>
<arc id="P11 to T7" source="P11" target="T7">
<graphics/>
<inscription>
<value>1</value>
<graphics/>
</inscription>
<tagged>
<value>false</value>
</tagged>
<arcpath id="000" x="716" y="72" curvePoint="false"/>
<arcpath id="001" x="771" y="72" curvePoint="false"/>
<type value="normal"/>
</arc>
<arc id="P12 to T8" source="P12" target="T8">
<graphics/>
<inscription>
<value>1</value>
<graphics/>
</inscription>
<tagged>
<value>false</value>
</tagged>
<arcpath id="000" x="716" y="222" curvePoint="false"/>
<arcpath id="001" x="771" y="222" curvePoint="false"/>
<type value="normal"/>
</arc>
<arc id="P13 to T9" source="P13" target="T9">
<graphics/>
<inscription>
<value>1</value>
<graphics/>
</inscription>
<tagged>
<value>false</value>
</tagged>
<arcpath id="000" x="877" y="83" curvePoint="false"/>
<arcpath id="001" x="937" y="142" curvePoint="false"/>
<type value="normal"/>
</arc>
<arc id="P14 to T9" source="P14" target="T9">
<graphics/>
<inscription>
<value>1</value>
<graphics/>
</inscription>
<tagged>
<value>false</value>
</tagged>
<arcpath id="000" x="877" y="211" curvePoint="false"/>
<arcpath id="001" x="936" y="152" curvePoint="false"/>
<type value="normal"/>
</arc>
<arc id="P15 to T41" source="P15" target="T41">
<graphics/>
<inscription>
<value>1</value>
<graphics/>
</inscription>
<tagged>
<value>false</value>
</tagged>
<arcpath id="000" x="1016" y="147" curvePoint="false"/>
<arcpath id="001" x="1056" y="147" curvePoint="false"/>
<type value="normal"/>
</arc>
<arc id="P16 to T16" source="P16" target="T16">
<graphics/>
<inscription>
<value>1</value>
<graphics/>
</inscription>
<tagged>
<value>false</value>
</tagged>
<arcpath id="000" x="1346" y="147" curvePoint="false"/>
<arcpath id="001" x="1401" y="147" curvePoint="false"/>
<type value="normal"/>
</arc>
<arc id="P1 to T0" source="P1" target="T0">
<graphics/>
<inscription>
<value>1</value>
<graphics/>
</inscription>
<tagged>
<value>false</value>
</tagged>
<arcpath id="000" x="177" y="86" curvePoint="false"/>
<arcpath id="001" x="177" y="132" curvePoint="false"/>
<type value="normal"/>
</arc>
<arc id="P26 to T16" source="P26" target="T16">
<graphics/>
<inscription>
<value>1</value>
<graphics/>
</inscription>
<tagged>
<value>false</value>
</tagged>
<arcpath id="000" x="1407" y="86" curvePoint="false"/>
<arcpath id="001" x="1407" y="132" curvePoint="false"/>
<type value="normal"/>
</arc>
<arc id="P27 to T17" source="P27" target="T17">
<graphics/>
<inscription>
<value>1</value>
<graphics/>
</inscription>
<tagged>
<value>false</value>
</tagged>
<arcpath id="000" x="1481" y="147" curvePoint="false"/>
<arcpath id="001" x="1536" y="147" curvePoint="false"/>
<type value="normal"/>
</arc>
<arc id="P2 to T1" source="P2" target="T1">
<graphics/>
<inscription>
<value>1</value>
<graphics/>
</inscription>
<tagged>
<value>false</value>
</tagged>
<arcpath id="000" x="251" y="147" curvePoint="false"/>
<arcpath id="001" x="306" y="147" curvePoint="false"/>
<type value="normal"/>
</arc>
<arc id="P30 to T18" source="P30" target="T18">
<graphics/>
<inscription>
<value>1</value>
<graphics/>
</inscription>
<tagged>
<value>false</value>
</tagged>
<arcpath id="000" x="131" y="507" curvePoint="false"/>
<arcpath id="001" x="186" y="507" curvePoint="false"/>
<type value="normal"/>
</arc>
<arc id="P31 to T18" source="P31" target="T18">
<graphics/>
<inscription>
<value>1</value>
<graphics/>
</inscription>
<tagged>
<value>false</value>
</tagged>
<arcpath id="000" x="192" y="446" curvePoint="false"/>
<arcpath id="001" x="192" y="492" curvePoint="false"/>
<type value="normal"/>
</arc>
<arc id="P32 to T19" source="P32" target="T19">
<graphics/>
<inscription>
<value>1</value>
<graphics/>
</inscription>
<tagged>
<value>false</value>
</tagged>
<arcpath id="000" x="281" y="507" curvePoint="false"/>
<arcpath id="001" x="336" y="507" curvePoint="false"/>
<type value="normal"/>
</arc>
<arc id="P33 to T20" source="P33" target="T20">
<graphics/>
<inscription>
<value>1</value>
<graphics/>
</inscription>
<tagged>
<value>false</value>
</tagged>
<arcpath id="000" x="416" y="447" curvePoint="false"/>
<arcpath id="001" x="471" y="447" curvePoint="false"/>
<type value="normal"/>
</arc>
<arc id="P34 to T20" source="P34" target="T20">
<graphics/>
<inscription>
<value>1</value>
<graphics/>
</inscription>
<tagged>
<value>false</value>
</tagged>
<arcpath id="000" x="477" y="386" curvePoint="false"/>
<arcpath id="001" x="477" y="432" curvePoint="false"/>
<type value="normal"/>
</arc>
<arc id="P35 to T21" source="P35" target="T21">
<graphics/>
<inscription>
<value>1</value>
<graphics/>
</inscription>
<tagged>
<value>false</value>
</tagged>
<arcpath id="000" x="566" y="447" curvePoint="false"/>
<arcpath id="001" x="621" y="447" curvePoint="false"/>
<type value="normal"/>
</arc>
<arc id="P36 to T22" source="P36" target="T22">
<graphics/>
<inscription>
<value>1</value>
<graphics/>
</inscription>
<tagged>
<value>false</value>
</tagged>
<arcpath id="000" x="703" y="454" curvePoint="false"/>
<arcpath id="001" x="482" y="577" curvePoint="false"/>
<type value="normal"/>
</arc>
<arc id="P37 to T23" source="P37" target="T23">
<graphics/>
<inscription>
<value>1</value>
<graphics/>
</inscription>
<tagged>
<value>false</value>
</tagged>
<arcpath id="000" x="596" y="582" curvePoint="false"/>
<arcpath id="001" x="666" y="582" curvePoint="false"/>
<type value="normal"/>
</arc>
<arc id="P3 to T2" source="P3" target="T2">
<graphics/>
<inscription>
<value>1</value>
<graphics/>
</inscription>
<tagged>
<value>false</value>
</tagged>
<arcpath id="000" x="401" y="42" curvePoint="false"/>
<arcpath id="001" x="426" y="42" curvePoint="false"/>
<type value="normal"/>
</arc>
<arc id="P40 to T22" source="P40" target="T22">
<graphics/>
<inscription>
<value>1</value>
<graphics/>
</inscription>
<tagged>
<value>false</value>
</tagged>
<arcpath id="000" x="416" y="582" curvePoint="false"/>
<arcpath id="001" x="471" y="582" curvePoint="false"/>
<type value="normal"/>
</arc>
<arc id="P42 to T44" source="P42" target="T44">
<graphics/>
<inscription>
<value>1</value>
<graphics/>
</inscription>
<tagged>
<value>false</value>
</tagged>
<arcpath id="000" x="146" y="852" curvePoint="false"/>
<arcpath id="001" x="186" y="852" curvePoint="false"/>
<type value="normal"/>
</arc>
<arc id="P44 to T25" source="P44" target="T25">
<graphics/>
<inscription>
<value>1</value>
<graphics/>
</inscription>
<tagged>
<value>false</value>
</tagged>
<arcpath id="000" x="288" y="838" curvePoint="false"/>
<arcpath id="001" x="342" y="717" curvePoint="false"/>
<type value="normal"/>
</arc>
<arc id="P44 to T26" source="P44" target="T26">
<graphics/>
<inscription>
<value>1</value>
<graphics/>
</inscription>
<tagged>
<value>false</value>
</tagged>
<arcpath id="000" x="290" y="864" curvePoint="false"/>
<arcpath id="001" x="336" y="927" curvePoint="false"/>
<type value="normal"/>
</arc>
<arc id="P45 to T25" source="P45" target="T25">
<graphics/>
<inscription>
<value>1</value>
<graphics/>
</inscription>
<tagged>
<value>false</value>
</tagged>
<arcpath id="000" x="342" y="656" curvePoint="false"/>
<arcpath id="001" x="342" y="687" curvePoint="false"/>
<type value="normal"/>
</arc>
<arc id="P46 to T26" source="P46" target="T26">
<graphics/>
<inscription>
<value>1</value>
<graphics/>
</inscription>
<tagged>
<value>false</value>
</tagged>
<arcpath id="000" x="342" y="1002" curvePoint="false"/>
<arcpath id="001" x="342" y="942" curvePoint="false"/>
<type value="normal"/>
</arc>
<arc id="P47 to T29" source="P47" target="T29">
<graphics/>
<inscription>
<value>1</value>
<graphics/>
</inscription>
<tagged>
<value>false</value>
</tagged>
<arcpath id="000" x="401" y="1032" curvePoint="false"/>
<arcpath id="001" x="516" y="1032" curvePoint="false"/>
<type value="normal"/>
</arc>
<arc id="P48 to T28" source="P48" target="T28">
<graphics/>
<inscription>
<value>1</value>
<graphics/>
</inscription>
<tagged>
<value>false</value>
</tagged>
<arcpath id="000" x="416" y="927" curvePoint="false"/>
<arcpath id="001" x="516" y="927" curvePoint="false"/>
<type value="normal"/>
</arc>
<arc id="P49 to T27" source="P49" target="T27">
<graphics/>
<inscription>
<value>1</value>
<graphics/>
</inscription>
<tagged>
<value>false</value>
</tagged>
<arcpath id="000" x="416" y="822" curvePoint="false"/>
<arcpath id="001" x="531" y="822" curvePoint="false"/>
<type value="normal"/>
</arc>
<arc id="P4 to T3" source="P4" target="T3">
<graphics/>
<inscription>
<value>1</value>
<graphics/>
</inscription>
<tagged>
<value>false</value>
</tagged>
<arcpath id="000" x="401" y="147" curvePoint="false"/>
<arcpath id="001" x="456" y="147" curvePoint="false"/>
<type value="normal"/>
</arc>
<arc id="P50 to T30" source="P50" target="T30">
<graphics/>
<inscription>
<value>1</value>
<graphics/>
</inscription>
<tagged>
<value>false</value>
</tagged>
<arcpath id="000" x="665" y="834" curvePoint="false"/>
<arcpath id="001" x="717" y="912" curvePoint="false"/>
<type value="normal"/>
</arc>
<arc id="P51 to T30" source="P51" target="T30">
<graphics/>
<inscription>
<value>1</value>
<graphics/>
</inscription>
<tagged>
<value>false</value>
</tagged>
<arcpath id="000" x="671" y="927" curvePoint="false"/>
<arcpath id="001" x="711" y="927" curvePoint="false"/>
<type value="normal"/>
</arc>
<arc id="P52 to T30" source="P52" target="T30">
<graphics/>
<inscription>
<value>1</value>
<graphics/>
</inscription>
<tagged>
<value>false</value>
</tagged>
<arcpath id="000" x="665" y="1019" curvePoint="false"/>
<arcpath id="001" x="717" y="942" curvePoint="false"/>
<type value="normal"/>
</arc>
<arc id="P53 to T31" source="P53" target="T31">
<graphics/>
<inscription>
<value>1</value>
<graphics/>
</inscription>
<tagged>
<value>false</value>
</tagged>
<arcpath id="000" x="806" y="927" curvePoint="false"/>
<arcpath id="001" x="861" y="927" curvePoint="false"/>
<type value="normal"/>
</arc>
<arc id="P56 to T27" source="P56" target="T27">
<graphics/>
<inscription>
<value>1</value>
<graphics/>
</inscription>
<tagged>
<value>false</value>
</tagged>
<arcpath id="000" x="537" y="776" curvePoint="false"/>
<arcpath id="001" x="537" y="807" curvePoint="false"/>
<type value="normal"/>
</arc>
<arc id="P56 to T39" source="P56" target="T39">
<graphics/>
<inscription>
<value>1</value>
<graphics/>
</inscription>
<tagged>
<value>false</value>
</tagged>
<arcpath id="000" x="537" y="747" curvePoint="false"/>
<arcpath id="001" x="537" y="717" curvePoint="false"/>
<type value="normal"/>
</arc>
<arc id="P57 to T28" source="P57" target="T28">
<graphics/>
<inscription>
<value>1</value>
<graphics/>
</inscription>
<tagged>
<value>false</value>
</tagged>
<arcpath id="000" x="522" y="881" curvePoint="false"/>
<arcpath id="001" x="522" y="912" curvePoint="false"/>
<type value="normal"/>
</arc>
<arc id="P59 to T32" source="P59" target="T32">
<graphics/>
<inscription>
<value>1</value>
<graphics/>
</inscription>
<tagged>
<value>false</value>
</tagged>
<arcpath id="000" x="146" y="1272" curvePoint="false"/>
<arcpath id="001" x="201" y="1272" curvePoint="false"/>
<type value="normal"/>
</arc>
<arc id="P5 to T4" source="P5" target="T4">
<graphics/>
<inscription>
<value>1</value>
<graphics/>
</inscription>
<tagged>
<value>false</value>
</tagged>
<arcpath id="000" x="401" y="207" curvePoint="false"/>
<arcpath id="001" x="456" y="207" curvePoint="false"/>
<type value="normal"/>
</arc>
<arc id="P60 to T32" source="P60" target="T32">
<graphics/>
<inscription>
<value>1</value>
<graphics/>
</inscription>
<tagged>
<value>false</value>
</tagged>
<arcpath id="000" x="207" y="1211" curvePoint="false"/>
<arcpath id="001" x="207" y="1257" curvePoint="false"/>
<type value="normal"/>
</arc>
<arc id="P61 to T33" source="P61" target="T33">
<graphics/>
<inscription>
<value>1</value>
<graphics/>
</inscription>
<tagged>
<value>false</value>
</tagged>
<arcpath id="000" x="296" y="1227" curvePoint="false"/>
<arcpath id="001" x="366" y="1227" curvePoint="false"/>
<type value="normal"/>
</arc>
<arc id="P62 to T34" source="P62" target="T34">
<graphics/>
<inscription>
<value>1</value>
<graphics/>
</inscription>
<tagged>
<value>false</value>
</tagged>
<arcpath id="000" x="296" y="1332" curvePoint="false"/>
<arcpath id="001" x="366" y="1332" curvePoint="false"/>
<type value="normal"/>
</arc>
<arc id="P63 to T35" source="P63" target="T35">
<graphics/>
<inscription>
<value>1</value>
<graphics/>
</inscription>
<tagged>
<value>false</value>
</tagged>
<arcpath id="000" x="489" y="1235" curvePoint="false"/>
<arcpath id="001" x="547" y="1267" curvePoint="false"/>
<type value="normal"/>
</arc>
<arc id="P64 to T35" source="P64" target="T35">
<graphics/>
<inscription>
<value>1</value>
<graphics/>
</inscription>
<tagged>
<value>false</value>
</tagged>
<arcpath id="000" x="488" y="1322" curvePoint="false"/>
<arcpath id="001" x="546" y="1277" curvePoint="false"/>
<type value="normal"/>
</arc>
<arc id="P65 to T36" source="P65" target="T36">
<graphics/>
<inscription>
<value>1</value>
<graphics/>
</inscription>
<tagged>
<value>false</value>
</tagged>
<arcpath id="000" x="641" y="1272" curvePoint="false"/>
<arcpath id="001" x="696" y="1272" curvePoint="false"/>
<type value="normal"/>
</arc>
<arc id="P66 to T36" source="P66" target="T36">
<graphics/>
<inscription>
<value>1</value>
<graphics/>
</inscription>
<tagged>
<value>false</value>
</tagged>
<arcpath id="000" x="702" y="1211" curvePoint="false"/>
<arcpath id="001" x="702" y="1257" curvePoint="false"/>
<type value="normal"/>
</arc>
<arc id="P68 to T13" source="P68" target="T13">
<graphics/>
<inscription>
<value>1</value>
<graphics/>
</inscription>
<tagged>
<value>false</value>
</tagged>
<arcpath id="000" x="1121" y="87" curvePoint="false"/>
<arcpath id="001" x="1161" y="87" curvePoint="false"/>
<type value="normal"/>
</arc>
<arc id="P69 to T40" source="P69" target="T40">
<graphics/>
<inscription>
<value>1</value>
<graphics/>
</inscription>
<tagged>
<value>false</value>
</tagged>
<arcpath id="000" x="1121" y="207" curvePoint="false"/>
<arcpath id="001" x="1161" y="207" curvePoint="false"/>
<type value="normal"/>
</arc>
<arc id="P6 to T5" source="P6" target="T5">
<graphics/>
<inscription>
<value>1</value>
<graphics/>
</inscription>
<tagged>
<value>false</value>
</tagged>
<arcpath id="000" x="401" y="267" curvePoint="false"/>
<arcpath id="001" x="456" y="267" curvePoint="false"/>
<type value="normal"/>
</arc>
<arc id="P70 to T42" source="P70" target="T42">
<graphics/>
<inscription>
<value>1</value>
<graphics/>
</inscription>
<tagged>
<value>false</value>
</tagged>
<arcpath id="000" x="1235" y="194" curvePoint="false"/>
<arcpath id="001" x="1266" y="152" curvePoint="false"/>
<type value="normal"/>
</arc>
<arc id="P75 to T42" source="P75" target="T42">
<graphics/>
<inscription>
<value>1</value>
<graphics/>
</inscription>
<tagged>
<value>false</value>
</tagged>
<arcpath id="000" x="1235" y="99" curvePoint="false"/>
<arcpath id="001" x="1267" y="142" curvePoint="false"/>
<type value="normal"/>
</arc>
<arc id="P77 to T41" source="P77" target="T41">
<graphics/>
<inscription>
<value>1</value>
<graphics/>
</inscription>
<tagged>
<value>false</value>
</tagged>
<arcpath id="000" x="1062" y="71" curvePoint="false"/>
<arcpath id="001" x="1062" y="132" curvePoint="false"/>
<type value="normal"/>
</arc>
<arc id="P78 to T43" source="P78" target="T43">
<graphics/>
<inscription>
<value>1</value>
<graphics/>
</inscription>
<tagged>
<value>false</value>
</tagged>
<arcpath id="000" x="791" y="1272" curvePoint="false"/>
<arcpath id="001" x="846" y="1272" curvePoint="false"/>
<type value="normal"/>
</arc>
<arc id="P79 to T29" source="P79" target="T29">
<graphics/>
<inscription>
<value>1</value>
<graphics/>
</inscription>
<tagged>
<value>false</value>
</tagged>
<arcpath id="000" x="522" y="986" curvePoint="false"/>
<arcpath id="001" x="522" y="1017" curvePoint="false"/>
<type value="normal"/>
</arc>
<arc id="P80 to T37" source="P80" target="T37">
<graphics/>
<inscription>
<value>1</value>
<graphics/>
</inscription>
<tagged>
<value>false</value>
</tagged>
<arcpath id="000" x="505" y="36" curvePoint="false"/>
<arcpath id="001" x="561" y="12" curvePoint="false"/>
<type value="normal"/>
</arc>
<arc id="P80 to T38" source="P80" target="T38">
<graphics/>
<inscription>
<value>1</value>
<graphics/>
</inscription>
<tagged>
<value>false</value>
</tagged>
<arcpath id="000" x="505" y="48" curvePoint="false"/>
<arcpath id="001" x="562" y="67" curvePoint="false"/>
<type value="normal"/>
</arc>
<arc id="P81 to T6" source="P81" target="T6">
<graphics/>
<inscription>
<value>1</value>
<graphics/>
</inscription>
<tagged>
<value>false</value>
</tagged>
<arcpath id="000" x="627" y="86" curvePoint="false"/>
<arcpath id="001" x="627" y="132" curvePoint="false"/>
<type value="normal"/>
</arc>
<arc id="P82 to T39" source="P82" target="T39">
<graphics/>
<inscription>
<value>1</value>
<graphics/>
</inscription>
<tagged>
<value>false</value>
</tagged>
<arcpath id="000" x="461" y="702" curvePoint="false"/>
<arcpath id="001" x="531" y="702" curvePoint="false"/>
<type value="normal"/>
</arc>
<arc id="P83 to T44" source="P83" target="T44">
<graphics/>
<inscription>
<value>1</value>
<graphics/>
</inscription>
<tagged>
<value>false</value>
</tagged>
<arcpath id="000" x="192" y="806" curvePoint="false"/>
<arcpath id="001" x="192" y="837" curvePoint="false"/>
<type value="normal"/>
</arc>
<arc id="P8 to T6" source="P8" target="T6">
<graphics/>
<inscription>
<value>1</value>
<graphics/>
</inscription>
<tagged>
<value>false</value>
</tagged>
<arcpath id="000" x="551" y="146" curvePoint="false"/>
<arcpath id="001" x="622" y="141" curvePoint="false"/>
<type value="normal"/>
</arc>
<arc id="P9 to T6" source="P9" target="T6">
<graphics/>
<inscription>
<value>1</value>
<graphics/>
</inscription>
<tagged>
<value>false</value>
</tagged>
<arcpath id="000" x="549" y="198" curvePoint="false"/>
<arcpath id="001" x="621" y="148" curvePoint="false"/>
<type value="normal"/>
</arc>
<arc id="T0 to P2" source="T0" target="P2">
<graphics/>
<inscription>
<value>1</value>
<graphics/>
</inscription>
<tagged>
<value>false</value>
</tagged>
<arcpath id="000" x="181" y="147" curvePoint="false"/>
<arcpath id="001" x="222" y="147" curvePoint="false"/>
<type value="normal"/>
</arc>
<arc id="T13 to P73" source="T13" target="P73">
<graphics/>
<inscription>
<value>1</value>
<graphics/>
</inscription>
<tagged>
<value>false</value>
</tagged>
<arcpath id="000" x="1167" y="72" curvePoint="false"/>
<arcpath id="001" x="1167" y="26" curvePoint="false"/>
<type value="normal"/>
</arc>
<arc id="T13 to P75" source="T13" target="P75">
<graphics/>
<inscription>
<value>1</value>
<graphics/>
</inscription>
<tagged>
<value>false</value>
</tagged>
<arcpath id="000" x="1171" y="87" curvePoint="false"/>
<arcpath id="001" x="1212" y="87" curvePoint="false"/>
<type value="normal"/>
</arc>
<arc id="T16 to P27" source="T16" target="P27">
<graphics/>
<inscription>
<value>1</value>
<graphics/>
</inscription>
<tagged>
<value>false</value>
</tagged>
<arcpath id="000" x="1411" y="147" curvePoint="false"/>
<arcpath id="001" x="1452" y="147" curvePoint="false"/>
<type value="normal"/>
</arc>
<arc id="T17 to P28" source="T17" target="P28">
<graphics/>
<inscription>
<value>1</value>
<graphics/>
</inscription>
<tagged>
<value>false</value>
</tagged>
<arcpath id="000" x="1542" y="162" curvePoint="false"/>
<arcpath id="001" x="1542" y="192" curvePoint="false"/>
<type value="normal"/>
</arc>
<arc id="T17 to P29" source="T17" target="P29">
<graphics/>
<inscription>
<value>1</value>
<graphics/>
</inscription>
<tagged>
<value>false</value>
</tagged>
<arcpath id="000" x="1546" y="147" curvePoint="false"/>
<arcpath id="001" x="1587" y="147" curvePoint="false"/>
<type value="normal"/>
</arc>
<arc id="T18 to P32" source="T18" target="P32">
<graphics/>
<inscription>
<value>1</value>
<graphics/>
</inscription>
<tagged>
<value>false</value>
</tagged>
<arcpath id="000" x="196" y="507" curvePoint="false"/>
<arcpath id="001" x="252" y="507" curvePoint="false"/>
<type value="normal"/>
</arc>
<arc id="T19 to P33" source="T19" target="P33">
<graphics/>
<inscription>
<value>1</value>
<graphics/>
</inscription>
<tagged>
<value>false</value>
</tagged>
<arcpath id="000" x="347" y="502" curvePoint="false"/>
<arcpath id="001" x="391" y="458" curvePoint="false"/>
<type value="normal"/>
</arc>
<arc id="T19 to P40" source="T19" target="P40">
<graphics/>
<inscription>
<value>1</value>
<graphics/>
</inscription>
<tagged>
<value>false</value>
</tagged>
<arcpath id="000" x="346" y="512" curvePoint="false"/>
<arcpath id="001" x="392" y="570" curvePoint="false"/>
<type value="normal"/>
</arc>
<arc id="T1 to P3" source="T1" target="P3">
<graphics/>
<inscription>
<value>1</value>
<graphics/>
</inscription>
<tagged>
<value>false</value>
</tagged>
<arcpath id="000" x="317" y="138" curvePoint="false"/>
<arcpath id="001" x="378" y="54" curvePoint="false"/>
<type value="normal"/>
</arc>
<arc id="T1 to P4" source="T1" target="P4">
<graphics/>
<inscription>
<value>1</value>
<graphics/>
</inscription>
<tagged>
<value>false</value>
</tagged>
<arcpath id="000" x="317" y="144" curvePoint="false"/>
<arcpath id="001" x="372" y="148" curvePoint="false"/>
<type value="normal"/>
</arc>
<arc id="T1 to P5" source="T1" target="P5">
<graphics/>
<inscription>
<value>1</value>
<graphics/>
</inscription>
<tagged>
<value>false</value>
</tagged>
<arcpath id="000" x="316" y="150" curvePoint="false"/>
<arcpath id="001" x="375" y="197" curvePoint="false"/>
<type value="normal"/>
</arc>
<arc id="T1 to P6" source="T1" target="P6">
<graphics/>
<inscription>
<value>1</value>
<graphics/>
</inscription>
<tagged>
<value>false</value>
</tagged>
<arcpath id="000" x="316" y="156" curvePoint="false"/>
<arcpath id="001" x="378" y="254" curvePoint="false"/>
<type value="normal"/>
</arc>
<arc id="T20 to P34" source="T20" target="P34">
<graphics/>
<inscription>
<value>1</value>
<graphics/>
</inscription>
<tagged>
<value>false</value>
</tagged>
<arcpath id="000" x="477" y="432" curvePoint="false"/>
<arcpath id="001" x="477" y="386" curvePoint="false"/>
<type value="normal"/>
</arc>
<arc id="T20 to P35" source="T20" target="P35">
<graphics/>
<inscription>
<value>1</value>
<graphics/>
</inscription>
<tagged>
<value>false</value>
</tagged>
<arcpath id="000" x="481" y="447" curvePoint="false"/>
<arcpath id="001" x="537" y="447" curvePoint="false"/>
<type value="normal"/>
</arc>
<arc id="T21 to P36" source="T21" target="P36">
<graphics/>
<inscription>
<value>1</value>
<graphics/>
</inscription>
<tagged>
<value>false</value>
</tagged>
<arcpath id="000" x="631" y="447" curvePoint="false"/>
<arcpath id="001" x="702" y="447" curvePoint="false"/>
<type value="normal"/>
</arc>
<arc id="T22 to P37" source="T22" target="P37">
<graphics/>
<inscription>
<value>1</value>
<graphics/>
</inscription>
<tagged>
<value>false</value>
</tagged>
<arcpath id="000" x="481" y="587" curvePoint="false"/>
<arcpath id="001" x="567" y="582" curvePoint="false"/>
<type value="normal"/>
</arc>
<arc id="T23 to P38" source="T23" target="P38">
<graphics/>
<inscription>
<value>1</value>
<graphics/>
</inscription>
<tagged>
<value>false</value>
</tagged>
<arcpath id="000" x="672" y="597" curvePoint="false"/>
<arcpath id="001" x="672" y="612" curvePoint="false"/>
<type value="normal"/>
</arc>
<arc id="T23 to P39" source="T23" target="P39">
<graphics/>
<inscription>
<value>1</value>
<graphics/>
</inscription>
<tagged>
<value>false</value>
</tagged>
<arcpath id="000" x="676" y="582" curvePoint="false"/>
<arcpath id="001" x="762" y="582" curvePoint="false"/>
<type value="normal"/>
</arc>
<arc id="T25 to P82" source="T25" target="P82">
<graphics/>
<inscription>
<value>1</value>
<graphics/>
</inscription>
<tagged>
<value>false</value>
</tagged>
<arcpath id="000" x="346" y="702" curvePoint="false"/>
<arcpath id="001" x="432" y="702" curvePoint="false"/>
<type value="normal"/>
</arc>
<arc id="T26 to P47" source="T26" target="P47">
<graphics/>
<inscription>
<value>1</value>
<graphics/>
</inscription>
<tagged>
<value>false</value>
</tagged>
<arcpath id="000" x="342" y="942" curvePoint="false"/>
<arcpath id="001" x="380" y="1018" curvePoint="false"/>
<type value="normal"/>
</arc>
<arc id="T26 to P48" source="T26" target="P48">
<graphics/>
<inscription>
<value>1</value>
<graphics/>
</inscription>
<tagged>
<value>false</value>
</tagged>
<arcpath id="000" x="346" y="927" curvePoint="false"/>
<arcpath id="001" x="387" y="927" curvePoint="false"/>
<type value="normal"/>
</arc>
<arc id="T26 to P49" source="T26" target="P49">
<graphics/>
<inscription>
<value>1</value>
<graphics/>
</inscription>
<tagged>
<value>false</value>
</tagged>
<arcpath id="000" x="342" y="912" curvePoint="false"/>
<arcpath id="001" x="393" y="834" curvePoint="false"/>
<type value="normal"/>
</arc>
<arc id="T27 to P50" source="T27" target="P50">
<graphics/>
<inscription>
<value>1</value>
<graphics/>
</inscription>
<tagged>
<value>false</value>
</tagged>
<arcpath id="000" x="541" y="822" curvePoint="false"/>
<arcpath id="001" x="642" y="822" curvePoint="false"/>
<type value="normal"/>
</arc>
<arc id="T27 to P56" source="T27" target="P56">
<graphics/>
<inscription>
<value>1</value>
<graphics/>
</inscription>
<tagged>
<value>false</value>
</tagged>
<arcpath id="000" x="537" y="807" curvePoint="false"/>
<arcpath id="001" x="537" y="776" curvePoint="false"/>
<type value="normal"/>
</arc>
<arc id="T28 to P51" source="T28" target="P51">
<graphics/>
<inscription>
<value>1</value>
<graphics/>
</inscription>
<tagged>
<value>false</value>
</tagged>
<arcpath id="000" x="526" y="927" curvePoint="false"/>
<arcpath id="001" x="642" y="927" curvePoint="false"/>
<type value="normal"/>
</arc>
<arc id="T28 to P57" source="T28" target="P57">
<graphics/>
<inscription>
<value>1</value>
<graphics/>
</inscription>
<tagged>
<value>false</value>
</tagged>
<arcpath id="000" x="522" y="912" curvePoint="false"/>
<arcpath id="001" x="522" y="881" curvePoint="false"/>
<type value="normal"/>
</arc>
<arc id="T29 to P52" source="T29" target="P52">
<graphics/>
<inscription>
<value>1</value>
<graphics/>
</inscription>
<tagged>
<value>false</value>
</tagged>
<arcpath id="000" x="526" y="1032" curvePoint="false"/>
<arcpath id="001" x="642" y="1032" curvePoint="false"/>
<type value="normal"/>
</arc>
<arc id="T29 to P79" source="T29" target="P79">
<graphics/>
<inscription>
<value>1</value>
<graphics/>
</inscription>
<tagged>
<value>false</value>
</tagged>
<arcpath id="000" x="522" y="1017" curvePoint="false"/>
<arcpath id="001" x="522" y="986" curvePoint="false"/>
<type value="normal"/>
</arc>
<arc id="T2 to P80" source="T2" target="P80">
<graphics/>
<inscription>
<value>1</value>
<graphics/>
</inscription>
<tagged>
<value>false</value>
</tagged>
<arcpath id="000" x="436" y="42" curvePoint="false"/>
<arcpath id="001" x="477" y="42" curvePoint="false"/>
<type value="normal"/>
</arc>
<arc id="T30 to P53" source="T30" target="P53">
<graphics/>
<inscription>
<value>1</value>
<graphics/>
</inscription>
<tagged>
<value>false</value>
</tagged>
<arcpath id="000" x="721" y="927" curvePoint="false"/>
<arcpath id="001" x="777" y="927" curvePoint="false"/>
<type value="normal"/>
</arc>
<arc id="T31 to P54" source="T31" target="P54">
<graphics/>
<inscription>
<value>1</value>
<graphics/>
</inscription>
<tagged>
<value>false</value>
</tagged>
<arcpath id="000" x="867" y="942" curvePoint="false"/>
<arcpath id="001" x="867" y="987" curvePoint="false"/>
<type value="normal"/>
</arc>
<arc id="T31 to P55" source="T31" target="P55">
<graphics/>
<inscription>
<value>1</value>
<graphics/>
</inscription>
<tagged>
<value>false</value>
</tagged>
<arcpath id="000" x="871" y="927" curvePoint="false"/>
<arcpath id="001" x="927" y="927" curvePoint="false"/>
<type value="normal"/>
</arc>
<arc id="T32 to P61" source="T32" target="P61">
<graphics/>
<inscription>
<value>1</value>
<graphics/>
</inscription>
<tagged>
<value>false</value>
</tagged>
<arcpath id="000" x="212" y="1267" curvePoint="false"/>
<arcpath id="001" x="269" y="1235" curvePoint="false"/>
<type value="normal"/>
</arc>
<arc id="T32 to P62" source="T32" target="P62">
<graphics/>
<inscription>
<value>1</value>
<graphics/>
</inscription>
<tagged>
<value>false</value>
</tagged>
<arcpath id="000" x="211" y="1277" curvePoint="false"/>
<arcpath id="001" x="270" y="1322" curvePoint="false"/>
<type value="normal"/>
</arc>
<arc id="T33 to P63" source="T33" target="P63">
<graphics/>
<inscription>
<value>1</value>
<graphics/>
</inscription>
<tagged>
<value>false</value>
</tagged>
<arcpath id="000" x="376" y="1227" curvePoint="false"/>
<arcpath id="001" x="462" y="1227" curvePoint="false"/>
<type value="normal"/>
</arc>
<arc id="T34 to P64" source="T34" target="P64">
<graphics/>
<inscription>
<value>1</value>
<graphics/>
</inscription>
<tagged>
<value>false</value>
</tagged>
<arcpath id="000" x="376" y="1332" curvePoint="false"/>
<arcpath id="001" x="462" y="1332" curvePoint="false"/>
<type value="normal"/>
</arc>
<arc id="T35 to P65" source="T35" target="P65">
<graphics/>
<inscription>
<value>1</value>
<graphics/>
</inscription>
<tagged>
<value>false</value>
</tagged>
<arcpath id="000" x="556" y="1272" curvePoint="false"/>
<arcpath id="001" x="612" y="1272" curvePoint="false"/>
<type value="normal"/>
</arc>
<arc id="T36 to P78" source="T36" target="P78">
<graphics/>
<inscription>
<value>1</value>
<graphics/>
</inscription>
<tagged>
<value>false</value>
</tagged>
<arcpath id="000" x="706" y="1272" curvePoint="false"/>
<arcpath id="001" x="762" y="1272" curvePoint="false"/>
<type value="normal"/>
</arc>
<arc id="T37 to P74" source="T37" target="P74">
<graphics/>
<inscription>
<value>1</value>
<graphics/>
</inscription>
<tagged>
<value>false</value>
</tagged>
<arcpath id="000" x="572" y="7" curvePoint="false"/>
<arcpath id="001" x="627" y="12" curvePoint="false"/>
<type value="normal"/>
</arc>
<arc id="T37 to P81" source="T37" target="P81">
<graphics/>
<inscription>
<value>1</value>
<graphics/>
</inscription>
<tagged>
<value>false</value>
</tagged>
<arcpath id="000" x="571" y="17" curvePoint="false"/>
<arcpath id="001" x="616" y="61" curvePoint="false"/>
<type value="normal"/>
</arc>
<arc id="T38 to P71" source="T38" target="P71">
<graphics/>
<inscription>
<value>1</value>
<graphics/>
</inscription>
<tagged>
<value>false</value>
</tagged>
<arcpath id="000" x="561" y="77" curvePoint="false"/>
<arcpath id="001" x="506" y="85" curvePoint="false"/>
<type value="normal"/>
</arc>
<arc id="T38 to P81" source="T38" target="P81">
<graphics/>
<inscription>
<value>1</value>
<graphics/>
</inscription>
<tagged>
<value>false</value>
</tagged>
<arcpath id="000" x="571" y="72" curvePoint="false"/>
<arcpath id="001" x="612" y="72" curvePoint="false"/>
<type value="normal"/>
</arc>
<arc id="T39 to P53" source="T39" target="P53">
<graphics/>
<inscription>
<value>1</value>
<graphics/>
</inscription>
<tagged>
<value>false</value>
</tagged>
<arcpath id="000" x="541" y="702" curvePoint="false"/>
<arcpath id="001" x="735" y="800" curvePoint="true"/>
<arcpath id="002" x="785" y="913" curvePoint="false"/>
<type value="normal"/>
</arc>
<arc id="T39 to P56" source="T39" target="P56">
<graphics/>
<inscription>
<value>1</value>
<graphics/>
</inscription>
<tagged>
<value>false</value>
</tagged>
<arcpath id="000" x="537" y="717" curvePoint="false"/>
<arcpath id="001" x="537" y="747" curvePoint="false"/>
<type value="normal"/>
</arc>
<arc id="T3 to P8" source="T3" target="P8">
<graphics/>
<inscription>
<value>1</value>
<graphics/>
</inscription>
<tagged>
<value>false</value>
</tagged>
<arcpath id="000" x="466" y="147" curvePoint="false"/>
<arcpath id="001" x="522" y="147" curvePoint="false"/>
<type value="normal"/>
</arc>
<arc id="T40 to P70" source="T40" target="P70">
<graphics/>
<inscription>
<value>1</value>
<graphics/>
</inscription>
<tagged>
<value>false</value>
</tagged>
<arcpath id="000" x="1171" y="207" curvePoint="false"/>
<arcpath id="001" x="1212" y="207" curvePoint="false"/>
<type value="normal"/>
</arc>
<arc id="T40 to P76" source="T40" target="P76">
<graphics/>
<inscription>
<value>1</value>
<graphics/>
</inscription>
<tagged>
<value>false</value>
</tagged>
<arcpath id="000" x="1167" y="222" curvePoint="false"/>
<arcpath id="001" x="1167" y="267" curvePoint="false"/>
<type value="normal"/>
</arc>
<arc id="T41 to P68" source="T41" target="P68">
<graphics/>
<inscription>
<value>1</value>
<graphics/>
</inscription>
<tagged>
<value>false</value>
</tagged>
<arcpath id="000" x="1067" y="142" curvePoint="false"/>
<arcpath id="001" x="1098" y="99" curvePoint="false"/>
<type value="normal"/>
</arc>
<arc id="T41 to P69" source="T41" target="P69">
<graphics/>
<inscription>
<value>1</value>
<graphics/>
</inscription>
<tagged>
<value>false</value>
</tagged>
<arcpath id="000" x="1066" y="152" curvePoint="false"/>
<arcpath id="001" x="1098" y="194" curvePoint="false"/>
<type value="normal"/>
</arc>
<arc id="T42 to P16" source="T42" target="P16">
<graphics/>
<inscription>
<value>1</value>
<graphics/>
</inscription>
<tagged>
<value>false</value>
</tagged>
<arcpath id="000" x="1276" y="147" curvePoint="false"/>
<arcpath id="001" x="1317" y="147" curvePoint="false"/>
<type value="normal"/>
</arc>
<arc id="T43 to P67" source="T43" target="P67">
<graphics/>
<inscription>
<value>1</value>
<graphics/>
</inscription>
<tagged>
<value>false</value>
</tagged>
<arcpath id="000" x="856" y="1272" curvePoint="false"/>
<arcpath id="001" x="927" y="1272" curvePoint="false"/>
<type value="normal"/>
</arc>
<arc id="T44 to P44" source="T44" target="P44">
<graphics/>
<inscription>
<value>1</value>
<graphics/>
</inscription>
<tagged>
<value>false</value>
</tagged>
<arcpath id="000" x="196" y="852" curvePoint="false"/>
<arcpath id="001" x="267" y="852" curvePoint="false"/>
<type value="normal"/>
</arc>
<arc id="T4 to P9" source="T4" target="P9">
<graphics/>
<inscription>
<value>1</value>
<graphics/>
</inscription>
<tagged>
<value>false</value>
</tagged>
<arcpath id="000" x="466" y="207" curvePoint="false"/>
<arcpath id="001" x="522" y="207" curvePoint="false"/>
<type value="normal"/>
</arc>
<arc id="T5 to P10" source="T5" target="P10">
<graphics/>
<inscription>
<value>1</value>
<graphics/>
</inscription>
<tagged>
<value>false</value>
</tagged>
<arcpath id="000" x="466" y="267" curvePoint="false"/>
<arcpath id="001" x="522" y="267" curvePoint="false"/>
<type value="normal"/>
</arc>
<arc id="T6 to P11" source="T6" target="P11">
<graphics/>
<inscription>
<value>1</value>
<graphics/>
</inscription>
<tagged>
<value>false</value>
</tagged>
<arcpath id="000" x="632" y="142" curvePoint="false"/>
<arcpath id="001" x="691" y="82" curvePoint="false"/>
<type value="normal"/>
</arc>
<arc id="T6 to P12" source="T6" target="P12">
<graphics/>
<inscription>
<value>1</value>
<graphics/>
</inscription>
<tagged>
<value>false</value>
</tagged>
<arcpath id="000" x="631" y="152" curvePoint="false"/>
<arcpath id="001" x="691" y="211" curvePoint="false"/>
<type value="normal"/>
</arc>
<arc id="T7 to P13" source="T7" target="P13">
<graphics/>
<inscription>
<value>1</value>
<graphics/>
</inscription>
<tagged>
<value>false</value>
</tagged>
<arcpath id="000" x="781" y="72" curvePoint="false"/>
<arcpath id="001" x="852" y="72" curvePoint="false"/>
<type value="normal"/>
</arc>
<arc id="T8 to P14" source="T8" target="P14">
<graphics/>
<inscription>
<value>1</value>
<graphics/>
</inscription>
<tagged>
<value>false</value>
</tagged>
<arcpath id="000" x="781" y="222" curvePoint="false"/>
<arcpath id="001" x="852" y="222" curvePoint="false"/>
<type value="normal"/>
</arc>
<arc id="T9 to P15" source="T9" target="P15">
<graphics/>
<inscription>
<value>1</value>
<graphics/>
</inscription>
<tagged>
<value>false</value>
</tagged>
<arcpath id="000" x="946" y="147" curvePoint="false"/>
<arcpath id="001" x="987" y="147" curvePoint="false"/>
<type value="normal"/>
</arc>
<arc id="T9 to P72" source="T9" target="P72">
<graphics/>
<inscription>
<value>1</value>
<graphics/>
</inscription>
<tagged>
<value>false</value>
</tagged>
<arcpath id="000" x="942" y="162" curvePoint="false"/>
<arcpath id="001" x="942" y="207" curvePoint="false"/>
<type value="normal"/>
</arc>
</net>
</pnml>
