<?xml version="1.0" encoding="ISO-8859-1"?><pnml>
<net id="Net-One" type="P/T net">
<labels x="945" y="295" width="105" height="21" border="true">
<text>1*P14</text>
<finalMarings>true</finalMarings>
</labels>
<labels x="1006" y="553" width="105" height="21" border="true">
<text>1*P19</text>
<finalMarings>true</finalMarings>
</labels>
<labels x="1283" y="793" width="105" height="21" border="true">
<text>1*P31</text>
<finalMarings>true</finalMarings>
</labels>
<labels x="972" y="1228" width="105" height="21" border="true">
<text>1*P37</text>
<finalMarings>true</finalMarings>
</labels>
<labels x="1226" y="89" width="105" height="21" border="true">
<text>1*P7</text>
<finalMarings>true</finalMarings>
</labels>
<labels x="87" y="1232" width="105" height="37" border="true">
<text>Aftercare department</text>
<finalMarings>false</finalMarings>
</labels>
<labels x="59" y="529" width="105" height="37" border="true">
<text>Decision-making department</text>
<finalMarings>false</finalMarings>
</labels>
<labels x="42" y="278" width="105" height="37" border="true">
<text>Early warning department</text>
<finalMarings>false</finalMarings>
</labels>
<labels x="33" y="57" width="105" height="37" border="true">
<text>Emergency Center</text>
<finalMarings>false</finalMarings>
</labels>
<labels x="79" y="778" width="105" height="53" border="true">
<text>Emergency response department</text>
<finalMarings>false</finalMarings>
</labels>
<place id="P0">
<graphics>
<position x="165.0" y="75.0"/>
</graphics>
<name>
<value>P0</value>
<graphics>
<offset x="-5.0" y="35.0"/>
</graphics>
</name>
<msgPlace>false</msgPlace>
<resPlace>false</resPlace>
<initialMarking>
<value>1</value>
<graphics>
<offset x="0.0" y="0.0"/>
</graphics>
</initialMarking>
<capacity>
<value>0</value>
</capacity>
</place>
<place id="P1">
<graphics>
<position x="270.0" y="75.0"/>
</graphics>
<name>
<value>P1</value>
<graphics>
<offset x="-5.0" y="35.0"/>
</graphics>
</name>
<msgPlace>false</msgPlace>
<resPlace>false</resPlace>
<initialMarking>
<value>0</value>
<graphics>
<offset x="0.0" y="0.0"/>
</graphics>
</initialMarking>
<capacity>
<value>0</value>
</capacity>
</place>
<place id="P10">
<graphics>
<position x="420.0" y="255.0"/>
</graphics>
<name>
<value>P10</value>
<graphics>
<offset x="-5.0" y="35.0"/>
</graphics>
</name>
<msgPlace>false</msgPlace>
<resPlace>false</resPlace>
<initialMarking>
<value>0</value>
<graphics>
<offset x="0.0" y="0.0"/>
</graphics>
</initialMarking>
<capacity>
<value>0</value>
</capacity>
</place>
<place id="P11">
<graphics>
<position x="420.0" y="345.0"/>
</graphics>
<name>
<value>P11</value>
<graphics>
<offset x="-5.0" y="35.0"/>
</graphics>
</name>
<msgPlace>false</msgPlace>
<resPlace>false</resPlace>
<initialMarking>
<value>0</value>
<graphics>
<offset x="0.0" y="0.0"/>
</graphics>
</initialMarking>
<capacity>
<value>0</value>
</capacity>
</place>
<place id="P12">
<graphics>
<position x="570.0" y="255.0"/>
</graphics>
<name>
<value>P12</value>
<graphics>
<offset x="-5.0" y="35.0"/>
</graphics>
</name>
<msgPlace>false</msgPlace>
<resPlace>false</resPlace>
<initialMarking>
<value>0</value>
<graphics>
<offset x="0.0" y="0.0"/>
</graphics>
</initialMarking>
<capacity>
<value>0</value>
</capacity>
</place>
<place id="P13">
<graphics>
<position x="570.0" y="345.0"/>
</graphics>
<name>
<value>P13</value>
<graphics>
<offset x="-5.0" y="35.0"/>
</graphics>
</name>
<msgPlace>false</msgPlace>
<resPlace>false</resPlace>
<initialMarking>
<value>0</value>
<graphics>
<offset x="0.0" y="0.0"/>
</graphics>
</initialMarking>
<capacity>
<value>0</value>
</capacity>
</place>
<place id="P14">
<graphics>
<position x="735.0" y="300.0"/>
</graphics>
<name>
<value>P14</value>
<graphics>
<offset x="-5.0" y="35.0"/>
</graphics>
</name>
<msgPlace>false</msgPlace>
<resPlace>false</resPlace>
<initialMarking>
<value>0</value>
<graphics>
<offset x="0.0" y="0.0"/>
</graphics>
</initialMarking>
<capacity>
<value>0</value>
</capacity>
</place>
<place id="P15">
<graphics>
<position x="195.0" y="555.0"/>
</graphics>
<name>
<value>P15</value>
<graphics>
<offset x="-5.0" y="35.0"/>
</graphics>
</name>
<msgPlace>false</msgPlace>
<resPlace>false</resPlace>
<initialMarking>
<value>1</value>
<graphics>
<offset x="0.0" y="0.0"/>
</graphics>
</initialMarking>
<capacity>
<value>0</value>
</capacity>
</place>
<place id="P16">
<graphics>
<position x="315.0" y="555.0"/>
</graphics>
<name>
<value>P16</value>
<graphics>
<offset x="-5.0" y="35.0"/>
</graphics>
</name>
<msgPlace>false</msgPlace>
<resPlace>false</resPlace>
<initialMarking>
<value>0</value>
<graphics>
<offset x="0.0" y="0.0"/>
</graphics>
</initialMarking>
<capacity>
<value>0</value>
</capacity>
</place>
<place id="P17">
<graphics>
<position x="480.0" y="585.0"/>
</graphics>
<name>
<value>P17</value>
<graphics>
<offset x="-5.0" y="35.0"/>
</graphics>
</name>
<msgPlace>false</msgPlace>
<resPlace>false</resPlace>
<initialMarking>
<value>0</value>
<graphics>
<offset x="0.0" y="0.0"/>
</graphics>
</initialMarking>
<capacity>
<value>0</value>
</capacity>
</place>
<place id="P18">
<graphics>
<position x="600.0" y="585.0"/>
</graphics>
<name>
<value>P18</value>
<graphics>
<offset x="-5.0" y="35.0"/>
</graphics>
</name>
<msgPlace>false</msgPlace>
<resPlace>false</resPlace>
<initialMarking>
<value>0</value>
<graphics>
<offset x="0.0" y="0.0"/>
</graphics>
</initialMarking>
<capacity>
<value>0</value>
</capacity>
</place>
<place id="P19">
<graphics>
<position x="750.0" y="555.0"/>
</graphics>
<name>
<value>P19</value>
<graphics>
<offset x="-5.0" y="35.0"/>
</graphics>
</name>
<msgPlace>false</msgPlace>
<resPlace>false</resPlace>
<initialMarking>
<value>0</value>
<graphics>
<offset x="0.0" y="0.0"/>
</graphics>
</initialMarking>
<capacity>
<value>0</value>
</capacity>
</place>
<place id="P2">
<graphics>
<position x="390.0" y="75.0"/>
</graphics>
<name>
<value>P2</value>
<graphics>
<offset x="-5.0" y="35.0"/>
</graphics>
</name>
<msgPlace>false</msgPlace>
<resPlace>false</resPlace>
<initialMarking>
<value>0</value>
<graphics>
<offset x="0.0" y="0.0"/>
</graphics>
</initialMarking>
<capacity>
<value>0</value>
</capacity>
</place>
<place id="P20">
<graphics>
<position x="210.0" y="810.0"/>
</graphics>
<name>
<value>P20</value>
<graphics>
<offset x="-5.0" y="35.0"/>
</graphics>
</name>
<msgPlace>false</msgPlace>
<resPlace>false</resPlace>
<initialMarking>
<value>1</value>
<graphics>
<offset x="0.0" y="0.0"/>
</graphics>
</initialMarking>
<capacity>
<value>0</value>
</capacity>
</place>
<place id="P21">
<graphics>
<position x="330.0" y="810.0"/>
</graphics>
<name>
<value>P21</value>
<graphics>
<offset x="-5.0" y="35.0"/>
</graphics>
</name>
<msgPlace>false</msgPlace>
<resPlace>false</resPlace>
<initialMarking>
<value>0</value>
<graphics>
<offset x="0.0" y="0.0"/>
</graphics>
</initialMarking>
<capacity>
<value>0</value>
</capacity>
</place>
<place id="P22">
<graphics>
<position x="495.0" y="735.0"/>
</graphics>
<name>
<value>P22</value>
<graphics>
<offset x="-5.0" y="35.0"/>
</graphics>
</name>
<msgPlace>false</msgPlace>
<resPlace>false</resPlace>
<initialMarking>
<value>0</value>
<graphics>
<offset x="0.0" y="0.0"/>
</graphics>
</initialMarking>
<capacity>
<value>0</value>
</capacity>
</place>
<place id="P23">
<graphics>
<position x="495.0" y="795.0"/>
</graphics>
<name>
<value>P23</value>
<graphics>
<offset x="-5.0" y="35.0"/>
</graphics>
</name>
<msgPlace>false</msgPlace>
<resPlace>false</resPlace>
<initialMarking>
<value>0</value>
<graphics>
<offset x="0.0" y="0.0"/>
</graphics>
</initialMarking>
<capacity>
<value>0</value>
</capacity>
</place>
<place id="P24">
<graphics>
<position x="495.0" y="855.0"/>
</graphics>
<name>
<value>P24</value>
<graphics>
<offset x="-5.0" y="35.0"/>
</graphics>
</name>
<msgPlace>false</msgPlace>
<resPlace>false</resPlace>
<initialMarking>
<value>0</value>
<graphics>
<offset x="0.0" y="0.0"/>
</graphics>
</initialMarking>
<capacity>
<value>0</value>
</capacity>
</place>
<place id="P25">
<graphics>
<position x="495.0" y="900.0"/>
</graphics>
<name>
<value>P25</value>
<graphics>
<offset x="-5.0" y="35.0"/>
</graphics>
</name>
<msgPlace>false</msgPlace>
<resPlace>false</resPlace>
<initialMarking>
<value>0</value>
<graphics>
<offset x="0.0" y="0.0"/>
</graphics>
</initialMarking>
<capacity>
<value>0</value>
</capacity>
</place>
<place id="P26">
<graphics>
<position x="675.0" y="735.0"/>
</graphics>
<name>
<value>P26</value>
<graphics>
<offset x="-5.0" y="35.0"/>
</graphics>
</name>
<msgPlace>false</msgPlace>
<resPlace>false</resPlace>
<initialMarking>
<value>0</value>
<graphics>
<offset x="0.0" y="0.0"/>
</graphics>
</initialMarking>
<capacity>
<value>0</value>
</capacity>
</place>
<place id="P27">
<graphics>
<position x="675.0" y="795.0"/>
</graphics>
<name>
<value>P27</value>
<graphics>
<offset x="-5.0" y="35.0"/>
</graphics>
</name>
<msgPlace>false</msgPlace>
<resPlace>false</resPlace>
<initialMarking>
<value>0</value>
<graphics>
<offset x="0.0" y="0.0"/>
</graphics>
</initialMarking>
<capacity>
<value>0</value>
</capacity>
</place>
<place id="P28">
<graphics>
<position x="675.0" y="855.0"/>
</graphics>
<name>
<value>P28</value>
<graphics>
<offset x="-5.0" y="35.0"/>
</graphics>
</name>
<msgPlace>false</msgPlace>
<resPlace>false</resPlace>
<initialMarking>
<value>0</value>
<graphics>
<offset x="0.0" y="0.0"/>
</graphics>
</initialMarking>
<capacity>
<value>0</value>
</capacity>
</place>
<place id="P29">
<graphics>
<position x="675.0" y="900.0"/>
</graphics>
<name>
<value>P29</value>
<graphics>
<offset x="-5.0" y="35.0"/>
</graphics>
</name>
<msgPlace>false</msgPlace>
<resPlace>false</resPlace>
<initialMarking>
<value>0</value>
<graphics>
<offset x="0.0" y="0.0"/>
</graphics>
</initialMarking>
<capacity>
<value>0</value>
</capacity>
</place>
<place id="P3">
<graphics>
<position x="525.0" y="105.0"/>
</graphics>
<name>
<value>P3</value>
<graphics>
<offset x="-5.0" y="35.0"/>
</graphics>
</name>
<msgPlace>false</msgPlace>
<resPlace>false</resPlace>
<initialMarking>
<value>0</value>
<graphics>
<offset x="0.0" y="0.0"/>
</graphics>
</initialMarking>
<capacity>
<value>0</value>
</capacity>
</place>
<place id="P30">
<graphics>
<position x="870.0" y="795.0"/>
</graphics>
<name>
<value>P30</value>
<graphics>
<offset x="-5.0" y="35.0"/>
</graphics>
</name>
<msgPlace>false</msgPlace>
<resPlace>false</resPlace>
<initialMarking>
<value>0</value>
<graphics>
<offset x="0.0" y="0.0"/>
</graphics>
</initialMarking>
<capacity>
<value>0</value>
</capacity>
</place>
<place id="P31">
<graphics>
<position x="1005.0" y="795.0"/>
</graphics>
<name>
<value>P31</value>
<graphics>
<offset x="-5.0" y="35.0"/>
</graphics>
</name>
<msgPlace>false</msgPlace>
<resPlace>false</resPlace>
<initialMarking>
<value>0</value>
<graphics>
<offset x="0.0" y="0.0"/>
</graphics>
</initialMarking>
<capacity>
<value>0</value>
</capacity>
</place>
<place id="P32">
<graphics>
<position x="255.0" y="1230.0"/>
</graphics>
<name>
<value>P32</value>
<graphics>
<offset x="-5.0" y="35.0"/>
</graphics>
</name>
<msgPlace>false</msgPlace>
<resPlace>false</resPlace>
<initialMarking>
<value>1</value>
<graphics>
<offset x="0.0" y="0.0"/>
</graphics>
</initialMarking>
<capacity>
<value>0</value>
</capacity>
</place>
<place id="P33">
<graphics>
<position x="390.0" y="1185.0"/>
</graphics>
<name>
<value>P33</value>
<graphics>
<offset x="-5.0" y="35.0"/>
</graphics>
</name>
<msgPlace>false</msgPlace>
<resPlace>false</resPlace>
<initialMarking>
<value>0</value>
<graphics>
<offset x="0.0" y="0.0"/>
</graphics>
</initialMarking>
<capacity>
<value>0</value>
</capacity>
</place>
<place id="P34">
<graphics>
<position x="390.0" y="1275.0"/>
</graphics>
<name>
<value>P34</value>
<graphics>
<offset x="-5.0" y="35.0"/>
</graphics>
</name>
<msgPlace>false</msgPlace>
<resPlace>false</resPlace>
<initialMarking>
<value>0</value>
<graphics>
<offset x="0.0" y="0.0"/>
</graphics>
</initialMarking>
<capacity>
<value>0</value>
</capacity>
</place>
<place id="P35">
<graphics>
<position x="555.0" y="1185.0"/>
</graphics>
<name>
<value>P35</value>
<graphics>
<offset x="-5.0" y="35.0"/>
</graphics>
</name>
<msgPlace>false</msgPlace>
<resPlace>false</resPlace>
<initialMarking>
<value>0</value>
<graphics>
<offset x="0.0" y="0.0"/>
</graphics>
</initialMarking>
<capacity>
<value>0</value>
</capacity>
</place>
<place id="P36">
<graphics>
<position x="555.0" y="1275.0"/>
</graphics>
<name>
<value>P36</value>
<graphics>
<offset x="-5.0" y="35.0"/>
</graphics>
</name>
<msgPlace>false</msgPlace>
<resPlace>false</resPlace>
<initialMarking>
<value>0</value>
<graphics>
<offset x="0.0" y="0.0"/>
</graphics>
</initialMarking>
<capacity>
<value>0</value>
</capacity>
</place>
<place id="P37">
<graphics>
<position x="720.0" y="1230.0"/>
</graphics>
<name>
<value>P37</value>
<graphics>
<offset x="-5.0" y="35.0"/>
</graphics>
</name>
<msgPlace>false</msgPlace>
<resPlace>false</resPlace>
<initialMarking>
<value>0</value>
<graphics>
<offset x="0.0" y="0.0"/>
</graphics>
</initialMarking>
<capacity>
<value>0</value>
</capacity>
</place>
<place id="P38">
<graphics>
<position x="210.0" y="30.0"/>
</graphics>
<name>
<value>policeInformation</value>
<graphics>
<offset x="43.0" y="36.0"/>
</graphics>
</name>
<msgPlace>true</msgPlace>
<resPlace>false</resPlace>
<initialMarking>
<value>0</value>
<graphics>
<offset x="0.0" y="0.0"/>
</graphics>
</initialMarking>
<capacity>
<value>0</value>
</capacity>
</place>
<place id="P39">
<graphics>
<position x="210.0" y="135.0"/>
</graphics>
<name>
<value>monitoringInformation</value>
<graphics>
<offset x="67.0" y="39.0"/>
</graphics>
</name>
<msgPlace>true</msgPlace>
<resPlace>false</resPlace>
<initialMarking>
<value>0</value>
<graphics>
<offset x="0.0" y="0.0"/>
</graphics>
</initialMarking>
<capacity>
<value>0</value>
</capacity>
</place>
<place id="P4">
<graphics>
<position x="645.0" y="105.0"/>
</graphics>
<name>
<value>P4</value>
<graphics>
<offset x="-5.0" y="35.0"/>
</graphics>
</name>
<msgPlace>false</msgPlace>
<resPlace>false</resPlace>
<initialMarking>
<value>0</value>
<graphics>
<offset x="0.0" y="0.0"/>
</graphics>
</initialMarking>
<capacity>
<value>0</value>
</capacity>
</place>
<place id="P40">
<graphics>
<position x="645.0" y="240.0"/>
</graphics>
<name>
<value>policeInformation</value>
<graphics>
<offset x="85.0" y="44.0"/>
</graphics>
</name>
<msgPlace>true</msgPlace>
<resPlace>false</resPlace>
<initialMarking>
<value>0</value>
<graphics>
<offset x="0.0" y="0.0"/>
</graphics>
</initialMarking>
<capacity>
<value>0</value>
</capacity>
</place>
<place id="P41">
<graphics>
<position x="495.0" y="390.0"/>
</graphics>
<name>
<value>monitoringInformation</value>
<graphics>
<offset x="-5.0" y="35.0"/>
</graphics>
</name>
<msgPlace>true</msgPlace>
<resPlace>false</resPlace>
<initialMarking>
<value>0</value>
<graphics>
<offset x="0.0" y="0.0"/>
</graphics>
</initialMarking>
<capacity>
<value>0</value>
</capacity>
</place>
<place id="P42">
<graphics>
<position x="390.0" y="15.0"/>
</graphics>
<name>
<value>cancelTheAlarm</value>
<graphics>
<offset x="-5.0" y="35.0"/>
</graphics>
</name>
<msgPlace>true</msgPlace>
<resPlace>false</resPlace>
<initialMarking>
<value>0</value>
<graphics>
<offset x="0.0" y="0.0"/>
</graphics>
</initialMarking>
<capacity>
<value>0</value>
</capacity>
</place>
<place id="P43">
<graphics>
<position x="390.0" y="480.0"/>
</graphics>
<name>
<value>cancelTheAlarm</value>
<graphics>
<offset x="-5.0" y="35.0"/>
</graphics>
</name>
<msgPlace>true</msgPlace>
<resPlace>false</resPlace>
<initialMarking>
<value>0</value>
<graphics>
<offset x="0.0" y="0.0"/>
</graphics>
</initialMarking>
<capacity>
<value>0</value>
</capacity>
</place>
<place id="P44">
<graphics>
<position x="450.0" y="165.0"/>
</graphics>
<name>
<value>emergencyPlan</value>
<graphics>
<offset x="-5.0" y="35.0"/>
</graphics>
</name>
<msgPlace>true</msgPlace>
<resPlace>false</resPlace>
<initialMarking>
<value>0</value>
<graphics>
<offset x="0.0" y="0.0"/>
</graphics>
</initialMarking>
<capacity>
<value>0</value>
</capacity>
</place>
<place id="P45">
<graphics>
<position x="585.0" y="165.0"/>
</graphics>
<name>
<value>emergencyResponse</value>
<graphics>
<offset x="26.0" y="40.0"/>
</graphics>
</name>
<msgPlace>true</msgPlace>
<resPlace>false</resPlace>
<initialMarking>
<value>0</value>
<graphics>
<offset x="0.0" y="0.0"/>
</graphics>
</initialMarking>
<capacity>
<value>0</value>
</capacity>
</place>
<place id="P46">
<graphics>
<position x="705.0" y="165.0"/>
</graphics>
<name>
<value>informationFeedback</value>
<graphics>
<offset x="60.0" y="42.0"/>
</graphics>
</name>
<msgPlace>true</msgPlace>
<resPlace>false</resPlace>
<initialMarking>
<value>0</value>
<graphics>
<offset x="0.0" y="0.0"/>
</graphics>
</initialMarking>
<capacity>
<value>0</value>
</capacity>
</place>
<place id="P47">
<graphics>
<position x="675.0" y="645.0"/>
</graphics>
<name>
<value>emergencyPlan</value>
<graphics>
<offset x="-5.0" y="35.0"/>
</graphics>
</name>
<msgPlace>true</msgPlace>
<resPlace>false</resPlace>
<initialMarking>
<value>0</value>
<graphics>
<offset x="0.0" y="0.0"/>
</graphics>
</initialMarking>
<capacity>
<value>0</value>
</capacity>
</place>
<place id="P48">
<graphics>
<position x="330.0" y="135.0"/>
</graphics>
<name>
<value>decisionRequest</value>
<graphics>
<offset x="-5.0" y="35.0"/>
</graphics>
</name>
<msgPlace>true</msgPlace>
<resPlace>false</resPlace>
<initialMarking>
<value>0</value>
<graphics>
<offset x="0.0" y="0.0"/>
</graphics>
</initialMarking>
<capacity>
<value>0</value>
</capacity>
</place>
<place id="P49">
<graphics>
<position x="255.0" y="495.0"/>
</graphics>
<name>
<value>decisionRequest</value>
<graphics>
<offset x="-5.0" y="35.0"/>
</graphics>
</name>
<msgPlace>true</msgPlace>
<resPlace>false</resPlace>
<initialMarking>
<value>0</value>
<graphics>
<offset x="0.0" y="0.0"/>
</graphics>
</initialMarking>
<capacity>
<value>0</value>
</capacity>
</place>
<place id="P5">
<graphics>
<position x="765.0" y="75.0"/>
</graphics>
<name>
<value>P5</value>
<graphics>
<offset x="-5.0" y="35.0"/>
</graphics>
</name>
<msgPlace>false</msgPlace>
<resPlace>false</resPlace>
<initialMarking>
<value>0</value>
<graphics>
<offset x="0.0" y="0.0"/>
</graphics>
</initialMarking>
<capacity>
<value>0</value>
</capacity>
</place>
<place id="P50">
<graphics>
<position x="270.0" y="750.0"/>
</graphics>
<name>
<value>emergencyResponse</value>
<graphics>
<offset x="58.0" y="39.0"/>
</graphics>
</name>
<msgPlace>true</msgPlace>
<resPlace>false</resPlace>
<initialMarking>
<value>0</value>
<graphics>
<offset x="0.0" y="0.0"/>
</graphics>
</initialMarking>
<capacity>
<value>0</value>
</capacity>
</place>
<place id="P51">
<graphics>
<position x="945.0" y="750.0"/>
</graphics>
<name>
<value>informationFeedback</value>
<graphics>
<offset x="-5.0" y="35.0"/>
</graphics>
</name>
<msgPlace>true</msgPlace>
<resPlace>false</resPlace>
<initialMarking>
<value>0</value>
<graphics>
<offset x="0.0" y="0.0"/>
</graphics>
</initialMarking>
<capacity>
<value>0</value>
</capacity>
</place>
<place id="P52">
<graphics>
<position x="840.0" y="15.0"/>
</graphics>
<name>
<value>Aftermath</value>
<graphics>
<offset x="-5.0" y="35.0"/>
</graphics>
</name>
<msgPlace>true</msgPlace>
<resPlace>false</resPlace>
<initialMarking>
<value>0</value>
<graphics>
<offset x="0.0" y="0.0"/>
</graphics>
</initialMarking>
<capacity>
<value>0</value>
</capacity>
</place>
<place id="P53">
<graphics>
<position x="960.0" y="15.0"/>
</graphics>
<name>
<value>incidentReport</value>
<graphics>
<offset x="-5.0" y="35.0"/>
</graphics>
</name>
<msgPlace>true</msgPlace>
<resPlace>false</resPlace>
<initialMarking>
<value>0</value>
<graphics>
<offset x="0.0" y="0.0"/>
</graphics>
</initialMarking>
<capacity>
<value>0</value>
</capacity>
</place>
<place id="P54">
<graphics>
<position x="315.0" y="1155.0"/>
</graphics>
<name>
<value>Aftermath</value>
<graphics>
<offset x="-5.0" y="35.0"/>
</graphics>
</name>
<msgPlace>true</msgPlace>
<resPlace>false</resPlace>
<initialMarking>
<value>0</value>
<graphics>
<offset x="0.0" y="0.0"/>
</graphics>
</initialMarking>
<capacity>
<value>0</value>
</capacity>
</place>
<place id="P55">
<graphics>
<position x="630.0" y="1290.0"/>
</graphics>
<name>
<value>incidentReport</value>
<graphics>
<offset x="-5.0" y="35.0"/>
</graphics>
</name>
<msgPlace>true</msgPlace>
<resPlace>false</resPlace>
<initialMarking>
<value>0</value>
<graphics>
<offset x="0.0" y="0.0"/>
</graphics>
</initialMarking>
<capacity>
<value>0</value>
</capacity>
</place>
<place id="P56">
<graphics>
<position x="525.0" y="30.0"/>
</graphics>
<name>
<value>P56</value>
<graphics>
<offset x="-5.0" y="35.0"/>
</graphics>
</name>
<msgPlace>false</msgPlace>
<resPlace>false</resPlace>
<initialMarking>
<value>0</value>
<graphics>
<offset x="0.0" y="0.0"/>
</graphics>
</initialMarking>
<capacity>
<value>0</value>
</capacity>
</place>
<place id="P57">
<graphics>
<position x="660.0" y="0.0"/>
</graphics>
<name>
<value>cancelResponse</value>
<graphics>
<offset x="-5.0" y="35.0"/>
</graphics>
</name>
<msgPlace>true</msgPlace>
<resPlace>false</resPlace>
<initialMarking>
<value>0</value>
<graphics>
<offset x="0.0" y="0.0"/>
</graphics>
</initialMarking>
<capacity>
<value>0</value>
</capacity>
</place>
<place id="P58">
<graphics>
<position x="525.0" y="1065.0"/>
</graphics>
<name>
<value>cancelResponse</value>
<graphics>
<offset x="-5.0" y="35.0"/>
</graphics>
</name>
<msgPlace>true</msgPlace>
<resPlace>false</resPlace>
<initialMarking>
<value>0</value>
<graphics>
<offset x="0.0" y="0.0"/>
</graphics>
</initialMarking>
<capacity>
<value>0</value>
</capacity>
</place>
<place id="P59">
<graphics>
<position x="585.0" y="675.0"/>
</graphics>
<name>
<value>commandCenter</value>
<graphics>
<offset x="-5.0" y="35.0"/>
</graphics>
</name>
<msgPlace>false</msgPlace>
<resPlace>true</resPlace>
<initialMarking>
<value>1</value>
<graphics>
<offset x="0.0" y="0.0"/>
</graphics>
</initialMarking>
<capacity>
<value>0</value>
</capacity>
</place>
<place id="P6">
<graphics>
<position x="900.0" y="75.0"/>
</graphics>
<name>
<value>P6</value>
<graphics>
<offset x="-5.0" y="35.0"/>
</graphics>
</name>
<msgPlace>false</msgPlace>
<resPlace>false</resPlace>
<initialMarking>
<value>0</value>
<graphics>
<offset x="0.0" y="0.0"/>
</graphics>
</initialMarking>
<capacity>
<value>0</value>
</capacity>
</place>
<place id="P60">
<graphics>
<position x="615.0" y="765.0"/>
</graphics>
<name>
<value>policeForce</value>
<graphics>
<offset x="-5.0" y="35.0"/>
</graphics>
</name>
<msgPlace>false</msgPlace>
<resPlace>true</resPlace>
<initialMarking>
<value>1</value>
<graphics>
<offset x="0.0" y="0.0"/>
</graphics>
</initialMarking>
<capacity>
<value>0</value>
</capacity>
</place>
<place id="P61">
<graphics>
<position x="585.0" y="945.0"/>
</graphics>
<name>
<value>emergencyResources</value>
<graphics>
<offset x="-5.0" y="35.0"/>
</graphics>
</name>
<msgPlace>false</msgPlace>
<resPlace>true</resPlace>
<initialMarking>
<value>1</value>
<graphics>
<offset x="0.0" y="0.0"/>
</graphics>
</initialMarking>
<capacity>
<value>0</value>
</capacity>
</place>
<place id="P62">
<graphics>
<position x="615.0" y="825.0"/>
</graphics>
<name>
<value>evacuationVehicle</value>
<graphics>
<offset x="-5.0" y="35.0"/>
</graphics>
</name>
<msgPlace>false</msgPlace>
<resPlace>true</resPlace>
<initialMarking>
<value>1</value>
<graphics>
<offset x="0.0" y="0.0"/>
</graphics>
</initialMarking>
<capacity>
<value>0</value>
</capacity>
</place>
<place id="P7">
<graphics>
<position x="1020.0" y="75.0"/>
</graphics>
<name>
<value>P7</value>
<graphics>
<offset x="-5.0" y="35.0"/>
</graphics>
</name>
<msgPlace>false</msgPlace>
<resPlace>false</resPlace>
<initialMarking>
<value>0</value>
<graphics>
<offset x="0.0" y="0.0"/>
</graphics>
</initialMarking>
<capacity>
<value>0</value>
</capacity>
</place>
<place id="P8">
<graphics>
<position x="180.0" y="300.0"/>
</graphics>
<name>
<value>P8</value>
<graphics>
<offset x="-5.0" y="35.0"/>
</graphics>
</name>
<msgPlace>false</msgPlace>
<resPlace>false</resPlace>
<initialMarking>
<value>1</value>
<graphics>
<offset x="0.0" y="0.0"/>
</graphics>
</initialMarking>
<capacity>
<value>0</value>
</capacity>
</place>
<place id="P9">
<graphics>
<position x="300.0" y="300.0"/>
</graphics>
<name>
<value>P9</value>
<graphics>
<offset x="-5.0" y="35.0"/>
</graphics>
</name>
<msgPlace>false</msgPlace>
<resPlace>false</resPlace>
<initialMarking>
<value>0</value>
<graphics>
<offset x="0.0" y="0.0"/>
</graphics>
</initialMarking>
<capacity>
<value>0</value>
</capacity>
</place>
<transition id="T0">
<graphics>
<position x="210.0" y="75.0"/>
</graphics>
<name>
<value>T0</value>
<graphics>
<offset x="-5.0" y="35.0"/>
</graphics>
</name>
<orientation>
<value>0</value>
</orientation>
<rate>
<value>1.0</value>
</rate>
<timed>
<value>false</value>
</timed>
<infiniteServer>
<value>false</value>
</infiniteServer>
<priority>
<value>1</value>
</priority>
</transition>
<transition id="T1">
<graphics>
<position x="330.0" y="75.0"/>
</graphics>
<name>
<value>T1</value>
<graphics>
<offset x="-5.0" y="35.0"/>
</graphics>
</name>
<orientation>
<value>0</value>
</orientation>
<rate>
<value>1.0</value>
</rate>
<timed>
<value>false</value>
</timed>
<infiniteServer>
<value>false</value>
</infiniteServer>
<priority>
<value>1</value>
</priority>
</transition>
<transition id="T10">
<graphics>
<position x="495.0" y="255.0"/>
</graphics>
<name>
<value>T10</value>
<graphics>
<offset x="-5.0" y="35.0"/>
</graphics>
</name>
<orientation>
<value>0</value>
</orientation>
<rate>
<value>1.0</value>
</rate>
<timed>
<value>false</value>
</timed>
<infiniteServer>
<value>false</value>
</infiniteServer>
<priority>
<value>1</value>
</priority>
</transition>
<transition id="T11">
<graphics>
<position x="495.0" y="345.0"/>
</graphics>
<name>
<value>T11</value>
<graphics>
<offset x="-5.0" y="35.0"/>
</graphics>
</name>
<orientation>
<value>0</value>
</orientation>
<rate>
<value>1.0</value>
</rate>
<timed>
<value>false</value>
</timed>
<infiniteServer>
<value>false</value>
</infiniteServer>
<priority>
<value>1</value>
</priority>
</transition>
<transition id="T12">
<graphics>
<position x="645.0" y="300.0"/>
</graphics>
<name>
<value>T12</value>
<graphics>
<offset x="-5.0" y="35.0"/>
</graphics>
</name>
<orientation>
<value>0</value>
</orientation>
<rate>
<value>1.0</value>
</rate>
<timed>
<value>false</value>
</timed>
<infiniteServer>
<value>false</value>
</infiniteServer>
<priority>
<value>1</value>
</priority>
</transition>
<transition id="T13">
<graphics>
<position x="255.0" y="555.0"/>
</graphics>
<name>
<value>T13</value>
<graphics>
<offset x="-5.0" y="35.0"/>
</graphics>
</name>
<orientation>
<value>0</value>
</orientation>
<rate>
<value>1.0</value>
</rate>
<timed>
<value>false</value>
</timed>
<infiniteServer>
<value>false</value>
</infiniteServer>
<priority>
<value>1</value>
</priority>
</transition>
<transition id="T14">
<graphics>
<position x="390.0" y="585.0"/>
</graphics>
<name>
<value>T14</value>
<graphics>
<offset x="-5.0" y="35.0"/>
</graphics>
</name>
<orientation>
<value>0</value>
</orientation>
<rate>
<value>1.0</value>
</rate>
<timed>
<value>false</value>
</timed>
<infiniteServer>
<value>false</value>
</infiniteServer>
<priority>
<value>1</value>
</priority>
</transition>
<transition id="T15">
<graphics>
<position x="390.0" y="525.0"/>
</graphics>
<name>
<value>T15</value>
<graphics>
<offset x="-5.0" y="35.0"/>
</graphics>
</name>
<orientation>
<value>0</value>
</orientation>
<rate>
<value>1.0</value>
</rate>
<timed>
<value>false</value>
</timed>
<infiniteServer>
<value>false</value>
</infiniteServer>
<priority>
<value>1</value>
</priority>
</transition>
<transition id="T16">
<graphics>
<position x="540.0" y="585.0"/>
</graphics>
<name>
<value>T16</value>
<graphics>
<offset x="-5.0" y="35.0"/>
</graphics>
</name>
<orientation>
<value>0</value>
</orientation>
<rate>
<value>1.0</value>
</rate>
<timed>
<value>false</value>
</timed>
<infiniteServer>
<value>false</value>
</infiniteServer>
<priority>
<value>1</value>
</priority>
</transition>
<transition id="T17">
<graphics>
<position x="675.0" y="585.0"/>
</graphics>
<name>
<value>T17</value>
<graphics>
<offset x="-5.0" y="35.0"/>
</graphics>
</name>
<orientation>
<value>0</value>
</orientation>
<rate>
<value>1.0</value>
</rate>
<timed>
<value>false</value>
</timed>
<infiniteServer>
<value>false</value>
</infiniteServer>
<priority>
<value>1</value>
</priority>
</transition>
<transition id="T18">
<graphics>
<position x="270.0" y="810.0"/>
</graphics>
<name>
<value>T18</value>
<graphics>
<offset x="-5.0" y="35.0"/>
</graphics>
</name>
<orientation>
<value>0</value>
</orientation>
<rate>
<value>1.0</value>
</rate>
<timed>
<value>false</value>
</timed>
<infiniteServer>
<value>false</value>
</infiniteServer>
<priority>
<value>1</value>
</priority>
</transition>
<transition id="T19">
<graphics>
<position x="405.0" y="810.0"/>
</graphics>
<name>
<value>T19</value>
<graphics>
<offset x="-5.0" y="35.0"/>
</graphics>
</name>
<orientation>
<value>0</value>
</orientation>
<rate>
<value>1.0</value>
</rate>
<timed>
<value>false</value>
</timed>
<infiniteServer>
<value>false</value>
</infiniteServer>
<priority>
<value>1</value>
</priority>
</transition>
<transition id="T2">
<graphics>
<position x="450.0" y="105.0"/>
</graphics>
<name>
<value>T2</value>
<graphics>
<offset x="-5.0" y="35.0"/>
</graphics>
</name>
<orientation>
<value>0</value>
</orientation>
<rate>
<value>1.0</value>
</rate>
<timed>
<value>false</value>
</timed>
<infiniteServer>
<value>false</value>
</infiniteServer>
<priority>
<value>1</value>
</priority>
</transition>
<transition id="T20">
<graphics>
<position x="585.0" y="735.0"/>
</graphics>
<name>
<value>T20</value>
<graphics>
<offset x="-5.0" y="35.0"/>
</graphics>
</name>
<orientation>
<value>0</value>
</orientation>
<rate>
<value>1.0</value>
</rate>
<timed>
<value>false</value>
</timed>
<infiniteServer>
<value>false</value>
</infiniteServer>
<priority>
<value>1</value>
</priority>
</transition>
<transition id="T21">
<graphics>
<position x="585.0" y="795.0"/>
</graphics>
<name>
<value>T21</value>
<graphics>
<offset x="-5.0" y="35.0"/>
</graphics>
</name>
<orientation>
<value>0</value>
</orientation>
<rate>
<value>1.0</value>
</rate>
<timed>
<value>false</value>
</timed>
<infiniteServer>
<value>false</value>
</infiniteServer>
<priority>
<value>1</value>
</priority>
</transition>
<transition id="T22">
<graphics>
<position x="585.0" y="855.0"/>
</graphics>
<name>
<value>T22</value>
<graphics>
<offset x="-5.0" y="35.0"/>
</graphics>
</name>
<orientation>
<value>0</value>
</orientation>
<rate>
<value>1.0</value>
</rate>
<timed>
<value>false</value>
</timed>
<infiniteServer>
<value>false</value>
</infiniteServer>
<priority>
<value>1</value>
</priority>
</transition>
<transition id="T23">
<graphics>
<position x="585.0" y="900.0"/>
</graphics>
<name>
<value>T23</value>
<graphics>
<offset x="-5.0" y="35.0"/>
</graphics>
</name>
<orientation>
<value>0</value>
</orientation>
<rate>
<value>1.0</value>
</rate>
<timed>
<value>false</value>
</timed>
<infiniteServer>
<value>false</value>
</infiniteServer>
<priority>
<value>1</value>
</priority>
</transition>
<transition id="T24">
<graphics>
<position x="780.0" y="795.0"/>
</graphics>
<name>
<value>T24</value>
<graphics>
<offset x="-5.0" y="35.0"/>
</graphics>
</name>
<orientation>
<value>0</value>
</orientation>
<rate>
<value>1.0</value>
</rate>
<timed>
<value>false</value>
</timed>
<infiniteServer>
<value>false</value>
</infiniteServer>
<priority>
<value>1</value>
</priority>
</transition>
<transition id="T25">
<graphics>
<position x="945.0" y="795.0"/>
</graphics>
<name>
<value>T25</value>
<graphics>
<offset x="-5.0" y="35.0"/>
</graphics>
</name>
<orientation>
<value>0</value>
</orientation>
<rate>
<value>1.0</value>
</rate>
<timed>
<value>false</value>
</timed>
<infiniteServer>
<value>false</value>
</infiniteServer>
<priority>
<value>1</value>
</priority>
</transition>
<transition id="T26">
<graphics>
<position x="315.0" y="1230.0"/>
</graphics>
<name>
<value>T26</value>
<graphics>
<offset x="-5.0" y="35.0"/>
</graphics>
</name>
<orientation>
<value>0</value>
</orientation>
<rate>
<value>1.0</value>
</rate>
<timed>
<value>false</value>
</timed>
<infiniteServer>
<value>false</value>
</infiniteServer>
<priority>
<value>1</value>
</priority>
</transition>
<transition id="T27">
<graphics>
<position x="465.0" y="1185.0"/>
</graphics>
<name>
<value>T27</value>
<graphics>
<offset x="-5.0" y="35.0"/>
</graphics>
</name>
<orientation>
<value>0</value>
</orientation>
<rate>
<value>1.0</value>
</rate>
<timed>
<value>false</value>
</timed>
<infiniteServer>
<value>false</value>
</infiniteServer>
<priority>
<value>1</value>
</priority>
</transition>
<transition id="T28">
<graphics>
<position x="465.0" y="1275.0"/>
</graphics>
<name>
<value>T28</value>
<graphics>
<offset x="-5.0" y="35.0"/>
</graphics>
</name>
<orientation>
<value>0</value>
</orientation>
<rate>
<value>1.0</value>
</rate>
<timed>
<value>false</value>
</timed>
<infiniteServer>
<value>false</value>
</infiniteServer>
<priority>
<value>1</value>
</priority>
</transition>
<transition id="T29">
<graphics>
<position x="630.0" y="1230.0"/>
</graphics>
<name>
<value>T29</value>
<graphics>
<offset x="-5.0" y="35.0"/>
</graphics>
</name>
<orientation>
<value>0</value>
</orientation>
<rate>
<value>1.0</value>
</rate>
<timed>
<value>false</value>
</timed>
<infiniteServer>
<value>false</value>
</infiniteServer>
<priority>
<value>1</value>
</priority>
</transition>
<transition id="T3">
<graphics>
<position x="450.0" y="30.0"/>
</graphics>
<name>
<value>T3</value>
<graphics>
<offset x="-5.0" y="35.0"/>
</graphics>
</name>
<orientation>
<value>0</value>
</orientation>
<rate>
<value>1.0</value>
</rate>
<timed>
<value>false</value>
</timed>
<infiniteServer>
<value>false</value>
</infiniteServer>
<priority>
<value>1</value>
</priority>
</transition>
<transition id="T30">
<graphics>
<position x="585.0" y="30.0"/>
</graphics>
<name>
<value>T30</value>
<graphics>
<offset x="-5.0" y="35.0"/>
</graphics>
</name>
<orientation>
<value>0</value>
</orientation>
<rate>
<value>1.0</value>
</rate>
<timed>
<value>false</value>
</timed>
<infiniteServer>
<value>false</value>
</infiniteServer>
<priority>
<value>1</value>
</priority>
</transition>
<transition id="T31">
<graphics>
<position x="525.0" y="1005.0"/>
</graphics>
<name>
<value>T31</value>
<graphics>
<offset x="-5.0" y="35.0"/>
</graphics>
</name>
<orientation>
<value>0</value>
</orientation>
<rate>
<value>1.0</value>
</rate>
<timed>
<value>false</value>
</timed>
<infiniteServer>
<value>false</value>
</infiniteServer>
<priority>
<value>1</value>
</priority>
</transition>
<transition id="T4">
<graphics>
<position x="585.0" y="105.0"/>
</graphics>
<name>
<value>T4</value>
<graphics>
<offset x="-5.0" y="35.0"/>
</graphics>
</name>
<orientation>
<value>0</value>
</orientation>
<rate>
<value>1.0</value>
</rate>
<timed>
<value>false</value>
</timed>
<infiniteServer>
<value>false</value>
</infiniteServer>
<priority>
<value>1</value>
</priority>
</transition>
<transition id="T5">
<graphics>
<position x="705.0" y="105.0"/>
</graphics>
<name>
<value>T5</value>
<graphics>
<offset x="-5.0" y="35.0"/>
</graphics>
</name>
<orientation>
<value>0</value>
</orientation>
<rate>
<value>1.0</value>
</rate>
<timed>
<value>false</value>
</timed>
<infiniteServer>
<value>false</value>
</infiniteServer>
<priority>
<value>1</value>
</priority>
</transition>
<transition id="T6">
<graphics>
<position x="840.0" y="75.0"/>
</graphics>
<name>
<value>T6</value>
<graphics>
<offset x="-5.0" y="35.0"/>
</graphics>
</name>
<orientation>
<value>0</value>
</orientation>
<rate>
<value>1.0</value>
</rate>
<timed>
<value>false</value>
</timed>
<infiniteServer>
<value>false</value>
</infiniteServer>
<priority>
<value>1</value>
</priority>
</transition>
<transition id="T7">
<graphics>
<position x="960.0" y="75.0"/>
</graphics>
<name>
<value>T7</value>
<graphics>
<offset x="-5.0" y="35.0"/>
</graphics>
</name>
<orientation>
<value>0</value>
</orientation>
<rate>
<value>1.0</value>
</rate>
<timed>
<value>false</value>
</timed>
<infiniteServer>
<value>false</value>
</infiniteServer>
<priority>
<value>1</value>
</priority>
</transition>
<transition id="T8">
<graphics>
<position x="240.0" y="300.0"/>
</graphics>
<name>
<value>T8</value>
<graphics>
<offset x="-5.0" y="35.0"/>
</graphics>
</name>
<orientation>
<value>0</value>
</orientation>
<rate>
<value>1.0</value>
</rate>
<timed>
<value>false</value>
</timed>
<infiniteServer>
<value>false</value>
</infiniteServer>
<priority>
<value>1</value>
</priority>
</transition>
<transition id="T9">
<graphics>
<position x="360.0" y="300.0"/>
</graphics>
<name>
<value>T9</value>
<graphics>
<offset x="-5.0" y="35.0"/>
</graphics>
</name>
<orientation>
<value>0</value>
</orientation>
<rate>
<value>1.0</value>
</rate>
<timed>
<value>false</value>
</timed>
<infiniteServer>
<value>false</value>
</infiniteServer>
<priority>
<value>1</value>
</priority>
</transition>
<arc id="P0 to T0" source="P0" target="T0">
<graphics/>
<inscription>
<value>1</value>
<graphics/>
</inscription>
<tagged>
<value>false</value>
</tagged>
<arcpath id="000" x="191" y="87" curvePoint="false"/>
<arcpath id="001" x="216" y="87" curvePoint="false"/>
<type value="normal"/>
</arc>
<arc id="P10 to T10" source="P10" target="T10">
<graphics/>
<inscription>
<value>1</value>
<graphics/>
</inscription>
<tagged>
<value>false</value>
</tagged>
<arcpath id="000" x="446" y="267" curvePoint="false"/>
<arcpath id="001" x="501" y="267" curvePoint="false"/>
<type value="normal"/>
</arc>
<arc id="P11 to T11" source="P11" target="T11">
<graphics/>
<inscription>
<value>1</value>
<graphics/>
</inscription>
<tagged>
<value>false</value>
</tagged>
<arcpath id="000" x="446" y="357" curvePoint="false"/>
<arcpath id="001" x="501" y="357" curvePoint="false"/>
<type value="normal"/>
</arc>
<arc id="P12 to T12" source="P12" target="T12">
<graphics/>
<inscription>
<value>1</value>
<graphics/>
</inscription>
<tagged>
<value>false</value>
</tagged>
<arcpath id="000" x="594" y="275" curvePoint="false"/>
<arcpath id="001" x="652" y="307" curvePoint="false"/>
<type value="normal"/>
</arc>
<arc id="P13 to T12" source="P13" target="T12">
<graphics/>
<inscription>
<value>1</value>
<graphics/>
</inscription>
<tagged>
<value>false</value>
</tagged>
<arcpath id="000" x="595" y="349" curvePoint="false"/>
<arcpath id="001" x="651" y="317" curvePoint="false"/>
<type value="normal"/>
</arc>
<arc id="P15 to T13" source="P15" target="T13">
<graphics/>
<inscription>
<value>1</value>
<graphics/>
</inscription>
<tagged>
<value>false</value>
</tagged>
<arcpath id="000" x="221" y="567" curvePoint="false"/>
<arcpath id="001" x="261" y="567" curvePoint="false"/>
<type value="normal"/>
</arc>
<arc id="P16 to T14" source="P16" target="T14">
<graphics/>
<inscription>
<value>1</value>
<graphics/>
</inscription>
<tagged>
<value>false</value>
</tagged>
<arcpath id="000" x="340" y="573" curvePoint="false"/>
<arcpath id="001" x="396" y="597" curvePoint="false"/>
<type value="normal"/>
</arc>
<arc id="P16 to T15" source="P16" target="T15">
<graphics/>
<inscription>
<value>1</value>
<graphics/>
</inscription>
<tagged>
<value>false</value>
</tagged>
<arcpath id="000" x="340" y="561" curvePoint="false"/>
<arcpath id="001" x="396" y="537" curvePoint="false"/>
<type value="normal"/>
</arc>
<arc id="P17 to T16" source="P17" target="T16">
<graphics/>
<inscription>
<value>1</value>
<graphics/>
</inscription>
<tagged>
<value>false</value>
</tagged>
<arcpath id="000" x="506" y="597" curvePoint="false"/>
<arcpath id="001" x="546" y="597" curvePoint="false"/>
<type value="normal"/>
</arc>
<arc id="P18 to T17" source="P18" target="T17">
<graphics/>
<inscription>
<value>1</value>
<graphics/>
</inscription>
<tagged>
<value>false</value>
</tagged>
<arcpath id="000" x="626" y="597" curvePoint="false"/>
<arcpath id="001" x="681" y="597" curvePoint="false"/>
<type value="normal"/>
</arc>
<arc id="P1 to T1" source="P1" target="T1">
<graphics/>
<inscription>
<value>1</value>
<graphics/>
</inscription>
<tagged>
<value>false</value>
</tagged>
<arcpath id="000" x="296" y="87" curvePoint="false"/>
<arcpath id="001" x="336" y="87" curvePoint="false"/>
<type value="normal"/>
</arc>
<arc id="P20 to T18" source="P20" target="T18">
<graphics/>
<inscription>
<value>1</value>
<graphics/>
</inscription>
<tagged>
<value>false</value>
</tagged>
<arcpath id="000" x="236" y="822" curvePoint="false"/>
<arcpath id="001" x="276" y="822" curvePoint="false"/>
<type value="normal"/>
</arc>
<arc id="P20 to T31" source="P20" target="T31">
<graphics/>
<inscription>
<value>1</value>
<graphics/>
</inscription>
<tagged>
<value>false</value>
</tagged>
<arcpath id="000" x="234" y="830" curvePoint="false"/>
<arcpath id="001" x="531" y="1017" curvePoint="false"/>
<type value="normal"/>
</arc>
<arc id="P21 to T19" source="P21" target="T19">
<graphics/>
<inscription>
<value>1</value>
<graphics/>
</inscription>
<tagged>
<value>false</value>
</tagged>
<arcpath id="000" x="356" y="822" curvePoint="false"/>
<arcpath id="001" x="411" y="822" curvePoint="false"/>
<type value="normal"/>
</arc>
<arc id="P22 to T20" source="P22" target="T20">
<graphics/>
<inscription>
<value>1</value>
<graphics/>
</inscription>
<tagged>
<value>false</value>
</tagged>
<arcpath id="000" x="521" y="747" curvePoint="false"/>
<arcpath id="001" x="591" y="747" curvePoint="false"/>
<type value="normal"/>
</arc>
<arc id="P23 to T21" source="P23" target="T21">
<graphics/>
<inscription>
<value>1</value>
<graphics/>
</inscription>
<tagged>
<value>false</value>
</tagged>
<arcpath id="000" x="521" y="807" curvePoint="false"/>
<arcpath id="001" x="591" y="807" curvePoint="false"/>
<type value="normal"/>
</arc>
<arc id="P24 to T22" source="P24" target="T22">
<graphics/>
<inscription>
<value>1</value>
<graphics/>
</inscription>
<tagged>
<value>false</value>
</tagged>
<arcpath id="000" x="521" y="867" curvePoint="false"/>
<arcpath id="001" x="591" y="867" curvePoint="false"/>
<type value="normal"/>
</arc>
<arc id="P25 to T23" source="P25" target="T23">
<graphics/>
<inscription>
<value>1</value>
<graphics/>
</inscription>
<tagged>
<value>false</value>
</tagged>
<arcpath id="000" x="521" y="912" curvePoint="false"/>
<arcpath id="001" x="591" y="912" curvePoint="false"/>
<type value="normal"/>
</arc>
<arc id="P26 to T24" source="P26" target="T24">
<graphics/>
<inscription>
<value>1</value>
<graphics/>
</inscription>
<tagged>
<value>false</value>
</tagged>
<arcpath id="000" x="699" y="754" curvePoint="false"/>
<arcpath id="001" x="787" y="798" curvePoint="false"/>
<type value="normal"/>
</arc>
<arc id="P27 to T24" source="P27" target="T24">
<graphics/>
<inscription>
<value>1</value>
<graphics/>
</inscription>
<tagged>
<value>false</value>
</tagged>
<arcpath id="000" x="701" y="807" curvePoint="false"/>
<arcpath id="001" x="787" y="804" curvePoint="false"/>
<type value="normal"/>
</arc>
<arc id="P28 to T24" source="P28" target="T24">
<graphics/>
<inscription>
<value>1</value>
<graphics/>
</inscription>
<tagged>
<value>false</value>
</tagged>
<arcpath id="000" x="700" y="860" curvePoint="false"/>
<arcpath id="001" x="786" y="810" curvePoint="false"/>
<type value="normal"/>
</arc>
<arc id="P29 to T24" source="P29" target="T24">
<graphics/>
<inscription>
<value>1</value>
<graphics/>
</inscription>
<tagged>
<value>false</value>
</tagged>
<arcpath id="000" x="697" y="901" curvePoint="false"/>
<arcpath id="001" x="786" y="816" curvePoint="false"/>
<type value="normal"/>
</arc>
<arc id="P2 to T2" source="P2" target="T2">
<graphics/>
<inscription>
<value>1</value>
<graphics/>
</inscription>
<tagged>
<value>false</value>
</tagged>
<arcpath id="000" x="415" y="94" curvePoint="false"/>
<arcpath id="001" x="456" y="117" curvePoint="false"/>
<type value="normal"/>
</arc>
<arc id="P2 to T3" source="P2" target="T3">
<graphics/>
<inscription>
<value>1</value>
<graphics/>
</inscription>
<tagged>
<value>false</value>
</tagged>
<arcpath id="000" x="413" y="77" curvePoint="false"/>
<arcpath id="001" x="456" y="47" curvePoint="false"/>
<type value="normal"/>
</arc>
<arc id="P30 to T25" source="P30" target="T25">
<graphics/>
<inscription>
<value>1</value>
<graphics/>
</inscription>
<tagged>
<value>false</value>
</tagged>
<arcpath id="000" x="896" y="807" curvePoint="false"/>
<arcpath id="001" x="951" y="807" curvePoint="false"/>
<type value="normal"/>
</arc>
<arc id="P32 to T26" source="P32" target="T26">
<graphics/>
<inscription>
<value>1</value>
<graphics/>
</inscription>
<tagged>
<value>false</value>
</tagged>
<arcpath id="000" x="281" y="1242" curvePoint="false"/>
<arcpath id="001" x="321" y="1242" curvePoint="false"/>
<type value="normal"/>
</arc>
<arc id="P33 to T27" source="P33" target="T27">
<graphics/>
<inscription>
<value>1</value>
<graphics/>
</inscription>
<tagged>
<value>false</value>
</tagged>
<arcpath id="000" x="416" y="1197" curvePoint="false"/>
<arcpath id="001" x="471" y="1197" curvePoint="false"/>
<type value="normal"/>
</arc>
<arc id="P34 to T28" source="P34" target="T28">
<graphics/>
<inscription>
<value>1</value>
<graphics/>
</inscription>
<tagged>
<value>false</value>
</tagged>
<arcpath id="000" x="416" y="1287" curvePoint="false"/>
<arcpath id="001" x="471" y="1287" curvePoint="false"/>
<type value="normal"/>
</arc>
<arc id="P35 to T29" source="P35" target="T29">
<graphics/>
<inscription>
<value>1</value>
<graphics/>
</inscription>
<tagged>
<value>false</value>
</tagged>
<arcpath id="000" x="579" y="1205" curvePoint="false"/>
<arcpath id="001" x="637" y="1237" curvePoint="false"/>
<type value="normal"/>
</arc>
<arc id="P36 to T29" source="P36" target="T29">
<graphics/>
<inscription>
<value>1</value>
<graphics/>
</inscription>
<tagged>
<value>false</value>
</tagged>
<arcpath id="000" x="580" y="1279" curvePoint="false"/>
<arcpath id="001" x="636" y="1247" curvePoint="false"/>
<type value="normal"/>
</arc>
<arc id="P38 to T0" source="P38" target="T0">
<graphics/>
<inscription>
<value>1</value>
<graphics/>
</inscription>
<tagged>
<value>false</value>
</tagged>
<arcpath id="000" x="222" y="56" curvePoint="false"/>
<arcpath id="001" x="222" y="72" curvePoint="false"/>
<type value="normal"/>
</arc>
<arc id="P39 to T0" source="P39" target="T0">
<graphics/>
<inscription>
<value>1</value>
<graphics/>
</inscription>
<tagged>
<value>false</value>
</tagged>
<arcpath id="000" x="222" y="132" curvePoint="false"/>
<arcpath id="001" x="222" y="102" curvePoint="false"/>
<type value="normal"/>
</arc>
<arc id="P3 to T4" source="P3" target="T4">
<graphics/>
<inscription>
<value>1</value>
<graphics/>
</inscription>
<tagged>
<value>false</value>
</tagged>
<arcpath id="000" x="551" y="117" curvePoint="false"/>
<arcpath id="001" x="591" y="117" curvePoint="false"/>
<type value="normal"/>
</arc>
<arc id="P42 to T3" source="P42" target="T3">
<graphics/>
<inscription>
<value>1</value>
<graphics/>
</inscription>
<tagged>
<value>false</value>
</tagged>
<arcpath id="000" x="416" y="29" curvePoint="false"/>
<arcpath id="001" x="457" y="37" curvePoint="false"/>
<type value="normal"/>
</arc>
<arc id="P44 to T2" source="P44" target="T2">
<graphics/>
<inscription>
<value>1</value>
<graphics/>
</inscription>
<tagged>
<value>false</value>
</tagged>
<arcpath id="000" x="462" y="162" curvePoint="false"/>
<arcpath id="001" x="462" y="132" curvePoint="false"/>
<type value="normal"/>
</arc>
<arc id="P46 to T5" source="P46" target="T5">
<graphics/>
<inscription>
<value>1</value>
<graphics/>
</inscription>
<tagged>
<value>false</value>
</tagged>
<arcpath id="000" x="717" y="162" curvePoint="false"/>
<arcpath id="001" x="717" y="132" curvePoint="false"/>
<type value="normal"/>
</arc>
<arc id="P49 to T13" source="P49" target="T13">
<graphics/>
<inscription>
<value>1</value>
<graphics/>
</inscription>
<tagged>
<value>false</value>
</tagged>
<arcpath id="000" x="267" y="521" curvePoint="false"/>
<arcpath id="001" x="267" y="552" curvePoint="false"/>
<type value="normal"/>
</arc>
<arc id="P4 to T5" source="P4" target="T5">
<graphics/>
<inscription>
<value>1</value>
<graphics/>
</inscription>
<tagged>
<value>false</value>
</tagged>
<arcpath id="000" x="671" y="117" curvePoint="false"/>
<arcpath id="001" x="711" y="117" curvePoint="false"/>
<type value="normal"/>
</arc>
<arc id="P50 to T18" source="P50" target="T18">
<graphics/>
<inscription>
<value>1</value>
<graphics/>
</inscription>
<tagged>
<value>false</value>
</tagged>
<arcpath id="000" x="282" y="776" curvePoint="false"/>
<arcpath id="001" x="282" y="807" curvePoint="false"/>
<type value="normal"/>
</arc>
<arc id="P53 to T7" source="P53" target="T7">
<graphics/>
<inscription>
<value>1</value>
<graphics/>
</inscription>
<tagged>
<value>false</value>
</tagged>
<arcpath id="000" x="972" y="41" curvePoint="false"/>
<arcpath id="001" x="972" y="72" curvePoint="false"/>
<type value="normal"/>
</arc>
<arc id="P54 to T26" source="P54" target="T26">
<graphics/>
<inscription>
<value>1</value>
<graphics/>
</inscription>
<tagged>
<value>false</value>
</tagged>
<arcpath id="000" x="327" y="1181" curvePoint="false"/>
<arcpath id="001" x="327" y="1227" curvePoint="false"/>
<type value="normal"/>
</arc>
<arc id="P56 to T30" source="P56" target="T30">
<graphics/>
<inscription>
<value>1</value>
<graphics/>
</inscription>
<tagged>
<value>false</value>
</tagged>
<arcpath id="000" x="551" y="42" curvePoint="false"/>
<arcpath id="001" x="591" y="42" curvePoint="false"/>
<type value="normal"/>
</arc>
<arc id="P58 to T31" source="P58" target="T31">
<graphics/>
<inscription>
<value>1</value>
<graphics/>
</inscription>
<tagged>
<value>false</value>
</tagged>
<arcpath id="000" x="537" y="1062" curvePoint="false"/>
<arcpath id="001" x="537" y="1032" curvePoint="false"/>
<type value="normal"/>
</arc>
<arc id="P59 to T20" source="P59" target="T20">
<graphics/>
<inscription>
<value>1</value>
<graphics/>
</inscription>
<tagged>
<value>false</value>
</tagged>
<arcpath id="000" x="597" y="701" curvePoint="false"/>
<arcpath id="001" x="597" y="732" curvePoint="false"/>
<type value="normal"/>
</arc>
<arc id="P5 to T6" source="P5" target="T6">
<graphics/>
<inscription>
<value>1</value>
<graphics/>
</inscription>
<tagged>
<value>false</value>
</tagged>
<arcpath id="000" x="791" y="87" curvePoint="false"/>
<arcpath id="001" x="846" y="87" curvePoint="false"/>
<type value="normal"/>
</arc>
<arc id="P60 to T21" source="P60" target="T21">
<graphics/>
<inscription>
<value>1</value>
<graphics/>
</inscription>
<tagged>
<value>false</value>
</tagged>
<arcpath id="000" x="617" y="788" curvePoint="false"/>
<arcpath id="001" x="602" y="802" curvePoint="false"/>
<type value="normal"/>
</arc>
<arc id="P61 to T23" source="P61" target="T23">
<graphics/>
<inscription>
<value>1</value>
<graphics/>
</inscription>
<tagged>
<value>false</value>
</tagged>
<arcpath id="000" x="597" y="942" curvePoint="false"/>
<arcpath id="001" x="597" y="927" curvePoint="false"/>
<type value="normal"/>
</arc>
<arc id="P62 to T22" source="P62" target="T22">
<graphics/>
<inscription>
<value>1</value>
<graphics/>
</inscription>
<tagged>
<value>false</value>
</tagged>
<arcpath id="000" x="616" y="847" curvePoint="false"/>
<arcpath id="001" x="602" y="862" curvePoint="false"/>
<type value="normal"/>
</arc>
<arc id="P6 to T7" source="P6" target="T7">
<graphics/>
<inscription>
<value>1</value>
<graphics/>
</inscription>
<tagged>
<value>false</value>
</tagged>
<arcpath id="000" x="926" y="87" curvePoint="false"/>
<arcpath id="001" x="966" y="87" curvePoint="false"/>
<type value="normal"/>
</arc>
<arc id="P8 to T8" source="P8" target="T8">
<graphics/>
<inscription>
<value>1</value>
<graphics/>
</inscription>
<tagged>
<value>false</value>
</tagged>
<arcpath id="000" x="206" y="312" curvePoint="false"/>
<arcpath id="001" x="246" y="312" curvePoint="false"/>
<type value="normal"/>
</arc>
<arc id="P9 to T9" source="P9" target="T9">
<graphics/>
<inscription>
<value>1</value>
<graphics/>
</inscription>
<tagged>
<value>false</value>
</tagged>
<arcpath id="000" x="326" y="312" curvePoint="false"/>
<arcpath id="001" x="366" y="312" curvePoint="false"/>
<type value="normal"/>
</arc>
<arc id="T0 to P1" source="T0" target="P1">
<graphics/>
<inscription>
<value>1</value>
<graphics/>
</inscription>
<tagged>
<value>false</value>
</tagged>
<arcpath id="000" x="226" y="87" curvePoint="false"/>
<arcpath id="001" x="267" y="87" curvePoint="false"/>
<type value="normal"/>
</arc>
<arc id="T10 to P12" source="T10" target="P12">
<graphics/>
<inscription>
<value>1</value>
<graphics/>
</inscription>
<tagged>
<value>false</value>
</tagged>
<arcpath id="000" x="511" y="267" curvePoint="false"/>
<arcpath id="001" x="567" y="267" curvePoint="false"/>
<type value="normal"/>
</arc>
<arc id="T11 to P13" source="T11" target="P13">
<graphics/>
<inscription>
<value>1</value>
<graphics/>
</inscription>
<tagged>
<value>false</value>
</tagged>
<arcpath id="000" x="511" y="357" curvePoint="false"/>
<arcpath id="001" x="567" y="357" curvePoint="false"/>
<type value="normal"/>
</arc>
<arc id="T11 to P41" source="T11" target="P41">
<graphics/>
<inscription>
<value>1</value>
<graphics/>
</inscription>
<tagged>
<value>false</value>
</tagged>
<arcpath id="000" x="507" y="372" curvePoint="false"/>
<arcpath id="001" x="507" y="387" curvePoint="false"/>
<type value="normal"/>
</arc>
<arc id="T12 to P14" source="T12" target="P14">
<graphics/>
<inscription>
<value>1</value>
<graphics/>
</inscription>
<tagged>
<value>false</value>
</tagged>
<arcpath id="000" x="661" y="312" curvePoint="false"/>
<arcpath id="001" x="732" y="312" curvePoint="false"/>
<type value="normal"/>
</arc>
<arc id="T12 to P40" source="T12" target="P40">
<graphics/>
<inscription>
<value>1</value>
<graphics/>
</inscription>
<tagged>
<value>false</value>
</tagged>
<arcpath id="000" x="657" y="297" curvePoint="false"/>
<arcpath id="001" x="657" y="266" curvePoint="false"/>
<type value="normal"/>
</arc>
<arc id="T13 to P16" source="T13" target="P16">
<graphics/>
<inscription>
<value>1</value>
<graphics/>
</inscription>
<tagged>
<value>false</value>
</tagged>
<arcpath id="000" x="271" y="567" curvePoint="false"/>
<arcpath id="001" x="312" y="567" curvePoint="false"/>
<type value="normal"/>
</arc>
<arc id="T14 to P17" source="T14" target="P17">
<graphics/>
<inscription>
<value>1</value>
<graphics/>
</inscription>
<tagged>
<value>false</value>
</tagged>
<arcpath id="000" x="406" y="597" curvePoint="false"/>
<arcpath id="001" x="477" y="597" curvePoint="false"/>
<type value="normal"/>
</arc>
<arc id="T15 to P19" source="T15" target="P19">
<graphics/>
<inscription>
<value>1</value>
<graphics/>
</inscription>
<tagged>
<value>false</value>
</tagged>
<arcpath id="000" x="406" y="537" curvePoint="false"/>
<arcpath id="001" x="747" y="565" curvePoint="false"/>
<type value="normal"/>
</arc>
<arc id="T15 to P43" source="T15" target="P43">
<graphics/>
<inscription>
<value>1</value>
<graphics/>
</inscription>
<tagged>
<value>false</value>
</tagged>
<arcpath id="000" x="402" y="522" curvePoint="false"/>
<arcpath id="001" x="402" y="506" curvePoint="false"/>
<type value="normal"/>
</arc>
<arc id="T16 to P18" source="T16" target="P18">
<graphics/>
<inscription>
<value>1</value>
<graphics/>
</inscription>
<tagged>
<value>false</value>
</tagged>
<arcpath id="000" x="556" y="597" curvePoint="false"/>
<arcpath id="001" x="597" y="597" curvePoint="false"/>
<type value="normal"/>
</arc>
<arc id="T17 to P19" source="T17" target="P19">
<graphics/>
<inscription>
<value>1</value>
<graphics/>
</inscription>
<tagged>
<value>false</value>
</tagged>
<arcpath id="000" x="691" y="597" curvePoint="false"/>
<arcpath id="001" x="748" y="572" curvePoint="false"/>
<type value="normal"/>
</arc>
<arc id="T17 to P47" source="T17" target="P47">
<graphics/>
<inscription>
<value>1</value>
<graphics/>
</inscription>
<tagged>
<value>false</value>
</tagged>
<arcpath id="000" x="687" y="612" curvePoint="false"/>
<arcpath id="001" x="687" y="642" curvePoint="false"/>
<type value="normal"/>
</arc>
<arc id="T18 to P21" source="T18" target="P21">
<graphics/>
<inscription>
<value>1</value>
<graphics/>
</inscription>
<tagged>
<value>false</value>
</tagged>
<arcpath id="000" x="286" y="822" curvePoint="false"/>
<arcpath id="001" x="327" y="822" curvePoint="false"/>
<type value="normal"/>
</arc>
<arc id="T19 to P22" source="T19" target="P22">
<graphics/>
<inscription>
<value>1</value>
<graphics/>
</inscription>
<tagged>
<value>false</value>
</tagged>
<arcpath id="000" x="422" y="813" curvePoint="false"/>
<arcpath id="001" x="495" y="756" curvePoint="false"/>
<type value="normal"/>
</arc>
<arc id="T19 to P23" source="T19" target="P23">
<graphics/>
<inscription>
<value>1</value>
<graphics/>
</inscription>
<tagged>
<value>false</value>
</tagged>
<arcpath id="000" x="422" y="819" curvePoint="false"/>
<arcpath id="001" x="492" y="810" curvePoint="false"/>
<type value="normal"/>
</arc>
<arc id="T19 to P24" source="T19" target="P24">
<graphics/>
<inscription>
<value>1</value>
<graphics/>
</inscription>
<tagged>
<value>false</value>
</tagged>
<arcpath id="000" x="421" y="825" curvePoint="false"/>
<arcpath id="001" x="493" y="860" curvePoint="false"/>
<type value="normal"/>
</arc>
<arc id="T19 to P25" source="T19" target="P25">
<graphics/>
<inscription>
<value>1</value>
<graphics/>
</inscription>
<tagged>
<value>false</value>
</tagged>
<arcpath id="000" x="421" y="831" curvePoint="false"/>
<arcpath id="001" x="496" y="901" curvePoint="false"/>
<type value="normal"/>
</arc>
<arc id="T1 to P2" source="T1" target="P2">
<graphics/>
<inscription>
<value>1</value>
<graphics/>
</inscription>
<tagged>
<value>false</value>
</tagged>
<arcpath id="000" x="346" y="87" curvePoint="false"/>
<arcpath id="001" x="387" y="87" curvePoint="false"/>
<type value="normal"/>
</arc>
<arc id="T1 to P48" source="T1" target="P48">
<graphics/>
<inscription>
<value>1</value>
<graphics/>
</inscription>
<tagged>
<value>false</value>
</tagged>
<arcpath id="000" x="342" y="102" curvePoint="false"/>
<arcpath id="001" x="342" y="132" curvePoint="false"/>
<type value="normal"/>
</arc>
<arc id="T20 to P26" source="T20" target="P26">
<graphics/>
<inscription>
<value>1</value>
<graphics/>
</inscription>
<tagged>
<value>false</value>
</tagged>
<arcpath id="000" x="601" y="747" curvePoint="false"/>
<arcpath id="001" x="672" y="747" curvePoint="false"/>
<type value="normal"/>
</arc>
<arc id="T20 to P59" source="T20" target="P59">
<graphics/>
<inscription>
<value>1</value>
<graphics/>
</inscription>
<tagged>
<value>false</value>
</tagged>
<arcpath id="000" x="597" y="732" curvePoint="false"/>
<arcpath id="001" x="597" y="701" curvePoint="false"/>
<type value="normal"/>
</arc>
<arc id="T21 to P27" source="T21" target="P27">
<graphics/>
<inscription>
<value>1</value>
<graphics/>
</inscription>
<tagged>
<value>false</value>
</tagged>
<arcpath id="000" x="601" y="812" curvePoint="false"/>
<arcpath id="001" x="672" y="807" curvePoint="false"/>
<type value="normal"/>
</arc>
<arc id="T22 to P28" source="T22" target="P28">
<graphics/>
<inscription>
<value>1</value>
<graphics/>
</inscription>
<tagged>
<value>false</value>
</tagged>
<arcpath id="000" x="601" y="872" curvePoint="false"/>
<arcpath id="001" x="672" y="867" curvePoint="false"/>
<type value="normal"/>
</arc>
<arc id="T23 to P29" source="T23" target="P29">
<graphics/>
<inscription>
<value>1</value>
<graphics/>
</inscription>
<tagged>
<value>false</value>
</tagged>
<arcpath id="000" x="601" y="912" curvePoint="false"/>
<arcpath id="001" x="672" y="912" curvePoint="false"/>
<type value="normal"/>
</arc>
<arc id="T24 to P30" source="T24" target="P30">
<graphics/>
<inscription>
<value>1</value>
<graphics/>
</inscription>
<tagged>
<value>false</value>
</tagged>
<arcpath id="000" x="796" y="807" curvePoint="false"/>
<arcpath id="001" x="867" y="807" curvePoint="false"/>
<type value="normal"/>
</arc>
<arc id="T25 to P31" source="T25" target="P31">
<graphics/>
<inscription>
<value>1</value>
<graphics/>
</inscription>
<tagged>
<value>false</value>
</tagged>
<arcpath id="000" x="961" y="807" curvePoint="false"/>
<arcpath id="001" x="1002" y="807" curvePoint="false"/>
<type value="normal"/>
</arc>
<arc id="T25 to P51" source="T25" target="P51">
<graphics/>
<inscription>
<value>1</value>
<graphics/>
</inscription>
<tagged>
<value>false</value>
</tagged>
<arcpath id="000" x="957" y="792" curvePoint="false"/>
<arcpath id="001" x="957" y="776" curvePoint="false"/>
<type value="normal"/>
</arc>
<arc id="T26 to P33" source="T26" target="P33">
<graphics/>
<inscription>
<value>1</value>
<graphics/>
</inscription>
<tagged>
<value>false</value>
</tagged>
<arcpath id="000" x="332" y="1237" curvePoint="false"/>
<arcpath id="001" x="389" y="1205" curvePoint="false"/>
<type value="normal"/>
</arc>
<arc id="T26 to P34" source="T26" target="P34">
<graphics/>
<inscription>
<value>1</value>
<graphics/>
</inscription>
<tagged>
<value>false</value>
</tagged>
<arcpath id="000" x="331" y="1247" curvePoint="false"/>
<arcpath id="001" x="388" y="1279" curvePoint="false"/>
<type value="normal"/>
</arc>
<arc id="T27 to P35" source="T27" target="P35">
<graphics/>
<inscription>
<value>1</value>
<graphics/>
</inscription>
<tagged>
<value>false</value>
</tagged>
<arcpath id="000" x="481" y="1197" curvePoint="false"/>
<arcpath id="001" x="552" y="1197" curvePoint="false"/>
<type value="normal"/>
</arc>
<arc id="T28 to P36" source="T28" target="P36">
<graphics/>
<inscription>
<value>1</value>
<graphics/>
</inscription>
<tagged>
<value>false</value>
</tagged>
<arcpath id="000" x="481" y="1287" curvePoint="false"/>
<arcpath id="001" x="552" y="1287" curvePoint="false"/>
<type value="normal"/>
</arc>
<arc id="T29 to P37" source="T29" target="P37">
<graphics/>
<inscription>
<value>1</value>
<graphics/>
</inscription>
<tagged>
<value>false</value>
</tagged>
<arcpath id="000" x="646" y="1242" curvePoint="false"/>
<arcpath id="001" x="717" y="1242" curvePoint="false"/>
<type value="normal"/>
</arc>
<arc id="T29 to P55" source="T29" target="P55">
<graphics/>
<inscription>
<value>1</value>
<graphics/>
</inscription>
<tagged>
<value>false</value>
</tagged>
<arcpath id="000" x="642" y="1257" curvePoint="false"/>
<arcpath id="001" x="642" y="1287" curvePoint="false"/>
<type value="normal"/>
</arc>
<arc id="T2 to P3" source="T2" target="P3">
<graphics/>
<inscription>
<value>1</value>
<graphics/>
</inscription>
<tagged>
<value>false</value>
</tagged>
<arcpath id="000" x="466" y="117" curvePoint="false"/>
<arcpath id="001" x="522" y="117" curvePoint="false"/>
<type value="normal"/>
</arc>
<arc id="T30 to P5" source="T30" target="P5">
<graphics/>
<inscription>
<value>1</value>
<graphics/>
</inscription>
<tagged>
<value>false</value>
</tagged>
<arcpath id="000" x="601" y="47" curvePoint="false"/>
<arcpath id="001" x="762" y="83" curvePoint="false"/>
<type value="normal"/>
</arc>
<arc id="T30 to P57" source="T30" target="P57">
<graphics/>
<inscription>
<value>1</value>
<graphics/>
</inscription>
<tagged>
<value>false</value>
</tagged>
<arcpath id="000" x="602" y="37" curvePoint="false"/>
<arcpath id="001" x="657" y="17" curvePoint="false"/>
<type value="normal"/>
</arc>
<arc id="T31 to P31" source="T31" target="P31">
<graphics/>
<inscription>
<value>1</value>
<graphics/>
</inscription>
<tagged>
<value>false</value>
</tagged>
<arcpath id="000" x="541" y="1017" curvePoint="false"/>
<arcpath id="001" x="1003" y="813" curvePoint="false"/>
<type value="normal"/>
</arc>
<arc id="T3 to P56" source="T3" target="P56">
<graphics/>
<inscription>
<value>1</value>
<graphics/>
</inscription>
<tagged>
<value>false</value>
</tagged>
<arcpath id="000" x="466" y="42" curvePoint="false"/>
<arcpath id="001" x="522" y="42" curvePoint="false"/>
<type value="normal"/>
</arc>
<arc id="T4 to P4" source="T4" target="P4">
<graphics/>
<inscription>
<value>1</value>
<graphics/>
</inscription>
<tagged>
<value>false</value>
</tagged>
<arcpath id="000" x="601" y="117" curvePoint="false"/>
<arcpath id="001" x="642" y="117" curvePoint="false"/>
<type value="normal"/>
</arc>
<arc id="T4 to P45" source="T4" target="P45">
<graphics/>
<inscription>
<value>1</value>
<graphics/>
</inscription>
<tagged>
<value>false</value>
</tagged>
<arcpath id="000" x="597" y="132" curvePoint="false"/>
<arcpath id="001" x="597" y="162" curvePoint="false"/>
<type value="normal"/>
</arc>
<arc id="T5 to P5" source="T5" target="P5">
<graphics/>
<inscription>
<value>1</value>
<graphics/>
</inscription>
<tagged>
<value>false</value>
</tagged>
<arcpath id="000" x="721" y="117" curvePoint="false"/>
<arcpath id="001" x="763" y="94" curvePoint="false"/>
<type value="normal"/>
</arc>
<arc id="T6 to P52" source="T6" target="P52">
<graphics/>
<inscription>
<value>1</value>
<graphics/>
</inscription>
<tagged>
<value>false</value>
</tagged>
<arcpath id="000" x="852" y="72" curvePoint="false"/>
<arcpath id="001" x="852" y="41" curvePoint="false"/>
<type value="normal"/>
</arc>
<arc id="T6 to P6" source="T6" target="P6">
<graphics/>
<inscription>
<value>1</value>
<graphics/>
</inscription>
<tagged>
<value>false</value>
</tagged>
<arcpath id="000" x="856" y="87" curvePoint="false"/>
<arcpath id="001" x="897" y="87" curvePoint="false"/>
<type value="normal"/>
</arc>
<arc id="T7 to P7" source="T7" target="P7">
<graphics/>
<inscription>
<value>1</value>
<graphics/>
</inscription>
<tagged>
<value>false</value>
</tagged>
<arcpath id="000" x="976" y="87" curvePoint="false"/>
<arcpath id="001" x="1017" y="87" curvePoint="false"/>
<type value="normal"/>
</arc>
<arc id="T8 to P9" source="T8" target="P9">
<graphics/>
<inscription>
<value>1</value>
<graphics/>
</inscription>
<tagged>
<value>false</value>
</tagged>
<arcpath id="000" x="256" y="312" curvePoint="false"/>
<arcpath id="001" x="297" y="312" curvePoint="false"/>
<type value="normal"/>
</arc>
<arc id="T9 to P10" source="T9" target="P10">
<graphics/>
<inscription>
<value>1</value>
<graphics/>
</inscription>
<tagged>
<value>false</value>
</tagged>
<arcpath id="000" x="377" y="307" curvePoint="false"/>
<arcpath id="001" x="420" y="276" curvePoint="false"/>
<type value="normal"/>
</arc>
<arc id="T9 to P11" source="T9" target="P11">
<graphics/>
<inscription>
<value>1</value>
<graphics/>
</inscription>
<tagged>
<value>false</value>
</tagged>
<arcpath id="000" x="376" y="317" curvePoint="false"/>
<arcpath id="001" x="419" y="348" curvePoint="false"/>
<type value="normal"/>
</arc>
</net>
</pnml>
