<?xml version="1.0" encoding="ISO-8859-1"?><pnml>
<net id="Net-One" type="P/T net">
<labels x="1464" y="139" width="104" height="20" border="true">
<text>1*P10</text>
<finalMarings>true</finalMarings>
</labels>
<labels x="1467" y="330" width="104" height="20" border="true">
<text>1*P22</text>
<finalMarings>true</finalMarings>
</labels>
<labels x="1592" y="871" width="104" height="20" border="true">
<text>1*P44</text>
<finalMarings>true</finalMarings>
</labels>
<labels x="1431" y="1026" width="104" height="20" border="true">
<text>1*P55</text>
<finalMarings>true</finalMarings>
</labels>
<labels x="88" y="1009" width="104" height="36" border="true">
<text>Aftercare department</text>
<finalMarings>false</finalMarings>
</labels>
<labels x="28" y="285" width="104" height="36" border="true">
<text>Early warning department</text>
<finalMarings>false</finalMarings>
</labels>
<labels x="20" y="65" width="104" height="36" border="true">
<text>Emergency Center</text>
<finalMarings>false</finalMarings>
</labels>
<labels x="35" y="593" width="104" height="36" border="true">
<text>Emergency department</text>
<finalMarings>false</finalMarings>
</labels>
<place id="P0">
<graphics>
<position x="185.0" y="75.0"/>
</graphics>
<name>
<value>P0</value>
<graphics>
<offset x="-5.0" y="35.0"/>
</graphics>
</name>
<msgPlace>false</msgPlace>
<resPlace>false</resPlace>
<initialMarking>
<value>1</value>
<graphics>
<offset x="0.0" y="0.0"/>
</graphics>
</initialMarking>
<capacity>
<value>0</value>
</capacity>
</place>
<place id="P1">
<graphics>
<position x="290.0" y="75.0"/>
</graphics>
<name>
<value>P1</value>
<graphics>
<offset x="-5.0" y="35.0"/>
</graphics>
</name>
<msgPlace>false</msgPlace>
<resPlace>false</resPlace>
<initialMarking>
<value>0</value>
<graphics>
<offset x="0.0" y="0.0"/>
</graphics>
</initialMarking>
<capacity>
<value>0</value>
</capacity>
</place>
<place id="P10">
<graphics>
<position x="1280.0" y="90.0"/>
</graphics>
<name>
<value>P10</value>
<graphics>
<offset x="-5.0" y="35.0"/>
</graphics>
</name>
<msgPlace>false</msgPlace>
<resPlace>false</resPlace>
<initialMarking>
<value>0</value>
<graphics>
<offset x="0.0" y="0.0"/>
</graphics>
</initialMarking>
<capacity>
<value>0</value>
</capacity>
</place>
<place id="P11">
<graphics>
<position x="165.0" y="315.0"/>
</graphics>
<name>
<value>P11</value>
<graphics>
<offset x="-5.0" y="35.0"/>
</graphics>
</name>
<msgPlace>false</msgPlace>
<resPlace>false</resPlace>
<initialMarking>
<value>1</value>
<graphics>
<offset x="0.0" y="0.0"/>
</graphics>
</initialMarking>
<capacity>
<value>0</value>
</capacity>
</place>
<place id="P12">
<graphics>
<position x="300.0" y="315.0"/>
</graphics>
<name>
<value>P12</value>
<graphics>
<offset x="-5.0" y="35.0"/>
</graphics>
</name>
<msgPlace>false</msgPlace>
<resPlace>false</resPlace>
<initialMarking>
<value>0</value>
<graphics>
<offset x="0.0" y="0.0"/>
</graphics>
</initialMarking>
<capacity>
<value>0</value>
</capacity>
</place>
<place id="P13">
<graphics>
<position x="465.0" y="270.0"/>
</graphics>
<name>
<value>P13</value>
<graphics>
<offset x="-5.0" y="35.0"/>
</graphics>
</name>
<msgPlace>false</msgPlace>
<resPlace>false</resPlace>
<initialMarking>
<value>0</value>
<graphics>
<offset x="0.0" y="0.0"/>
</graphics>
</initialMarking>
<capacity>
<value>0</value>
</capacity>
</place>
<place id="P14">
<graphics>
<position x="465.0" y="360.0"/>
</graphics>
<name>
<value>P14</value>
<graphics>
<offset x="-5.0" y="35.0"/>
</graphics>
</name>
<msgPlace>false</msgPlace>
<resPlace>false</resPlace>
<initialMarking>
<value>0</value>
<graphics>
<offset x="0.0" y="0.0"/>
</graphics>
</initialMarking>
<capacity>
<value>0</value>
</capacity>
</place>
<place id="P15">
<graphics>
<position x="615.0" y="270.0"/>
</graphics>
<name>
<value>P15</value>
<graphics>
<offset x="-5.0" y="35.0"/>
</graphics>
</name>
<msgPlace>false</msgPlace>
<resPlace>false</resPlace>
<initialMarking>
<value>0</value>
<graphics>
<offset x="0.0" y="0.0"/>
</graphics>
</initialMarking>
<capacity>
<value>0</value>
</capacity>
</place>
<place id="P16">
<graphics>
<position x="615.0" y="360.0"/>
</graphics>
<name>
<value>P16</value>
<graphics>
<offset x="-5.0" y="35.0"/>
</graphics>
</name>
<msgPlace>false</msgPlace>
<resPlace>false</resPlace>
<initialMarking>
<value>0</value>
<graphics>
<offset x="0.0" y="0.0"/>
</graphics>
</initialMarking>
<capacity>
<value>0</value>
</capacity>
</place>
<place id="P17">
<graphics>
<position x="795.0" y="315.0"/>
</graphics>
<name>
<value>P17</value>
<graphics>
<offset x="-5.0" y="35.0"/>
</graphics>
</name>
<msgPlace>false</msgPlace>
<resPlace>false</resPlace>
<initialMarking>
<value>0</value>
<graphics>
<offset x="0.0" y="0.0"/>
</graphics>
</initialMarking>
<capacity>
<value>0</value>
</capacity>
</place>
<place id="P18">
<graphics>
<position x="930.0" y="270.0"/>
</graphics>
<name>
<value>P18</value>
<graphics>
<offset x="-5.0" y="35.0"/>
</graphics>
</name>
<msgPlace>false</msgPlace>
<resPlace>false</resPlace>
<initialMarking>
<value>0</value>
<graphics>
<offset x="0.0" y="0.0"/>
</graphics>
</initialMarking>
<capacity>
<value>0</value>
</capacity>
</place>
<place id="P19">
<graphics>
<position x="930.0" y="360.0"/>
</graphics>
<name>
<value>P19</value>
<graphics>
<offset x="-5.0" y="35.0"/>
</graphics>
</name>
<msgPlace>false</msgPlace>
<resPlace>false</resPlace>
<initialMarking>
<value>0</value>
<graphics>
<offset x="0.0" y="0.0"/>
</graphics>
</initialMarking>
<capacity>
<value>0</value>
</capacity>
</place>
<place id="P2">
<graphics>
<position x="410.0" y="75.0"/>
</graphics>
<name>
<value>P2</value>
<graphics>
<offset x="-5.0" y="35.0"/>
</graphics>
</name>
<msgPlace>false</msgPlace>
<resPlace>false</resPlace>
<initialMarking>
<value>0</value>
<graphics>
<offset x="0.0" y="0.0"/>
</graphics>
</initialMarking>
<capacity>
<value>0</value>
</capacity>
</place>
<place id="P20">
<graphics>
<position x="1095.0" y="270.0"/>
</graphics>
<name>
<value>P20</value>
<graphics>
<offset x="-5.0" y="35.0"/>
</graphics>
</name>
<msgPlace>false</msgPlace>
<resPlace>false</resPlace>
<initialMarking>
<value>0</value>
<graphics>
<offset x="0.0" y="0.0"/>
</graphics>
</initialMarking>
<capacity>
<value>0</value>
</capacity>
</place>
<place id="P21">
<graphics>
<position x="1095.0" y="360.0"/>
</graphics>
<name>
<value>P21</value>
<graphics>
<offset x="-5.0" y="35.0"/>
</graphics>
</name>
<msgPlace>false</msgPlace>
<resPlace>false</resPlace>
<initialMarking>
<value>0</value>
<graphics>
<offset x="0.0" y="0.0"/>
</graphics>
</initialMarking>
<capacity>
<value>0</value>
</capacity>
</place>
<place id="P22">
<graphics>
<position x="1260.0" y="315.0"/>
</graphics>
<name>
<value>P22</value>
<graphics>
<offset x="-5.0" y="35.0"/>
</graphics>
</name>
<msgPlace>false</msgPlace>
<resPlace>false</resPlace>
<initialMarking>
<value>0</value>
<graphics>
<offset x="0.0" y="0.0"/>
</graphics>
</initialMarking>
<capacity>
<value>0</value>
</capacity>
</place>
<place id="P23">
<graphics>
<position x="166.0" y="615.0"/>
</graphics>
<name>
<value>P23</value>
<graphics>
<offset x="-5.0" y="35.0"/>
</graphics>
</name>
<msgPlace>false</msgPlace>
<resPlace>false</resPlace>
<initialMarking>
<value>1</value>
<graphics>
<offset x="0.0" y="0.0"/>
</graphics>
</initialMarking>
<capacity>
<value>0</value>
</capacity>
</place>
<place id="P24">
<graphics>
<position x="286.0" y="615.0"/>
</graphics>
<name>
<value>P24</value>
<graphics>
<offset x="-5.0" y="35.0"/>
</graphics>
</name>
<msgPlace>false</msgPlace>
<resPlace>false</resPlace>
<initialMarking>
<value>0</value>
<graphics>
<offset x="0.0" y="0.0"/>
</graphics>
</initialMarking>
<capacity>
<value>0</value>
</capacity>
</place>
<place id="P25">
<graphics>
<position x="406.0" y="615.0"/>
</graphics>
<name>
<value>P25</value>
<graphics>
<offset x="-5.0" y="35.0"/>
</graphics>
</name>
<msgPlace>false</msgPlace>
<resPlace>false</resPlace>
<initialMarking>
<value>0</value>
<graphics>
<offset x="0.0" y="0.0"/>
</graphics>
</initialMarking>
<capacity>
<value>0</value>
</capacity>
</place>
<place id="P26">
<graphics>
<position x="541.0" y="615.0"/>
</graphics>
<name>
<value>P26</value>
<graphics>
<offset x="-5.0" y="35.0"/>
</graphics>
</name>
<msgPlace>false</msgPlace>
<resPlace>false</resPlace>
<initialMarking>
<value>0</value>
<graphics>
<offset x="0.0" y="0.0"/>
</graphics>
</initialMarking>
<capacity>
<value>0</value>
</capacity>
</place>
<place id="P27">
<graphics>
<position x="646.0" y="615.0"/>
</graphics>
<name>
<value>P27</value>
<graphics>
<offset x="-5.0" y="35.0"/>
</graphics>
</name>
<msgPlace>false</msgPlace>
<resPlace>false</resPlace>
<initialMarking>
<value>0</value>
<graphics>
<offset x="0.0" y="0.0"/>
</graphics>
</initialMarking>
<capacity>
<value>0</value>
</capacity>
</place>
<place id="P28">
<graphics>
<position x="751.0" y="615.0"/>
</graphics>
<name>
<value>P28</value>
<graphics>
<offset x="-5.0" y="35.0"/>
</graphics>
</name>
<msgPlace>false</msgPlace>
<resPlace>false</resPlace>
<initialMarking>
<value>0</value>
<graphics>
<offset x="0.0" y="0.0"/>
</graphics>
</initialMarking>
<capacity>
<value>0</value>
</capacity>
</place>
<place id="P29">
<graphics>
<position x="901.0" y="510.0"/>
</graphics>
<name>
<value>P29</value>
<graphics>
<offset x="-5.0" y="35.0"/>
</graphics>
</name>
<msgPlace>false</msgPlace>
<resPlace>false</resPlace>
<initialMarking>
<value>0</value>
<graphics>
<offset x="0.0" y="0.0"/>
</graphics>
</initialMarking>
<capacity>
<value>0</value>
</capacity>
</place>
<place id="P3">
<graphics>
<position x="515.0" y="75.0"/>
</graphics>
<name>
<value>P3</value>
<graphics>
<offset x="-5.0" y="35.0"/>
</graphics>
</name>
<msgPlace>false</msgPlace>
<resPlace>false</resPlace>
<initialMarking>
<value>0</value>
<graphics>
<offset x="0.0" y="0.0"/>
</graphics>
</initialMarking>
<capacity>
<value>0</value>
</capacity>
</place>
<place id="P30">
<graphics>
<position x="901.0" y="600.0"/>
</graphics>
<name>
<value>P30</value>
<graphics>
<offset x="-5.0" y="35.0"/>
</graphics>
</name>
<msgPlace>false</msgPlace>
<resPlace>false</resPlace>
<initialMarking>
<value>0</value>
<graphics>
<offset x="0.0" y="0.0"/>
</graphics>
</initialMarking>
<capacity>
<value>0</value>
</capacity>
</place>
<place id="P31">
<graphics>
<position x="901.0" y="690.0"/>
</graphics>
<name>
<value>P31</value>
<graphics>
<offset x="-5.0" y="35.0"/>
</graphics>
</name>
<msgPlace>false</msgPlace>
<resPlace>false</resPlace>
<initialMarking>
<value>0</value>
<graphics>
<offset x="0.0" y="0.0"/>
</graphics>
</initialMarking>
<capacity>
<value>0</value>
</capacity>
</place>
<place id="P32">
<graphics>
<position x="901.0" y="750.0"/>
</graphics>
<name>
<value>P32</value>
<graphics>
<offset x="-5.0" y="35.0"/>
</graphics>
</name>
<msgPlace>false</msgPlace>
<resPlace>false</resPlace>
<initialMarking>
<value>0</value>
<graphics>
<offset x="0.0" y="0.0"/>
</graphics>
</initialMarking>
<capacity>
<value>0</value>
</capacity>
</place>
<place id="P33">
<graphics>
<position x="1066.0" y="510.0"/>
</graphics>
<name>
<value>P33</value>
<graphics>
<offset x="-5.0" y="35.0"/>
</graphics>
</name>
<msgPlace>false</msgPlace>
<resPlace>false</resPlace>
<initialMarking>
<value>0</value>
<graphics>
<offset x="0.0" y="0.0"/>
</graphics>
</initialMarking>
<capacity>
<value>0</value>
</capacity>
</place>
<place id="P34">
<graphics>
<position x="1066.0" y="600.0"/>
</graphics>
<name>
<value>P34</value>
<graphics>
<offset x="-5.0" y="35.0"/>
</graphics>
</name>
<msgPlace>false</msgPlace>
<resPlace>false</resPlace>
<initialMarking>
<value>0</value>
<graphics>
<offset x="0.0" y="0.0"/>
</graphics>
</initialMarking>
<capacity>
<value>0</value>
</capacity>
</place>
<place id="P35">
<graphics>
<position x="1066.0" y="690.0"/>
</graphics>
<name>
<value>P35</value>
<graphics>
<offset x="-5.0" y="35.0"/>
</graphics>
</name>
<msgPlace>false</msgPlace>
<resPlace>false</resPlace>
<initialMarking>
<value>0</value>
<graphics>
<offset x="0.0" y="0.0"/>
</graphics>
</initialMarking>
<capacity>
<value>0</value>
</capacity>
</place>
<place id="P36">
<graphics>
<position x="1066.0" y="750.0"/>
</graphics>
<name>
<value>P36</value>
<graphics>
<offset x="-5.0" y="35.0"/>
</graphics>
</name>
<msgPlace>false</msgPlace>
<resPlace>false</resPlace>
<initialMarking>
<value>0</value>
<graphics>
<offset x="0.0" y="0.0"/>
</graphics>
</initialMarking>
<capacity>
<value>0</value>
</capacity>
</place>
<place id="P37">
<graphics>
<position x="1231.0" y="600.0"/>
</graphics>
<name>
<value>P37</value>
<graphics>
<offset x="-5.0" y="35.0"/>
</graphics>
</name>
<msgPlace>false</msgPlace>
<resPlace>false</resPlace>
<initialMarking>
<value>0</value>
<graphics>
<offset x="0.0" y="0.0"/>
</graphics>
</initialMarking>
<capacity>
<value>0</value>
</capacity>
</place>
<place id="P38">
<graphics>
<position x="1351.0" y="555.0"/>
</graphics>
<name>
<value>P38</value>
<graphics>
<offset x="-5.0" y="35.0"/>
</graphics>
</name>
<msgPlace>false</msgPlace>
<resPlace>false</resPlace>
<initialMarking>
<value>0</value>
<graphics>
<offset x="0.0" y="0.0"/>
</graphics>
</initialMarking>
<capacity>
<value>0</value>
</capacity>
</place>
<place id="P39">
<graphics>
<position x="1351.0" y="645.0"/>
</graphics>
<name>
<value>P39</value>
<graphics>
<offset x="-5.0" y="35.0"/>
</graphics>
</name>
<msgPlace>false</msgPlace>
<resPlace>false</resPlace>
<initialMarking>
<value>0</value>
<graphics>
<offset x="0.0" y="0.0"/>
</graphics>
</initialMarking>
<capacity>
<value>0</value>
</capacity>
</place>
<place id="P4">
<graphics>
<position x="635.0" y="75.0"/>
</graphics>
<name>
<value>P4</value>
<graphics>
<offset x="-5.0" y="35.0"/>
</graphics>
</name>
<msgPlace>false</msgPlace>
<resPlace>false</resPlace>
<initialMarking>
<value>0</value>
<graphics>
<offset x="0.0" y="0.0"/>
</graphics>
</initialMarking>
<capacity>
<value>0</value>
</capacity>
</place>
<place id="P40">
<graphics>
<position x="1456.0" y="645.0"/>
</graphics>
<name>
<value>P40</value>
<graphics>
<offset x="-5.0" y="35.0"/>
</graphics>
</name>
<msgPlace>false</msgPlace>
<resPlace>false</resPlace>
<initialMarking>
<value>0</value>
<graphics>
<offset x="0.0" y="0.0"/>
</graphics>
</initialMarking>
<capacity>
<value>0</value>
</capacity>
</place>
<place id="P41">
<graphics>
<position x="1456.0" y="765.0"/>
</graphics>
<name>
<value>P41</value>
<graphics>
<offset x="-5.0" y="35.0"/>
</graphics>
</name>
<msgPlace>false</msgPlace>
<resPlace>false</resPlace>
<initialMarking>
<value>0</value>
<graphics>
<offset x="0.0" y="0.0"/>
</graphics>
</initialMarking>
<capacity>
<value>0</value>
</capacity>
</place>
<place id="P42">
<graphics>
<position x="1561.0" y="645.0"/>
</graphics>
<name>
<value>P42</value>
<graphics>
<offset x="-5.0" y="35.0"/>
</graphics>
</name>
<msgPlace>false</msgPlace>
<resPlace>false</resPlace>
<initialMarking>
<value>0</value>
<graphics>
<offset x="0.0" y="0.0"/>
</graphics>
</initialMarking>
<capacity>
<value>0</value>
</capacity>
</place>
<place id="P43">
<graphics>
<position x="1561.0" y="765.0"/>
</graphics>
<name>
<value>P43</value>
<graphics>
<offset x="-5.0" y="35.0"/>
</graphics>
</name>
<msgPlace>false</msgPlace>
<resPlace>false</resPlace>
<initialMarking>
<value>0</value>
<graphics>
<offset x="0.0" y="0.0"/>
</graphics>
</initialMarking>
<capacity>
<value>0</value>
</capacity>
</place>
<place id="P44">
<graphics>
<position x="1636.0" y="585.0"/>
</graphics>
<name>
<value>P44</value>
<graphics>
<offset x="-5.0" y="35.0"/>
</graphics>
</name>
<msgPlace>false</msgPlace>
<resPlace>false</resPlace>
<initialMarking>
<value>0</value>
<graphics>
<offset x="0.0" y="0.0"/>
</graphics>
</initialMarking>
<capacity>
<value>0</value>
</capacity>
</place>
<place id="P45">
<graphics>
<position x="225.0" y="1020.0"/>
</graphics>
<name>
<value>P45</value>
<graphics>
<offset x="-5.0" y="35.0"/>
</graphics>
</name>
<msgPlace>false</msgPlace>
<resPlace>false</resPlace>
<initialMarking>
<value>1</value>
<graphics>
<offset x="0.0" y="0.0"/>
</graphics>
</initialMarking>
<capacity>
<value>0</value>
</capacity>
</place>
<place id="P46">
<graphics>
<position x="360.0" y="1020.0"/>
</graphics>
<name>
<value>P46</value>
<graphics>
<offset x="-5.0" y="35.0"/>
</graphics>
</name>
<msgPlace>false</msgPlace>
<resPlace>false</resPlace>
<initialMarking>
<value>0</value>
<graphics>
<offset x="0.0" y="0.0"/>
</graphics>
</initialMarking>
<capacity>
<value>0</value>
</capacity>
</place>
<place id="P47">
<graphics>
<position x="525.0" y="960.0"/>
</graphics>
<name>
<value>P47</value>
<graphics>
<offset x="-5.0" y="35.0"/>
</graphics>
</name>
<msgPlace>false</msgPlace>
<resPlace>false</resPlace>
<initialMarking>
<value>0</value>
<graphics>
<offset x="0.0" y="0.0"/>
</graphics>
</initialMarking>
<capacity>
<value>0</value>
</capacity>
</place>
<place id="P48">
<graphics>
<position x="525.0" y="1020.0"/>
</graphics>
<name>
<value>P48</value>
<graphics>
<offset x="-5.0" y="35.0"/>
</graphics>
</name>
<msgPlace>false</msgPlace>
<resPlace>false</resPlace>
<initialMarking>
<value>0</value>
<graphics>
<offset x="0.0" y="0.0"/>
</graphics>
</initialMarking>
<capacity>
<value>0</value>
</capacity>
</place>
<place id="P49">
<graphics>
<position x="525.0" y="1080.0"/>
</graphics>
<name>
<value>P49</value>
<graphics>
<offset x="-5.0" y="35.0"/>
</graphics>
</name>
<msgPlace>false</msgPlace>
<resPlace>false</resPlace>
<initialMarking>
<value>0</value>
<graphics>
<offset x="0.0" y="0.0"/>
</graphics>
</initialMarking>
<capacity>
<value>0</value>
</capacity>
</place>
<place id="P5">
<graphics>
<position x="800.0" y="60.0"/>
</graphics>
<name>
<value>P5</value>
<graphics>
<offset x="-5.0" y="35.0"/>
</graphics>
</name>
<msgPlace>false</msgPlace>
<resPlace>false</resPlace>
<initialMarking>
<value>0</value>
<graphics>
<offset x="0.0" y="0.0"/>
</graphics>
</initialMarking>
<capacity>
<value>0</value>
</capacity>
</place>
<place id="P50">
<graphics>
<position x="675.0" y="960.0"/>
</graphics>
<name>
<value>P50</value>
<graphics>
<offset x="-5.0" y="35.0"/>
</graphics>
</name>
<msgPlace>false</msgPlace>
<resPlace>false</resPlace>
<initialMarking>
<value>0</value>
<graphics>
<offset x="0.0" y="0.0"/>
</graphics>
</initialMarking>
<capacity>
<value>0</value>
</capacity>
</place>
<place id="P51">
<graphics>
<position x="675.0" y="1020.0"/>
</graphics>
<name>
<value>P51</value>
<graphics>
<offset x="-5.0" y="35.0"/>
</graphics>
</name>
<msgPlace>false</msgPlace>
<resPlace>false</resPlace>
<initialMarking>
<value>0</value>
<graphics>
<offset x="0.0" y="0.0"/>
</graphics>
</initialMarking>
<capacity>
<value>0</value>
</capacity>
</place>
<place id="P52">
<graphics>
<position x="675.0" y="1080.0"/>
</graphics>
<name>
<value>P52</value>
<graphics>
<offset x="-5.0" y="35.0"/>
</graphics>
</name>
<msgPlace>false</msgPlace>
<resPlace>false</resPlace>
<initialMarking>
<value>0</value>
<graphics>
<offset x="0.0" y="0.0"/>
</graphics>
</initialMarking>
<capacity>
<value>0</value>
</capacity>
</place>
<place id="P53">
<graphics>
<position x="810.0" y="1020.0"/>
</graphics>
<name>
<value>P53</value>
<graphics>
<offset x="-5.0" y="35.0"/>
</graphics>
</name>
<msgPlace>false</msgPlace>
<resPlace>false</resPlace>
<initialMarking>
<value>0</value>
<graphics>
<offset x="0.0" y="0.0"/>
</graphics>
</initialMarking>
<capacity>
<value>0</value>
</capacity>
</place>
<place id="P54">
<graphics>
<position x="945.0" y="1020.0"/>
</graphics>
<name>
<value>P54</value>
<graphics>
<offset x="-5.0" y="35.0"/>
</graphics>
</name>
<msgPlace>false</msgPlace>
<resPlace>false</resPlace>
<initialMarking>
<value>0</value>
<graphics>
<offset x="0.0" y="0.0"/>
</graphics>
</initialMarking>
<capacity>
<value>0</value>
</capacity>
</place>
<place id="P55">
<graphics>
<position x="1125.0" y="1020.0"/>
</graphics>
<name>
<value>P55</value>
<graphics>
<offset x="-5.0" y="35.0"/>
</graphics>
</name>
<msgPlace>false</msgPlace>
<resPlace>false</resPlace>
<initialMarking>
<value>0</value>
<graphics>
<offset x="0.0" y="0.0"/>
</graphics>
</initialMarking>
<capacity>
<value>0</value>
</capacity>
</place>
<place id="P56">
<graphics>
<position x="225.0" y="255.0"/>
</graphics>
<name>
<value>monitoringEquipment</value>
<graphics>
<offset x="47.0" y="39.0"/>
</graphics>
</name>
<msgPlace>false</msgPlace>
<resPlace>true</resPlace>
<initialMarking>
<value>1</value>
<graphics>
<offset x="0.0" y="0.0"/>
</graphics>
</initialMarking>
<capacity>
<value>0</value>
</capacity>
</place>
<place id="P57">
<graphics>
<position x="375.0" y="375.0"/>
</graphics>
<name>
<value>informationReport</value>
<graphics>
<offset x="-5.0" y="35.0"/>
</graphics>
</name>
<msgPlace>true</msgPlace>
<resPlace>false</resPlace>
<initialMarking>
<value>0</value>
<graphics>
<offset x="0.0" y="0.0"/>
</graphics>
</initialMarking>
<capacity>
<value>0</value>
</capacity>
</place>
<place id="P58">
<graphics>
<position x="230.0" y="135.0"/>
</graphics>
<name>
<value>informationReport</value>
<graphics>
<offset x="-5.0" y="35.0"/>
</graphics>
</name>
<msgPlace>true</msgPlace>
<resPlace>false</resPlace>
<initialMarking>
<value>0</value>
<graphics>
<offset x="0.0" y="0.0"/>
</graphics>
</initialMarking>
<capacity>
<value>0</value>
</capacity>
</place>
<place id="P59">
<graphics>
<position x="350.0" y="135.0"/>
</graphics>
<name>
<value>responsePlan</value>
<graphics>
<offset x="-5.0" y="35.0"/>
</graphics>
</name>
<msgPlace>true</msgPlace>
<resPlace>false</resPlace>
<initialMarking>
<value>0</value>
<graphics>
<offset x="0.0" y="0.0"/>
</graphics>
</initialMarking>
<capacity>
<value>0</value>
</capacity>
</place>
<place id="P6">
<graphics>
<position x="800.0" y="120.0"/>
</graphics>
<name>
<value>P6</value>
<graphics>
<offset x="-5.0" y="35.0"/>
</graphics>
</name>
<msgPlace>false</msgPlace>
<resPlace>false</resPlace>
<initialMarking>
<value>0</value>
<graphics>
<offset x="0.0" y="0.0"/>
</graphics>
</initialMarking>
<capacity>
<value>0</value>
</capacity>
</place>
<place id="P60">
<graphics>
<position x="1005.0" y="210.0"/>
</graphics>
<name>
<value>responsePlan</value>
<graphics>
<offset x="-5.0" y="35.0"/>
</graphics>
</name>
<msgPlace>true</msgPlace>
<resPlace>false</resPlace>
<initialMarking>
<value>0</value>
<graphics>
<offset x="0.0" y="0.0"/>
</graphics>
</initialMarking>
<capacity>
<value>0</value>
</capacity>
</place>
<place id="P61">
<graphics>
<position x="455.0" y="135.0"/>
</graphics>
<name>
<value>emergencyResponse</value>
<graphics>
<offset x="57.0" y="44.0"/>
</graphics>
</name>
<msgPlace>true</msgPlace>
<resPlace>false</resPlace>
<initialMarking>
<value>0</value>
<graphics>
<offset x="0.0" y="0.0"/>
</graphics>
</initialMarking>
<capacity>
<value>0</value>
</capacity>
</place>
<place id="P62">
<graphics>
<position x="226.0" y="555.0"/>
</graphics>
<name>
<value>emergencyResponse</value>
<graphics>
<offset x="60.0" y="43.0"/>
</graphics>
</name>
<msgPlace>true</msgPlace>
<resPlace>false</resPlace>
<initialMarking>
<value>0</value>
<graphics>
<offset x="0.0" y="0.0"/>
</graphics>
</initialMarking>
<capacity>
<value>0</value>
</capacity>
</place>
<place id="P63">
<graphics>
<position x="691.0" y="555.0"/>
</graphics>
<name>
<value>situationAssessment</value>
<graphics>
<offset x="69.0" y="42.0"/>
</graphics>
</name>
<msgPlace>true</msgPlace>
<resPlace>false</resPlace>
<initialMarking>
<value>0</value>
<graphics>
<offset x="0.0" y="0.0"/>
</graphics>
</initialMarking>
<capacity>
<value>0</value>
</capacity>
</place>
<place id="P64">
<graphics>
<position x="575.0" y="135.0"/>
</graphics>
<name>
<value>situationAssessment</value>
<graphics>
<offset x="74.0" y="42.0"/>
</graphics>
</name>
<msgPlace>true</msgPlace>
<resPlace>false</resPlace>
<initialMarking>
<value>0</value>
<graphics>
<offset x="0.0" y="0.0"/>
</graphics>
</initialMarking>
<capacity>
<value>0</value>
</capacity>
</place>
<place id="P65">
<graphics>
<position x="975.0" y="435.0"/>
</graphics>
<name>
<value>sourceControlEquipment</value>
<graphics>
<offset x="-5.0" y="35.0"/>
</graphics>
</name>
<msgPlace>false</msgPlace>
<resPlace>true</resPlace>
<initialMarking>
<value>1</value>
<graphics>
<offset x="0.0" y="0.0"/>
</graphics>
</initialMarking>
<capacity>
<value>0</value>
</capacity>
</place>
<place id="P66">
<graphics>
<position x="976.0" y="540.0"/>
</graphics>
<name>
<value>blockingEquipment</value>
<graphics>
<offset x="13.0" y="35.0"/>
</graphics>
</name>
<msgPlace>false</msgPlace>
<resPlace>true</resPlace>
<initialMarking>
<value>1</value>
<graphics>
<offset x="0.0" y="0.0"/>
</graphics>
</initialMarking>
<capacity>
<value>0</value>
</capacity>
</place>
<place id="P67">
<graphics>
<position x="976.0" y="645.0"/>
</graphics>
<name>
<value>disinfect</value>
<graphics>
<offset x="-5.0" y="35.0"/>
</graphics>
</name>
<msgPlace>false</msgPlace>
<resPlace>true</resPlace>
<initialMarking>
<value>1</value>
<graphics>
<offset x="0.0" y="0.0"/>
</graphics>
</initialMarking>
<capacity>
<value>0</value>
</capacity>
</place>
<place id="P68">
<graphics>
<position x="976.0" y="810.0"/>
</graphics>
<name>
<value>drinkingWater</value>
<graphics>
<offset x="-5.0" y="35.0"/>
</graphics>
</name>
<msgPlace>false</msgPlace>
<resPlace>true</resPlace>
<initialMarking>
<value>1</value>
<graphics>
<offset x="0.0" y="0.0"/>
</graphics>
</initialMarking>
<capacity>
<value>0</value>
</capacity>
</place>
<place id="P69">
<graphics>
<position x="1291.0" y="510.0"/>
</graphics>
<name>
<value>unqualified</value>
<graphics>
<offset x="-5.0" y="35.0"/>
</graphics>
</name>
<msgPlace>true</msgPlace>
<resPlace>false</resPlace>
<initialMarking>
<value>0</value>
<graphics>
<offset x="0.0" y="0.0"/>
</graphics>
</initialMarking>
<capacity>
<value>0</value>
</capacity>
</place>
<place id="P7">
<graphics>
<position x="950.0" y="60.0"/>
</graphics>
<name>
<value>P7</value>
<graphics>
<offset x="-5.0" y="35.0"/>
</graphics>
</name>
<msgPlace>false</msgPlace>
<resPlace>false</resPlace>
<initialMarking>
<value>0</value>
<graphics>
<offset x="0.0" y="0.0"/>
</graphics>
</initialMarking>
<capacity>
<value>0</value>
</capacity>
</place>
<place id="P70">
<graphics>
<position x="1291.0" y="705.0"/>
</graphics>
<name>
<value>qualified</value>
<graphics>
<offset x="-5.0" y="35.0"/>
</graphics>
</name>
<msgPlace>true</msgPlace>
<resPlace>false</resPlace>
<initialMarking>
<value>0</value>
<graphics>
<offset x="0.0" y="0.0"/>
</graphics>
</initialMarking>
<capacity>
<value>0</value>
</capacity>
</place>
<place id="P71">
<graphics>
<position x="710.0" y="165.0"/>
</graphics>
<name>
<value>qualified</value>
<graphics>
<offset x="-5.0" y="35.0"/>
</graphics>
</name>
<msgPlace>true</msgPlace>
<resPlace>false</resPlace>
<initialMarking>
<value>0</value>
<graphics>
<offset x="0.0" y="0.0"/>
</graphics>
</initialMarking>
<capacity>
<value>0</value>
</capacity>
</place>
<place id="P72">
<graphics>
<position x="710.0" y="5.0"/>
</graphics>
<name>
<value>unqualified</value>
<graphics>
<offset x="-5.0" y="35.0"/>
</graphics>
</name>
<msgPlace>true</msgPlace>
<resPlace>false</resPlace>
<initialMarking>
<value>0</value>
<graphics>
<offset x="0.0" y="0.0"/>
</graphics>
</initialMarking>
<capacity>
<value>0</value>
</capacity>
</place>
<place id="P73">
<graphics>
<position x="1410.0" y="510.0"/>
</graphics>
<name>
<value>upgradeResponse</value>
<graphics>
<offset x="-5.0" y="35.0"/>
</graphics>
</name>
<msgPlace>true</msgPlace>
<resPlace>false</resPlace>
<initialMarking>
<value>0</value>
<graphics>
<offset x="0.0" y="0.0"/>
</graphics>
</initialMarking>
<capacity>
<value>0</value>
</capacity>
</place>
<place id="P74">
<graphics>
<position x="870.0" y="5.0"/>
</graphics>
<name>
<value>upgradeResponse</value>
<graphics>
<offset x="-5.0" y="35.0"/>
</graphics>
</name>
<msgPlace>true</msgPlace>
<resPlace>false</resPlace>
<initialMarking>
<value>0</value>
<graphics>
<offset x="0.0" y="0.0"/>
</graphics>
</initialMarking>
<capacity>
<value>0</value>
</capacity>
</place>
<place id="P75">
<graphics>
<position x="1050.0" y="15.0"/>
</graphics>
<name>
<value>furtherProcessing</value>
<graphics>
<offset x="-5.0" y="35.0"/>
</graphics>
</name>
<msgPlace>true</msgPlace>
<resPlace>false</resPlace>
<initialMarking>
<value>0</value>
<graphics>
<offset x="0.0" y="0.0"/>
</graphics>
</initialMarking>
<capacity>
<value>0</value>
</capacity>
</place>
<place id="P76">
<graphics>
<position x="840.0" y="165.0"/>
</graphics>
<name>
<value>allClear</value>
<graphics>
<offset x="-5.0" y="35.0"/>
</graphics>
</name>
<msgPlace>true</msgPlace>
<resPlace>false</resPlace>
<initialMarking>
<value>0</value>
<graphics>
<offset x="0.0" y="0.0"/>
</graphics>
</initialMarking>
<capacity>
<value>0</value>
</capacity>
</place>
<place id="P77">
<graphics>
<position x="915.0" y="165.0"/>
</graphics>
<name>
<value>jobInformationDisclosure</value>
<graphics>
<offset x="87.0" y="47.0"/>
</graphics>
</name>
<msgPlace>true</msgPlace>
<resPlace>false</resPlace>
<initialMarking>
<value>0</value>
<graphics>
<offset x="0.0" y="0.0"/>
</graphics>
</initialMarking>
<capacity>
<value>0</value>
</capacity>
</place>
<place id="P78">
<graphics>
<position x="1050.0" y="165.0"/>
</graphics>
<name>
<value>responseEnd</value>
<graphics>
<offset x="-5.0" y="35.0"/>
</graphics>
</name>
<msgPlace>true</msgPlace>
<resPlace>false</resPlace>
<initialMarking>
<value>0</value>
<graphics>
<offset x="0.0" y="0.0"/>
</graphics>
</initialMarking>
<capacity>
<value>0</value>
</capacity>
</place>
<place id="P79">
<graphics>
<position x="300.0" y="1110.0"/>
</graphics>
<name>
<value>furtherProcessing</value>
<graphics>
<offset x="-5.0" y="35.0"/>
</graphics>
</name>
<msgPlace>true</msgPlace>
<resPlace>false</resPlace>
<initialMarking>
<value>0</value>
<graphics>
<offset x="0.0" y="0.0"/>
</graphics>
</initialMarking>
<capacity>
<value>0</value>
</capacity>
</place>
<place id="P8">
<graphics>
<position x="950.0" y="120.0"/>
</graphics>
<name>
<value>P8</value>
<graphics>
<offset x="-5.0" y="35.0"/>
</graphics>
</name>
<msgPlace>false</msgPlace>
<resPlace>false</resPlace>
<initialMarking>
<value>0</value>
<graphics>
<offset x="0.0" y="0.0"/>
</graphics>
</initialMarking>
<capacity>
<value>0</value>
</capacity>
</place>
<place id="P80">
<graphics>
<position x="1500.0" y="705.0"/>
</graphics>
<name>
<value>allClear</value>
<graphics>
<offset x="-5.0" y="35.0"/>
</graphics>
</name>
<msgPlace>true</msgPlace>
<resPlace>false</resPlace>
<initialMarking>
<value>0</value>
<graphics>
<offset x="0.0" y="0.0"/>
</graphics>
</initialMarking>
<capacity>
<value>0</value>
</capacity>
</place>
<place id="P81">
<graphics>
<position x="1500.0" y="840.0"/>
</graphics>
<name>
<value>jobInformationDisclosure</value>
<graphics>
<offset x="-5.0" y="35.0"/>
</graphics>
</name>
<msgPlace>true</msgPlace>
<resPlace>false</resPlace>
<initialMarking>
<value>0</value>
<graphics>
<offset x="0.0" y="0.0"/>
</graphics>
</initialMarking>
<capacity>
<value>0</value>
</capacity>
</place>
<place id="P82">
<graphics>
<position x="300.0" y="900.0"/>
</graphics>
<name>
<value>responseEnd</value>
<graphics>
<offset x="-5.0" y="35.0"/>
</graphics>
</name>
<msgPlace>true</msgPlace>
<resPlace>false</resPlace>
<initialMarking>
<value>0</value>
<graphics>
<offset x="0.0" y="0.0"/>
</graphics>
</initialMarking>
<capacity>
<value>0</value>
</capacity>
</place>
<place id="P83">
<graphics>
<position x="1035.0" y="960.0"/>
</graphics>
<name>
<value>accidentReport</value>
<graphics>
<offset x="-5.0" y="35.0"/>
</graphics>
</name>
<msgPlace>true</msgPlace>
<resPlace>false</resPlace>
<initialMarking>
<value>0</value>
<graphics>
<offset x="0.0" y="0.0"/>
</graphics>
</initialMarking>
<capacity>
<value>0</value>
</capacity>
</place>
<place id="P84">
<graphics>
<position x="1035.0" y="1080.0"/>
</graphics>
<name>
<value>organizeTheArchive</value>
<graphics>
<offset x="-5.0" y="35.0"/>
</graphics>
</name>
<msgPlace>true</msgPlace>
<resPlace>false</resPlace>
<initialMarking>
<value>0</value>
<graphics>
<offset x="0.0" y="0.0"/>
</graphics>
</initialMarking>
<capacity>
<value>0</value>
</capacity>
</place>
<place id="P85">
<graphics>
<position x="1215.0" y="150.0"/>
</graphics>
<name>
<value>organizeTheArchive</value>
<graphics>
<offset x="-5.0" y="35.0"/>
</graphics>
</name>
<msgPlace>true</msgPlace>
<resPlace>false</resPlace>
<initialMarking>
<value>0</value>
<graphics>
<offset x="0.0" y="0.0"/>
</graphics>
</initialMarking>
<capacity>
<value>0</value>
</capacity>
</place>
<place id="P86">
<graphics>
<position x="1200.0" y="30.0"/>
</graphics>
<name>
<value>accidentReport</value>
<graphics>
<offset x="-5.0" y="35.0"/>
</graphics>
</name>
<msgPlace>true</msgPlace>
<resPlace>false</resPlace>
<initialMarking>
<value>0</value>
<graphics>
<offset x="0.0" y="0.0"/>
</graphics>
</initialMarking>
<capacity>
<value>0</value>
</capacity>
</place>
<place id="P9">
<graphics>
<position x="1130.0" y="90.0"/>
</graphics>
<name>
<value>P9</value>
<graphics>
<offset x="-5.0" y="35.0"/>
</graphics>
</name>
<msgPlace>false</msgPlace>
<resPlace>false</resPlace>
<initialMarking>
<value>0</value>
<graphics>
<offset x="0.0" y="0.0"/>
</graphics>
</initialMarking>
<capacity>
<value>0</value>
</capacity>
</place>
<transition id="T0">
<graphics>
<position x="230.0" y="75.0"/>
</graphics>
<name>
<value>T0</value>
<graphics>
<offset x="-5.0" y="35.0"/>
</graphics>
</name>
<orientation>
<value>0</value>
</orientation>
<rate>
<value>1.0</value>
</rate>
<timed>
<value>false</value>
</timed>
<infiniteServer>
<value>false</value>
</infiniteServer>
<priority>
<value>1</value>
</priority>
</transition>
<transition id="T1">
<graphics>
<position x="350.0" y="75.0"/>
</graphics>
<name>
<value>T1</value>
<graphics>
<offset x="-5.0" y="35.0"/>
</graphics>
</name>
<orientation>
<value>0</value>
</orientation>
<rate>
<value>1.0</value>
</rate>
<timed>
<value>false</value>
</timed>
<infiniteServer>
<value>false</value>
</infiniteServer>
<priority>
<value>1</value>
</priority>
</transition>
<transition id="T10">
<graphics>
<position x="1205.0" y="90.0"/>
</graphics>
<name>
<value>T10</value>
<graphics>
<offset x="-5.0" y="35.0"/>
</graphics>
</name>
<orientation>
<value>0</value>
</orientation>
<rate>
<value>1.0</value>
</rate>
<timed>
<value>false</value>
</timed>
<infiniteServer>
<value>false</value>
</infiniteServer>
<priority>
<value>1</value>
</priority>
</transition>
<transition id="T11">
<graphics>
<position x="225.0" y="315.0"/>
</graphics>
<name>
<value>T11</value>
<graphics>
<offset x="-5.0" y="35.0"/>
</graphics>
</name>
<orientation>
<value>0</value>
</orientation>
<rate>
<value>1.0</value>
</rate>
<timed>
<value>false</value>
</timed>
<infiniteServer>
<value>false</value>
</infiniteServer>
<priority>
<value>1</value>
</priority>
</transition>
<transition id="T12">
<graphics>
<position x="375.0" y="315.0"/>
</graphics>
<name>
<value>T12</value>
<graphics>
<offset x="-5.0" y="35.0"/>
</graphics>
</name>
<orientation>
<value>0</value>
</orientation>
<rate>
<value>1.0</value>
</rate>
<timed>
<value>false</value>
</timed>
<infiniteServer>
<value>false</value>
</infiniteServer>
<priority>
<value>1</value>
</priority>
</transition>
<transition id="T13">
<graphics>
<position x="540.0" y="270.0"/>
</graphics>
<name>
<value>T13</value>
<graphics>
<offset x="-5.0" y="35.0"/>
</graphics>
</name>
<orientation>
<value>0</value>
</orientation>
<rate>
<value>1.0</value>
</rate>
<timed>
<value>false</value>
</timed>
<infiniteServer>
<value>false</value>
</infiniteServer>
<priority>
<value>1</value>
</priority>
</transition>
<transition id="T14">
<graphics>
<position x="540.0" y="360.0"/>
</graphics>
<name>
<value>T14</value>
<graphics>
<offset x="-5.0" y="35.0"/>
</graphics>
</name>
<orientation>
<value>0</value>
</orientation>
<rate>
<value>1.0</value>
</rate>
<timed>
<value>false</value>
</timed>
<infiniteServer>
<value>false</value>
</infiniteServer>
<priority>
<value>1</value>
</priority>
</transition>
<transition id="T15">
<graphics>
<position x="690.0" y="315.0"/>
</graphics>
<name>
<value>T15</value>
<graphics>
<offset x="-5.0" y="35.0"/>
</graphics>
</name>
<orientation>
<value>0</value>
</orientation>
<rate>
<value>1.0</value>
</rate>
<timed>
<value>false</value>
</timed>
<infiniteServer>
<value>false</value>
</infiniteServer>
<priority>
<value>1</value>
</priority>
</transition>
<transition id="T16">
<graphics>
<position x="855.0" y="315.0"/>
</graphics>
<name>
<value>T16</value>
<graphics>
<offset x="-5.0" y="35.0"/>
</graphics>
</name>
<orientation>
<value>0</value>
</orientation>
<rate>
<value>1.0</value>
</rate>
<timed>
<value>false</value>
</timed>
<infiniteServer>
<value>false</value>
</infiniteServer>
<priority>
<value>1</value>
</priority>
</transition>
<transition id="T17">
<graphics>
<position x="1005.0" y="270.0"/>
</graphics>
<name>
<value>T17</value>
<graphics>
<offset x="-5.0" y="35.0"/>
</graphics>
</name>
<orientation>
<value>0</value>
</orientation>
<rate>
<value>1.0</value>
</rate>
<timed>
<value>false</value>
</timed>
<infiniteServer>
<value>false</value>
</infiniteServer>
<priority>
<value>1</value>
</priority>
</transition>
<transition id="T18">
<graphics>
<position x="1005.0" y="360.0"/>
</graphics>
<name>
<value>T18</value>
<graphics>
<offset x="-5.0" y="35.0"/>
</graphics>
</name>
<orientation>
<value>0</value>
</orientation>
<rate>
<value>1.0</value>
</rate>
<timed>
<value>false</value>
</timed>
<infiniteServer>
<value>false</value>
</infiniteServer>
<priority>
<value>1</value>
</priority>
</transition>
<transition id="T19">
<graphics>
<position x="1170.0" y="315.0"/>
</graphics>
<name>
<value>T19</value>
<graphics>
<offset x="-5.0" y="35.0"/>
</graphics>
</name>
<orientation>
<value>0</value>
</orientation>
<rate>
<value>1.0</value>
</rate>
<timed>
<value>false</value>
</timed>
<infiniteServer>
<value>false</value>
</infiniteServer>
<priority>
<value>1</value>
</priority>
</transition>
<transition id="T2">
<graphics>
<position x="455.0" y="75.0"/>
</graphics>
<name>
<value>T2</value>
<graphics>
<offset x="-5.0" y="35.0"/>
</graphics>
</name>
<orientation>
<value>0</value>
</orientation>
<rate>
<value>1.0</value>
</rate>
<timed>
<value>false</value>
</timed>
<infiniteServer>
<value>false</value>
</infiniteServer>
<priority>
<value>1</value>
</priority>
</transition>
<transition id="T20">
<graphics>
<position x="226.0" y="615.0"/>
</graphics>
<name>
<value>T20</value>
<graphics>
<offset x="-5.0" y="35.0"/>
</graphics>
</name>
<orientation>
<value>0</value>
</orientation>
<rate>
<value>1.0</value>
</rate>
<timed>
<value>false</value>
</timed>
<infiniteServer>
<value>false</value>
</infiniteServer>
<priority>
<value>1</value>
</priority>
</transition>
<transition id="T21">
<graphics>
<position x="346.0" y="615.0"/>
</graphics>
<name>
<value>T21</value>
<graphics>
<offset x="-5.0" y="35.0"/>
</graphics>
</name>
<orientation>
<value>0</value>
</orientation>
<rate>
<value>1.0</value>
</rate>
<timed>
<value>false</value>
</timed>
<infiniteServer>
<value>false</value>
</infiniteServer>
<priority>
<value>1</value>
</priority>
</transition>
<transition id="T22">
<graphics>
<position x="466.0" y="615.0"/>
</graphics>
<name>
<value>T22</value>
<graphics>
<offset x="-5.0" y="35.0"/>
</graphics>
</name>
<orientation>
<value>0</value>
</orientation>
<rate>
<value>1.0</value>
</rate>
<timed>
<value>false</value>
</timed>
<infiniteServer>
<value>false</value>
</infiniteServer>
<priority>
<value>1</value>
</priority>
</transition>
<transition id="T23">
<graphics>
<position x="586.0" y="615.0"/>
</graphics>
<name>
<value>T23</value>
<graphics>
<offset x="-5.0" y="35.0"/>
</graphics>
</name>
<orientation>
<value>0</value>
</orientation>
<rate>
<value>1.0</value>
</rate>
<timed>
<value>false</value>
</timed>
<infiniteServer>
<value>false</value>
</infiniteServer>
<priority>
<value>1</value>
</priority>
</transition>
<transition id="T24">
<graphics>
<position x="691.0" y="615.0"/>
</graphics>
<name>
<value>T24</value>
<graphics>
<offset x="-5.0" y="35.0"/>
</graphics>
</name>
<orientation>
<value>0</value>
</orientation>
<rate>
<value>1.0</value>
</rate>
<timed>
<value>false</value>
</timed>
<infiniteServer>
<value>false</value>
</infiniteServer>
<priority>
<value>1</value>
</priority>
</transition>
<transition id="T25">
<graphics>
<position x="826.0" y="615.0"/>
</graphics>
<name>
<value>T25</value>
<graphics>
<offset x="-5.0" y="35.0"/>
</graphics>
</name>
<orientation>
<value>0</value>
</orientation>
<rate>
<value>1.0</value>
</rate>
<timed>
<value>false</value>
</timed>
<infiniteServer>
<value>false</value>
</infiniteServer>
<priority>
<value>1</value>
</priority>
</transition>
<transition id="T26">
<graphics>
<position x="976.0" y="510.0"/>
</graphics>
<name>
<value>T26</value>
<graphics>
<offset x="-5.0" y="35.0"/>
</graphics>
</name>
<orientation>
<value>0</value>
</orientation>
<rate>
<value>1.0</value>
</rate>
<timed>
<value>false</value>
</timed>
<infiniteServer>
<value>false</value>
</infiniteServer>
<priority>
<value>1</value>
</priority>
</transition>
<transition id="T27">
<graphics>
<position x="976.0" y="600.0"/>
</graphics>
<name>
<value>T27</value>
<graphics>
<offset x="-5.0" y="35.0"/>
</graphics>
</name>
<orientation>
<value>0</value>
</orientation>
<rate>
<value>1.0</value>
</rate>
<timed>
<value>false</value>
</timed>
<infiniteServer>
<value>false</value>
</infiniteServer>
<priority>
<value>1</value>
</priority>
</transition>
<transition id="T28">
<graphics>
<position x="976.0" y="690.0"/>
</graphics>
<name>
<value>T28</value>
<graphics>
<offset x="-5.0" y="35.0"/>
</graphics>
</name>
<orientation>
<value>0</value>
</orientation>
<rate>
<value>1.0</value>
</rate>
<timed>
<value>false</value>
</timed>
<infiniteServer>
<value>false</value>
</infiniteServer>
<priority>
<value>1</value>
</priority>
</transition>
<transition id="T29">
<graphics>
<position x="976.0" y="750.0"/>
</graphics>
<name>
<value>T29</value>
<graphics>
<offset x="-5.0" y="35.0"/>
</graphics>
</name>
<orientation>
<value>0</value>
</orientation>
<rate>
<value>1.0</value>
</rate>
<timed>
<value>false</value>
</timed>
<infiniteServer>
<value>false</value>
</infiniteServer>
<priority>
<value>1</value>
</priority>
</transition>
<transition id="T3">
<graphics>
<position x="575.0" y="75.0"/>
</graphics>
<name>
<value>T3</value>
<graphics>
<offset x="-5.0" y="35.0"/>
</graphics>
</name>
<orientation>
<value>0</value>
</orientation>
<rate>
<value>1.0</value>
</rate>
<timed>
<value>false</value>
</timed>
<infiniteServer>
<value>false</value>
</infiniteServer>
<priority>
<value>1</value>
</priority>
</transition>
<transition id="T30">
<graphics>
<position x="1141.0" y="615.0"/>
</graphics>
<name>
<value>T30</value>
<graphics>
<offset x="-5.0" y="35.0"/>
</graphics>
</name>
<orientation>
<value>0</value>
</orientation>
<rate>
<value>1.0</value>
</rate>
<timed>
<value>false</value>
</timed>
<infiniteServer>
<value>false</value>
</infiniteServer>
<priority>
<value>1</value>
</priority>
</transition>
<transition id="T31">
<graphics>
<position x="1291.0" y="555.0"/>
</graphics>
<name>
<value>T31</value>
<graphics>
<offset x="-5.0" y="35.0"/>
</graphics>
</name>
<orientation>
<value>0</value>
</orientation>
<rate>
<value>1.0</value>
</rate>
<timed>
<value>false</value>
</timed>
<infiniteServer>
<value>false</value>
</infiniteServer>
<priority>
<value>1</value>
</priority>
</transition>
<transition id="T32">
<graphics>
<position x="1291.0" y="645.0"/>
</graphics>
<name>
<value>T32</value>
<graphics>
<offset x="-5.0" y="35.0"/>
</graphics>
</name>
<orientation>
<value>0</value>
</orientation>
<rate>
<value>1.0</value>
</rate>
<timed>
<value>false</value>
</timed>
<infiniteServer>
<value>false</value>
</infiniteServer>
<priority>
<value>1</value>
</priority>
</transition>
<transition id="T33">
<graphics>
<position x="1411.0" y="555.0"/>
</graphics>
<name>
<value>T33</value>
<graphics>
<offset x="-5.0" y="35.0"/>
</graphics>
</name>
<orientation>
<value>0</value>
</orientation>
<rate>
<value>1.0</value>
</rate>
<timed>
<value>false</value>
</timed>
<infiniteServer>
<value>false</value>
</infiniteServer>
<priority>
<value>1</value>
</priority>
</transition>
<transition id="T34">
<graphics>
<position x="1381.0" y="720.0"/>
</graphics>
<name>
<value>T34</value>
<graphics>
<offset x="-5.0" y="35.0"/>
</graphics>
</name>
<orientation>
<value>0</value>
</orientation>
<rate>
<value>1.0</value>
</rate>
<timed>
<value>false</value>
</timed>
<infiniteServer>
<value>false</value>
</infiniteServer>
<priority>
<value>1</value>
</priority>
</transition>
<transition id="T35">
<graphics>
<position x="1501.0" y="645.0"/>
</graphics>
<name>
<value>T35</value>
<graphics>
<offset x="-5.0" y="35.0"/>
</graphics>
</name>
<orientation>
<value>0</value>
</orientation>
<rate>
<value>1.0</value>
</rate>
<timed>
<value>false</value>
</timed>
<infiniteServer>
<value>false</value>
</infiniteServer>
<priority>
<value>1</value>
</priority>
</transition>
<transition id="T36">
<graphics>
<position x="1501.0" y="765.0"/>
</graphics>
<name>
<value>T36</value>
<graphics>
<offset x="-5.0" y="35.0"/>
</graphics>
</name>
<orientation>
<value>0</value>
</orientation>
<rate>
<value>1.0</value>
</rate>
<timed>
<value>false</value>
</timed>
<infiniteServer>
<value>false</value>
</infiniteServer>
<priority>
<value>1</value>
</priority>
</transition>
<transition id="T37">
<graphics>
<position x="1621.0" y="720.0"/>
</graphics>
<name>
<value>T37</value>
<graphics>
<offset x="-5.0" y="35.0"/>
</graphics>
</name>
<orientation>
<value>0</value>
</orientation>
<rate>
<value>1.0</value>
</rate>
<timed>
<value>false</value>
</timed>
<infiniteServer>
<value>false</value>
</infiniteServer>
<priority>
<value>1</value>
</priority>
</transition>
<transition id="T38">
<graphics>
<position x="300.0" y="975.0"/>
</graphics>
<name>
<value>T38</value>
<graphics>
<offset x="-5.0" y="35.0"/>
</graphics>
</name>
<orientation>
<value>0</value>
</orientation>
<rate>
<value>1.0</value>
</rate>
<timed>
<value>false</value>
</timed>
<infiniteServer>
<value>false</value>
</infiniteServer>
<priority>
<value>1</value>
</priority>
</transition>
<transition id="T39">
<graphics>
<position x="300.0" y="1050.0"/>
</graphics>
<name>
<value>T39</value>
<graphics>
<offset x="-5.0" y="35.0"/>
</graphics>
</name>
<orientation>
<value>0</value>
</orientation>
<rate>
<value>1.0</value>
</rate>
<timed>
<value>false</value>
</timed>
<infiniteServer>
<value>false</value>
</infiniteServer>
<priority>
<value>1</value>
</priority>
</transition>
<transition id="T4">
<graphics>
<position x="710.0" y="60.0"/>
</graphics>
<name>
<value>T4</value>
<graphics>
<offset x="-5.0" y="35.0"/>
</graphics>
</name>
<orientation>
<value>0</value>
</orientation>
<rate>
<value>1.0</value>
</rate>
<timed>
<value>false</value>
</timed>
<infiniteServer>
<value>false</value>
</infiniteServer>
<priority>
<value>1</value>
</priority>
</transition>
<transition id="T40">
<graphics>
<position x="435.0" y="1020.0"/>
</graphics>
<name>
<value>T40</value>
<graphics>
<offset x="-5.0" y="35.0"/>
</graphics>
</name>
<orientation>
<value>0</value>
</orientation>
<rate>
<value>1.0</value>
</rate>
<timed>
<value>false</value>
</timed>
<infiniteServer>
<value>false</value>
</infiniteServer>
<priority>
<value>1</value>
</priority>
</transition>
<transition id="T41">
<graphics>
<position x="600.0" y="960.0"/>
</graphics>
<name>
<value>T41</value>
<graphics>
<offset x="-5.0" y="35.0"/>
</graphics>
</name>
<orientation>
<value>0</value>
</orientation>
<rate>
<value>1.0</value>
</rate>
<timed>
<value>false</value>
</timed>
<infiniteServer>
<value>false</value>
</infiniteServer>
<priority>
<value>1</value>
</priority>
</transition>
<transition id="T42">
<graphics>
<position x="600.0" y="1020.0"/>
</graphics>
<name>
<value>T42</value>
<graphics>
<offset x="-5.0" y="35.0"/>
</graphics>
</name>
<orientation>
<value>0</value>
</orientation>
<rate>
<value>1.0</value>
</rate>
<timed>
<value>false</value>
</timed>
<infiniteServer>
<value>false</value>
</infiniteServer>
<priority>
<value>1</value>
</priority>
</transition>
<transition id="T43">
<graphics>
<position x="600.0" y="1080.0"/>
</graphics>
<name>
<value>T43</value>
<graphics>
<offset x="-5.0" y="35.0"/>
</graphics>
</name>
<orientation>
<value>0</value>
</orientation>
<rate>
<value>1.0</value>
</rate>
<timed>
<value>false</value>
</timed>
<infiniteServer>
<value>false</value>
</infiniteServer>
<priority>
<value>1</value>
</priority>
</transition>
<transition id="T44">
<graphics>
<position x="735.0" y="1020.0"/>
</graphics>
<name>
<value>T44</value>
<graphics>
<offset x="-5.0" y="35.0"/>
</graphics>
</name>
<orientation>
<value>0</value>
</orientation>
<rate>
<value>1.0</value>
</rate>
<timed>
<value>false</value>
</timed>
<infiniteServer>
<value>false</value>
</infiniteServer>
<priority>
<value>1</value>
</priority>
</transition>
<transition id="T45">
<graphics>
<position x="870.0" y="1020.0"/>
</graphics>
<name>
<value>T45</value>
<graphics>
<offset x="-5.0" y="35.0"/>
</graphics>
</name>
<orientation>
<value>0</value>
</orientation>
<rate>
<value>1.0</value>
</rate>
<timed>
<value>false</value>
</timed>
<infiniteServer>
<value>false</value>
</infiniteServer>
<priority>
<value>1</value>
</priority>
</transition>
<transition id="T46">
<graphics>
<position x="1035.0" y="1020.0"/>
</graphics>
<name>
<value>T46</value>
<graphics>
<offset x="-5.0" y="35.0"/>
</graphics>
</name>
<orientation>
<value>0</value>
</orientation>
<rate>
<value>1.0</value>
</rate>
<timed>
<value>false</value>
</timed>
<infiniteServer>
<value>false</value>
</infiniteServer>
<priority>
<value>1</value>
</priority>
</transition>
<transition id="T5">
<graphics>
<position x="710.0" y="120.0"/>
</graphics>
<name>
<value>T5</value>
<graphics>
<offset x="-5.0" y="35.0"/>
</graphics>
</name>
<orientation>
<value>0</value>
</orientation>
<rate>
<value>1.0</value>
</rate>
<timed>
<value>false</value>
</timed>
<infiniteServer>
<value>false</value>
</infiniteServer>
<priority>
<value>1</value>
</priority>
</transition>
<transition id="T6">
<graphics>
<position x="875.0" y="60.0"/>
</graphics>
<name>
<value>T6</value>
<graphics>
<offset x="-5.0" y="35.0"/>
</graphics>
</name>
<orientation>
<value>0</value>
</orientation>
<rate>
<value>1.0</value>
</rate>
<timed>
<value>false</value>
</timed>
<infiniteServer>
<value>false</value>
</infiniteServer>
<priority>
<value>1</value>
</priority>
</transition>
<transition id="T7">
<graphics>
<position x="875.0" y="120.0"/>
</graphics>
<name>
<value>T7</value>
<graphics>
<offset x="-5.0" y="35.0"/>
</graphics>
</name>
<orientation>
<value>0</value>
</orientation>
<rate>
<value>1.0</value>
</rate>
<timed>
<value>false</value>
</timed>
<infiniteServer>
<value>false</value>
</infiniteServer>
<priority>
<value>1</value>
</priority>
</transition>
<transition id="T8">
<graphics>
<position x="1040.0" y="60.0"/>
</graphics>
<name>
<value>T8</value>
<graphics>
<offset x="-5.0" y="35.0"/>
</graphics>
</name>
<orientation>
<value>0</value>
</orientation>
<rate>
<value>1.0</value>
</rate>
<timed>
<value>false</value>
</timed>
<infiniteServer>
<value>false</value>
</infiniteServer>
<priority>
<value>1</value>
</priority>
</transition>
<transition id="T9">
<graphics>
<position x="1040.0" y="120.0"/>
</graphics>
<name>
<value>T9</value>
<graphics>
<offset x="-5.0" y="35.0"/>
</graphics>
</name>
<orientation>
<value>0</value>
</orientation>
<rate>
<value>1.0</value>
</rate>
<timed>
<value>false</value>
</timed>
<infiniteServer>
<value>false</value>
</infiniteServer>
<priority>
<value>1</value>
</priority>
</transition>
<arc id="P0 to T0" source="P0" target="T0">
<graphics/>
<inscription>
<value>1</value>
<graphics/>
</inscription>
<tagged>
<value>false</value>
</tagged>
<arcpath id="000" x="211" y="87" curvePoint="false"/>
<arcpath id="001" x="236" y="87" curvePoint="false"/>
<type value="normal"/>
</arc>
<arc id="P11 to T11" source="P11" target="T11">
<graphics/>
<inscription>
<value>1</value>
<graphics/>
</inscription>
<tagged>
<value>false</value>
</tagged>
<arcpath id="000" x="191" y="327" curvePoint="false"/>
<arcpath id="001" x="231" y="327" curvePoint="false"/>
<type value="normal"/>
</arc>
<arc id="P12 to T12" source="P12" target="T12">
<graphics/>
<inscription>
<value>1</value>
<graphics/>
</inscription>
<tagged>
<value>false</value>
</tagged>
<arcpath id="000" x="326" y="327" curvePoint="false"/>
<arcpath id="001" x="381" y="327" curvePoint="false"/>
<type value="normal"/>
</arc>
<arc id="P13 to T13" source="P13" target="T13">
<graphics/>
<inscription>
<value>1</value>
<graphics/>
</inscription>
<tagged>
<value>false</value>
</tagged>
<arcpath id="000" x="491" y="282" curvePoint="false"/>
<arcpath id="001" x="546" y="282" curvePoint="false"/>
<type value="normal"/>
</arc>
<arc id="P14 to T14" source="P14" target="T14">
<graphics/>
<inscription>
<value>1</value>
<graphics/>
</inscription>
<tagged>
<value>false</value>
</tagged>
<arcpath id="000" x="491" y="372" curvePoint="false"/>
<arcpath id="001" x="546" y="372" curvePoint="false"/>
<type value="normal"/>
</arc>
<arc id="P15 to T15" source="P15" target="T15">
<graphics/>
<inscription>
<value>1</value>
<graphics/>
</inscription>
<tagged>
<value>false</value>
</tagged>
<arcpath id="000" x="638" y="291" curvePoint="false"/>
<arcpath id="001" x="697" y="322" curvePoint="false"/>
<type value="normal"/>
</arc>
<arc id="P16 to T15" source="P16" target="T15">
<graphics/>
<inscription>
<value>1</value>
<graphics/>
</inscription>
<tagged>
<value>false</value>
</tagged>
<arcpath id="000" x="641" y="367" curvePoint="false"/>
<arcpath id="001" x="696" y="332" curvePoint="false"/>
<type value="normal"/>
</arc>
<arc id="P17 to T16" source="P17" target="T16">
<graphics/>
<inscription>
<value>1</value>
<graphics/>
</inscription>
<tagged>
<value>false</value>
</tagged>
<arcpath id="000" x="821" y="327" curvePoint="false"/>
<arcpath id="001" x="861" y="327" curvePoint="false"/>
<type value="normal"/>
</arc>
<arc id="P18 to T17" source="P18" target="T17">
<graphics/>
<inscription>
<value>1</value>
<graphics/>
</inscription>
<tagged>
<value>false</value>
</tagged>
<arcpath id="000" x="956" y="282" curvePoint="false"/>
<arcpath id="001" x="1011" y="282" curvePoint="false"/>
<type value="normal"/>
</arc>
<arc id="P19 to T18" source="P19" target="T18">
<graphics/>
<inscription>
<value>1</value>
<graphics/>
</inscription>
<tagged>
<value>false</value>
</tagged>
<arcpath id="000" x="956" y="372" curvePoint="false"/>
<arcpath id="001" x="1011" y="372" curvePoint="false"/>
<type value="normal"/>
</arc>
<arc id="P1 to T1" source="P1" target="T1">
<graphics/>
<inscription>
<value>1</value>
<graphics/>
</inscription>
<tagged>
<value>false</value>
</tagged>
<arcpath id="000" x="316" y="87" curvePoint="false"/>
<arcpath id="001" x="356" y="87" curvePoint="false"/>
<type value="normal"/>
</arc>
<arc id="P20 to T19" source="P20" target="T19">
<graphics/>
<inscription>
<value>1</value>
<graphics/>
</inscription>
<tagged>
<value>false</value>
</tagged>
<arcpath id="000" x="1118" y="291" curvePoint="false"/>
<arcpath id="001" x="1177" y="322" curvePoint="false"/>
<type value="normal"/>
</arc>
<arc id="P21 to T19" source="P21" target="T19">
<graphics/>
<inscription>
<value>1</value>
<graphics/>
</inscription>
<tagged>
<value>false</value>
</tagged>
<arcpath id="000" x="1121" y="367" curvePoint="false"/>
<arcpath id="001" x="1176" y="332" curvePoint="false"/>
<type value="normal"/>
</arc>
<arc id="P23 to T20" source="P23" target="T20">
<graphics/>
<inscription>
<value>1</value>
<graphics/>
</inscription>
<tagged>
<value>false</value>
</tagged>
<arcpath id="000" x="192" y="627" curvePoint="false"/>
<arcpath id="001" x="232" y="627" curvePoint="false"/>
<type value="normal"/>
</arc>
<arc id="P24 to T21" source="P24" target="T21">
<graphics/>
<inscription>
<value>1</value>
<graphics/>
</inscription>
<tagged>
<value>false</value>
</tagged>
<arcpath id="000" x="312" y="627" curvePoint="false"/>
<arcpath id="001" x="352" y="627" curvePoint="false"/>
<type value="normal"/>
</arc>
<arc id="P25 to T22" source="P25" target="T22">
<graphics/>
<inscription>
<value>1</value>
<graphics/>
</inscription>
<tagged>
<value>false</value>
</tagged>
<arcpath id="000" x="432" y="627" curvePoint="false"/>
<arcpath id="001" x="472" y="627" curvePoint="false"/>
<type value="normal"/>
</arc>
<arc id="P26 to T23" source="P26" target="T23">
<graphics/>
<inscription>
<value>1</value>
<graphics/>
</inscription>
<tagged>
<value>false</value>
</tagged>
<arcpath id="000" x="567" y="627" curvePoint="false"/>
<arcpath id="001" x="592" y="627" curvePoint="false"/>
<type value="normal"/>
</arc>
<arc id="P27 to T24" source="P27" target="T24">
<graphics/>
<inscription>
<value>1</value>
<graphics/>
</inscription>
<tagged>
<value>false</value>
</tagged>
<arcpath id="000" x="672" y="627" curvePoint="false"/>
<arcpath id="001" x="697" y="627" curvePoint="false"/>
<type value="normal"/>
</arc>
<arc id="P28 to T25" source="P28" target="T25">
<graphics/>
<inscription>
<value>1</value>
<graphics/>
</inscription>
<tagged>
<value>false</value>
</tagged>
<arcpath id="000" x="777" y="627" curvePoint="false"/>
<arcpath id="001" x="832" y="627" curvePoint="false"/>
<type value="normal"/>
</arc>
<arc id="P29 to T26" source="P29" target="T26">
<graphics/>
<inscription>
<value>1</value>
<graphics/>
</inscription>
<tagged>
<value>false</value>
</tagged>
<arcpath id="000" x="927" y="522" curvePoint="false"/>
<arcpath id="001" x="982" y="522" curvePoint="false"/>
<type value="normal"/>
</arc>
<arc id="P2 to T2" source="P2" target="T2">
<graphics/>
<inscription>
<value>1</value>
<graphics/>
</inscription>
<tagged>
<value>false</value>
</tagged>
<arcpath id="000" x="436" y="87" curvePoint="false"/>
<arcpath id="001" x="461" y="87" curvePoint="false"/>
<type value="normal"/>
</arc>
<arc id="P30 to T27" source="P30" target="T27">
<graphics/>
<inscription>
<value>1</value>
<graphics/>
</inscription>
<tagged>
<value>false</value>
</tagged>
<arcpath id="000" x="927" y="612" curvePoint="false"/>
<arcpath id="001" x="982" y="612" curvePoint="false"/>
<type value="normal"/>
</arc>
<arc id="P31 to T28" source="P31" target="T28">
<graphics/>
<inscription>
<value>1</value>
<graphics/>
</inscription>
<tagged>
<value>false</value>
</tagged>
<arcpath id="000" x="927" y="705" curvePoint="false"/>
<arcpath id="001" x="982" y="702" curvePoint="false"/>
<type value="normal"/>
</arc>
<arc id="P32 to T29" source="P32" target="T29">
<graphics/>
<inscription>
<value>1</value>
<graphics/>
</inscription>
<tagged>
<value>false</value>
</tagged>
<arcpath id="000" x="927" y="765" curvePoint="false"/>
<arcpath id="001" x="982" y="762" curvePoint="false"/>
<type value="normal"/>
</arc>
<arc id="P33 to T30" source="P33" target="T30">
<graphics/>
<inscription>
<value>1</value>
<graphics/>
</inscription>
<tagged>
<value>false</value>
</tagged>
<arcpath id="000" x="1085" y="534" curvePoint="false"/>
<arcpath id="001" x="1148" y="621" curvePoint="false"/>
<type value="normal"/>
</arc>
<arc id="P34 to T30" source="P34" target="T30">
<graphics/>
<inscription>
<value>1</value>
<graphics/>
</inscription>
<tagged>
<value>false</value>
</tagged>
<arcpath id="000" x="1091" y="618" curvePoint="false"/>
<arcpath id="001" x="1147" y="628" curvePoint="false"/>
<type value="normal"/>
</arc>
<arc id="P35 to T30" source="P35" target="T30">
<graphics/>
<inscription>
<value>1</value>
<graphics/>
</inscription>
<tagged>
<value>false</value>
</tagged>
<arcpath id="000" x="1090" y="693" curvePoint="false"/>
<arcpath id="001" x="1147" y="635" curvePoint="false"/>
<type value="normal"/>
</arc>
<arc id="P36 to T30" source="P36" target="T30">
<graphics/>
<inscription>
<value>1</value>
<graphics/>
</inscription>
<tagged>
<value>false</value>
</tagged>
<arcpath id="000" x="1086" y="749" curvePoint="false"/>
<arcpath id="001" x="1153" y="642" curvePoint="false"/>
<type value="normal"/>
</arc>
<arc id="P37 to T31" source="P37" target="T31">
<graphics/>
<inscription>
<value>1</value>
<graphics/>
</inscription>
<tagged>
<value>false</value>
</tagged>
<arcpath id="000" x="1256" y="604" curvePoint="false"/>
<arcpath id="001" x="1297" y="567" curvePoint="false"/>
<type value="normal"/>
</arc>
<arc id="P37 to T32" source="P37" target="T32">
<graphics/>
<inscription>
<value>1</value>
<graphics/>
</inscription>
<tagged>
<value>false</value>
</tagged>
<arcpath id="000" x="1253" y="623" curvePoint="false"/>
<arcpath id="001" x="1297" y="657" curvePoint="false"/>
<type value="normal"/>
</arc>
<arc id="P38 to T33" source="P38" target="T33">
<graphics/>
<inscription>
<value>1</value>
<graphics/>
</inscription>
<tagged>
<value>false</value>
</tagged>
<arcpath id="000" x="1377" y="567" curvePoint="false"/>
<arcpath id="001" x="1417" y="567" curvePoint="false"/>
<type value="normal"/>
</arc>
<arc id="P39 to T34" source="P39" target="T34">
<graphics/>
<inscription>
<value>1</value>
<graphics/>
</inscription>
<tagged>
<value>false</value>
</tagged>
<arcpath id="000" x="1369" y="670" curvePoint="false"/>
<arcpath id="001" x="1393" y="717" curvePoint="false"/>
<type value="normal"/>
</arc>
<arc id="P3 to T3" source="P3" target="T3">
<graphics/>
<inscription>
<value>1</value>
<graphics/>
</inscription>
<tagged>
<value>false</value>
</tagged>
<arcpath id="000" x="541" y="87" curvePoint="false"/>
<arcpath id="001" x="581" y="87" curvePoint="false"/>
<type value="normal"/>
</arc>
<arc id="P40 to T35" source="P40" target="T35">
<graphics/>
<inscription>
<value>1</value>
<graphics/>
</inscription>
<tagged>
<value>false</value>
</tagged>
<arcpath id="000" x="1482" y="657" curvePoint="false"/>
<arcpath id="001" x="1507" y="657" curvePoint="false"/>
<type value="normal"/>
</arc>
<arc id="P41 to T36" source="P41" target="T36">
<graphics/>
<inscription>
<value>1</value>
<graphics/>
</inscription>
<tagged>
<value>false</value>
</tagged>
<arcpath id="000" x="1482" y="777" curvePoint="false"/>
<arcpath id="001" x="1507" y="777" curvePoint="false"/>
<type value="normal"/>
</arc>
<arc id="P42 to T37" source="P42" target="T37">
<graphics/>
<inscription>
<value>1</value>
<graphics/>
</inscription>
<tagged>
<value>false</value>
</tagged>
<arcpath id="000" x="1582" y="668" curvePoint="false"/>
<arcpath id="001" x="1628" y="727" curvePoint="false"/>
<type value="normal"/>
</arc>
<arc id="P43 to T37" source="P43" target="T37">
<graphics/>
<inscription>
<value>1</value>
<graphics/>
</inscription>
<tagged>
<value>false</value>
</tagged>
<arcpath id="000" x="1585" y="768" curvePoint="false"/>
<arcpath id="001" x="1627" y="737" curvePoint="false"/>
<type value="normal"/>
</arc>
<arc id="P45 to T38" source="P45" target="T38">
<graphics/>
<inscription>
<value>1</value>
<graphics/>
</inscription>
<tagged>
<value>false</value>
</tagged>
<arcpath id="000" x="248" y="1022" curvePoint="false"/>
<arcpath id="001" x="306" y="987" curvePoint="false"/>
<type value="normal"/>
</arc>
<arc id="P45 to T39" source="P45" target="T39">
<graphics/>
<inscription>
<value>1</value>
<graphics/>
</inscription>
<tagged>
<value>false</value>
</tagged>
<arcpath id="000" x="251" y="1035" curvePoint="false"/>
<arcpath id="001" x="306" y="1062" curvePoint="false"/>
<type value="normal"/>
</arc>
<arc id="P46 to T40" source="P46" target="T40">
<graphics/>
<inscription>
<value>1</value>
<graphics/>
</inscription>
<tagged>
<value>false</value>
</tagged>
<arcpath id="000" x="386" y="1029" curvePoint="false"/>
<arcpath id="001" x="441" y="1032" curvePoint="false"/>
<type value="normal"/>
</arc>
<arc id="P47 to T41" source="P47" target="T41">
<graphics/>
<inscription>
<value>1</value>
<graphics/>
</inscription>
<tagged>
<value>false</value>
</tagged>
<arcpath id="000" x="551" y="972" curvePoint="false"/>
<arcpath id="001" x="606" y="972" curvePoint="false"/>
<type value="normal"/>
</arc>
<arc id="P48 to T42" source="P48" target="T42">
<graphics/>
<inscription>
<value>1</value>
<graphics/>
</inscription>
<tagged>
<value>false</value>
</tagged>
<arcpath id="000" x="551" y="1029" curvePoint="false"/>
<arcpath id="001" x="606" y="1032" curvePoint="false"/>
<type value="normal"/>
</arc>
<arc id="P49 to T43" source="P49" target="T43">
<graphics/>
<inscription>
<value>1</value>
<graphics/>
</inscription>
<tagged>
<value>false</value>
</tagged>
<arcpath id="000" x="551" y="1089" curvePoint="false"/>
<arcpath id="001" x="606" y="1092" curvePoint="false"/>
<type value="normal"/>
</arc>
<arc id="P4 to T4" source="P4" target="T4">
<graphics/>
<inscription>
<value>1</value>
<graphics/>
</inscription>
<tagged>
<value>false</value>
</tagged>
<arcpath id="000" x="661" y="84" curvePoint="false"/>
<arcpath id="001" x="716" y="72" curvePoint="false"/>
<type value="normal"/>
</arc>
<arc id="P4 to T5" source="P4" target="T5">
<graphics/>
<inscription>
<value>1</value>
<graphics/>
</inscription>
<tagged>
<value>false</value>
</tagged>
<arcpath id="000" x="658" y="96" curvePoint="false"/>
<arcpath id="001" x="716" y="132" curvePoint="false"/>
<type value="normal"/>
</arc>
<arc id="P50 to T45" source="P50" target="T45">
<graphics/>
<inscription>
<value>1</value>
<graphics/>
</inscription>
<tagged>
<value>false</value>
</tagged>
<arcpath id="000" x="701" y="975" curvePoint="false"/>
<arcpath id="001" x="877" y="1026" curvePoint="false"/>
<type value="normal"/>
</arc>
<arc id="P51 to T44" source="P51" target="T44">
<graphics/>
<inscription>
<value>1</value>
<graphics/>
</inscription>
<tagged>
<value>false</value>
</tagged>
<arcpath id="000" x="701" y="1032" curvePoint="false"/>
<arcpath id="001" x="741" y="1032" curvePoint="false"/>
<type value="normal"/>
</arc>
<arc id="P52 to T45" source="P52" target="T45">
<graphics/>
<inscription>
<value>1</value>
<graphics/>
</inscription>
<tagged>
<value>false</value>
</tagged>
<arcpath id="000" x="701" y="1087" curvePoint="false"/>
<arcpath id="001" x="876" y="1040" curvePoint="false"/>
<type value="normal"/>
</arc>
<arc id="P53 to T45" source="P53" target="T45">
<graphics/>
<inscription>
<value>1</value>
<graphics/>
</inscription>
<tagged>
<value>false</value>
</tagged>
<arcpath id="000" x="836" y="1028" curvePoint="false"/>
<arcpath id="001" x="876" y="1033" curvePoint="false"/>
<type value="normal"/>
</arc>
<arc id="P54 to T46" source="P54" target="T46">
<graphics/>
<inscription>
<value>1</value>
<graphics/>
</inscription>
<tagged>
<value>false</value>
</tagged>
<arcpath id="000" x="971" y="1032" curvePoint="false"/>
<arcpath id="001" x="1041" y="1032" curvePoint="false"/>
<type value="normal"/>
</arc>
<arc id="P56 to T11" source="P56" target="T11">
<graphics/>
<inscription>
<value>1</value>
<graphics/>
</inscription>
<tagged>
<value>false</value>
</tagged>
<arcpath id="000" x="237" y="281" curvePoint="false"/>
<arcpath id="001" x="237" y="312" curvePoint="false"/>
<type value="normal"/>
</arc>
<arc id="P58 to T0" source="P58" target="T0">
<graphics/>
<inscription>
<value>1</value>
<graphics/>
</inscription>
<tagged>
<value>false</value>
</tagged>
<arcpath id="000" x="242" y="132" curvePoint="false"/>
<arcpath id="001" x="242" y="102" curvePoint="false"/>
<type value="normal"/>
</arc>
<arc id="P59 to T1" source="P59" target="T1">
<graphics/>
<inscription>
<value>1</value>
<graphics/>
</inscription>
<tagged>
<value>false</value>
</tagged>
<arcpath id="000" x="362" y="132" curvePoint="false"/>
<arcpath id="001" x="362" y="102" curvePoint="false"/>
<type value="normal"/>
</arc>
<arc id="P5 to T6" source="P5" target="T6">
<graphics/>
<inscription>
<value>1</value>
<graphics/>
</inscription>
<tagged>
<value>false</value>
</tagged>
<arcpath id="000" x="826" y="72" curvePoint="false"/>
<arcpath id="001" x="881" y="72" curvePoint="false"/>
<type value="normal"/>
</arc>
<arc id="P62 to T20" source="P62" target="T20">
<graphics/>
<inscription>
<value>1</value>
<graphics/>
</inscription>
<tagged>
<value>false</value>
</tagged>
<arcpath id="000" x="238" y="581" curvePoint="false"/>
<arcpath id="001" x="238" y="612" curvePoint="false"/>
<type value="normal"/>
</arc>
<arc id="P64 to T3" source="P64" target="T3">
<graphics/>
<inscription>
<value>1</value>
<graphics/>
</inscription>
<tagged>
<value>false</value>
</tagged>
<arcpath id="000" x="587" y="132" curvePoint="false"/>
<arcpath id="001" x="587" y="102" curvePoint="false"/>
<type value="normal"/>
</arc>
<arc id="P65 to T26" source="P65" target="T26">
<graphics/>
<inscription>
<value>1</value>
<graphics/>
</inscription>
<tagged>
<value>false</value>
</tagged>
<arcpath id="000" x="987" y="461" curvePoint="false"/>
<arcpath id="001" x="988" y="507" curvePoint="false"/>
<type value="normal"/>
</arc>
<arc id="P66 to T27" source="P66" target="T27">
<graphics/>
<inscription>
<value>1</value>
<graphics/>
</inscription>
<tagged>
<value>false</value>
</tagged>
<arcpath id="000" x="988" y="566" curvePoint="false"/>
<arcpath id="001" x="988" y="597" curvePoint="false"/>
<type value="normal"/>
</arc>
<arc id="P67 to T28" source="P67" target="T28">
<graphics/>
<inscription>
<value>1</value>
<graphics/>
</inscription>
<tagged>
<value>false</value>
</tagged>
<arcpath id="000" x="988" y="671" curvePoint="false"/>
<arcpath id="001" x="988" y="687" curvePoint="false"/>
<type value="normal"/>
</arc>
<arc id="P68 to T29" source="P68" target="T29">
<graphics/>
<inscription>
<value>1</value>
<graphics/>
</inscription>
<tagged>
<value>false</value>
</tagged>
<arcpath id="000" x="988" y="807" curvePoint="false"/>
<arcpath id="001" x="988" y="777" curvePoint="false"/>
<type value="normal"/>
</arc>
<arc id="P6 to T7" source="P6" target="T7">
<graphics/>
<inscription>
<value>1</value>
<graphics/>
</inscription>
<tagged>
<value>false</value>
</tagged>
<arcpath id="000" x="826" y="131" curvePoint="false"/>
<arcpath id="001" x="882" y="127" curvePoint="false"/>
<type value="normal"/>
</arc>
<arc id="P71 to T5" source="P71" target="T5">
<graphics/>
<inscription>
<value>1</value>
<graphics/>
</inscription>
<tagged>
<value>false</value>
</tagged>
<arcpath id="000" x="722" y="162" curvePoint="false"/>
<arcpath id="001" x="722" y="147" curvePoint="false"/>
<type value="normal"/>
</arc>
<arc id="P72 to T4" source="P72" target="T4">
<graphics/>
<inscription>
<value>1</value>
<graphics/>
</inscription>
<tagged>
<value>false</value>
</tagged>
<arcpath id="000" x="722" y="31" curvePoint="false"/>
<arcpath id="001" x="722" y="57" curvePoint="false"/>
<type value="normal"/>
</arc>
<arc id="P73 to T33" source="P73" target="T33">
<graphics/>
<inscription>
<value>1</value>
<graphics/>
</inscription>
<tagged>
<value>false</value>
</tagged>
<arcpath id="000" x="1422" y="536" curvePoint="false"/>
<arcpath id="001" x="1423" y="552" curvePoint="false"/>
<type value="normal"/>
</arc>
<arc id="P76 to T7" source="P76" target="T7">
<graphics/>
<inscription>
<value>1</value>
<graphics/>
</inscription>
<tagged>
<value>false</value>
</tagged>
<arcpath id="000" x="861" y="165" curvePoint="false"/>
<arcpath id="001" x="881" y="137" curvePoint="false"/>
<type value="normal"/>
</arc>
<arc id="P77 to T7" source="P77" target="T7">
<graphics/>
<inscription>
<value>1</value>
<graphics/>
</inscription>
<tagged>
<value>false</value>
</tagged>
<arcpath id="000" x="917" y="165" curvePoint="false"/>
<arcpath id="001" x="891" y="137" curvePoint="false"/>
<type value="normal"/>
</arc>
<arc id="P79 to T39" source="P79" target="T39">
<graphics/>
<inscription>
<value>1</value>
<graphics/>
</inscription>
<tagged>
<value>false</value>
</tagged>
<arcpath id="000" x="312" y="1107" curvePoint="false"/>
<arcpath id="001" x="312" y="1077" curvePoint="false"/>
<type value="normal"/>
</arc>
<arc id="P7 to T8" source="P7" target="T8">
<graphics/>
<inscription>
<value>1</value>
<graphics/>
</inscription>
<tagged>
<value>false</value>
</tagged>
<arcpath id="000" x="976" y="72" curvePoint="false"/>
<arcpath id="001" x="1046" y="72" curvePoint="false"/>
<type value="normal"/>
</arc>
<arc id="P82 to T38" source="P82" target="T38">
<graphics/>
<inscription>
<value>1</value>
<graphics/>
</inscription>
<tagged>
<value>false</value>
</tagged>
<arcpath id="000" x="312" y="926" curvePoint="false"/>
<arcpath id="001" x="312" y="972" curvePoint="false"/>
<type value="normal"/>
</arc>
<arc id="P85 to T10" source="P85" target="T10">
<graphics/>
<inscription>
<value>1</value>
<graphics/>
</inscription>
<tagged>
<value>false</value>
</tagged>
<arcpath id="000" x="1223" y="147" curvePoint="false"/>
<arcpath id="001" x="1217" y="117" curvePoint="false"/>
<type value="normal"/>
</arc>
<arc id="P86 to T10" source="P86" target="T10">
<graphics/>
<inscription>
<value>1</value>
<graphics/>
</inscription>
<tagged>
<value>false</value>
</tagged>
<arcpath id="000" x="1213" y="56" curvePoint="false"/>
<arcpath id="001" x="1217" y="87" curvePoint="false"/>
<type value="normal"/>
</arc>
<arc id="P8 to T9" source="P8" target="T9">
<graphics/>
<inscription>
<value>1</value>
<graphics/>
</inscription>
<tagged>
<value>false</value>
</tagged>
<arcpath id="000" x="976" y="132" curvePoint="false"/>
<arcpath id="001" x="1046" y="132" curvePoint="false"/>
<type value="normal"/>
</arc>
<arc id="P9 to T10" source="P9" target="T10">
<graphics/>
<inscription>
<value>1</value>
<graphics/>
</inscription>
<tagged>
<value>false</value>
</tagged>
<arcpath id="000" x="1156" y="102" curvePoint="false"/>
<arcpath id="001" x="1211" y="102" curvePoint="false"/>
<type value="normal"/>
</arc>
<arc id="T0 to P1" source="T0" target="P1">
<graphics/>
<inscription>
<value>1</value>
<graphics/>
</inscription>
<tagged>
<value>false</value>
</tagged>
<arcpath id="000" x="246" y="87" curvePoint="false"/>
<arcpath id="001" x="287" y="87" curvePoint="false"/>
<type value="normal"/>
</arc>
<arc id="T10 to P10" source="T10" target="P10">
<graphics/>
<inscription>
<value>1</value>
<graphics/>
</inscription>
<tagged>
<value>false</value>
</tagged>
<arcpath id="000" x="1221" y="102" curvePoint="false"/>
<arcpath id="001" x="1277" y="102" curvePoint="false"/>
<type value="normal"/>
</arc>
<arc id="T11 to P12" source="T11" target="P12">
<graphics/>
<inscription>
<value>1</value>
<graphics/>
</inscription>
<tagged>
<value>false</value>
</tagged>
<arcpath id="000" x="241" y="327" curvePoint="false"/>
<arcpath id="001" x="297" y="327" curvePoint="false"/>
<type value="normal"/>
</arc>
<arc id="T11 to P56" source="T11" target="P56">
<graphics/>
<inscription>
<value>1</value>
<graphics/>
</inscription>
<tagged>
<value>false</value>
</tagged>
<arcpath id="000" x="237" y="312" curvePoint="false"/>
<arcpath id="001" x="237" y="281" curvePoint="false"/>
<type value="normal"/>
</arc>
<arc id="T12 to P13" source="T12" target="P13">
<graphics/>
<inscription>
<value>1</value>
<graphics/>
</inscription>
<tagged>
<value>false</value>
</tagged>
<arcpath id="000" x="392" y="322" curvePoint="false"/>
<arcpath id="001" x="463" y="288" curvePoint="false"/>
<type value="normal"/>
</arc>
<arc id="T12 to P14" source="T12" target="P14">
<graphics/>
<inscription>
<value>1</value>
<graphics/>
</inscription>
<tagged>
<value>false</value>
</tagged>
<arcpath id="000" x="391" y="332" curvePoint="false"/>
<arcpath id="001" x="463" y="365" curvePoint="false"/>
<type value="normal"/>
</arc>
<arc id="T12 to P57" source="T12" target="P57">
<graphics/>
<inscription>
<value>1</value>
<graphics/>
</inscription>
<tagged>
<value>false</value>
</tagged>
<arcpath id="000" x="387" y="342" curvePoint="false"/>
<arcpath id="001" x="387" y="372" curvePoint="false"/>
<type value="normal"/>
</arc>
<arc id="T13 to P15" source="T13" target="P15">
<graphics/>
<inscription>
<value>1</value>
<graphics/>
</inscription>
<tagged>
<value>false</value>
</tagged>
<arcpath id="000" x="556" y="282" curvePoint="false"/>
<arcpath id="001" x="612" y="282" curvePoint="false"/>
<type value="normal"/>
</arc>
<arc id="T14 to P16" source="T14" target="P16">
<graphics/>
<inscription>
<value>1</value>
<graphics/>
</inscription>
<tagged>
<value>false</value>
</tagged>
<arcpath id="000" x="556" y="372" curvePoint="false"/>
<arcpath id="001" x="612" y="372" curvePoint="false"/>
<type value="normal"/>
</arc>
<arc id="T15 to P17" source="T15" target="P17">
<graphics/>
<inscription>
<value>1</value>
<graphics/>
</inscription>
<tagged>
<value>false</value>
</tagged>
<arcpath id="000" x="706" y="327" curvePoint="false"/>
<arcpath id="001" x="792" y="327" curvePoint="false"/>
<type value="normal"/>
</arc>
<arc id="T16 to P18" source="T16" target="P18">
<graphics/>
<inscription>
<value>1</value>
<graphics/>
</inscription>
<tagged>
<value>false</value>
</tagged>
<arcpath id="000" x="872" y="322" curvePoint="false"/>
<arcpath id="001" x="929" y="289" curvePoint="false"/>
<type value="normal"/>
</arc>
<arc id="T16 to P19" source="T16" target="P19">
<graphics/>
<inscription>
<value>1</value>
<graphics/>
</inscription>
<tagged>
<value>false</value>
</tagged>
<arcpath id="000" x="871" y="332" curvePoint="false"/>
<arcpath id="001" x="928" y="364" curvePoint="false"/>
<type value="normal"/>
</arc>
<arc id="T17 to P20" source="T17" target="P20">
<graphics/>
<inscription>
<value>1</value>
<graphics/>
</inscription>
<tagged>
<value>false</value>
</tagged>
<arcpath id="000" x="1021" y="282" curvePoint="false"/>
<arcpath id="001" x="1092" y="282" curvePoint="false"/>
<type value="normal"/>
</arc>
<arc id="T17 to P60" source="T17" target="P60">
<graphics/>
<inscription>
<value>1</value>
<graphics/>
</inscription>
<tagged>
<value>false</value>
</tagged>
<arcpath id="000" x="1017" y="267" curvePoint="false"/>
<arcpath id="001" x="1017" y="236" curvePoint="false"/>
<type value="normal"/>
</arc>
<arc id="T18 to P21" source="T18" target="P21">
<graphics/>
<inscription>
<value>1</value>
<graphics/>
</inscription>
<tagged>
<value>false</value>
</tagged>
<arcpath id="000" x="1021" y="372" curvePoint="false"/>
<arcpath id="001" x="1092" y="372" curvePoint="false"/>
<type value="normal"/>
</arc>
<arc id="T19 to P22" source="T19" target="P22">
<graphics/>
<inscription>
<value>1</value>
<graphics/>
</inscription>
<tagged>
<value>false</value>
</tagged>
<arcpath id="000" x="1186" y="327" curvePoint="false"/>
<arcpath id="001" x="1257" y="327" curvePoint="false"/>
<type value="normal"/>
</arc>
<arc id="T1 to P2" source="T1" target="P2">
<graphics/>
<inscription>
<value>1</value>
<graphics/>
</inscription>
<tagged>
<value>false</value>
</tagged>
<arcpath id="000" x="366" y="87" curvePoint="false"/>
<arcpath id="001" x="407" y="87" curvePoint="false"/>
<type value="normal"/>
</arc>
<arc id="T20 to P24" source="T20" target="P24">
<graphics/>
<inscription>
<value>1</value>
<graphics/>
</inscription>
<tagged>
<value>false</value>
</tagged>
<arcpath id="000" x="242" y="627" curvePoint="false"/>
<arcpath id="001" x="283" y="627" curvePoint="false"/>
<type value="normal"/>
</arc>
<arc id="T21 to P25" source="T21" target="P25">
<graphics/>
<inscription>
<value>1</value>
<graphics/>
</inscription>
<tagged>
<value>false</value>
</tagged>
<arcpath id="000" x="362" y="627" curvePoint="false"/>
<arcpath id="001" x="403" y="627" curvePoint="false"/>
<type value="normal"/>
</arc>
<arc id="T22 to P26" source="T22" target="P26">
<graphics/>
<inscription>
<value>1</value>
<graphics/>
</inscription>
<tagged>
<value>false</value>
</tagged>
<arcpath id="000" x="482" y="627" curvePoint="false"/>
<arcpath id="001" x="538" y="627" curvePoint="false"/>
<type value="normal"/>
</arc>
<arc id="T23 to P27" source="T23" target="P27">
<graphics/>
<inscription>
<value>1</value>
<graphics/>
</inscription>
<tagged>
<value>false</value>
</tagged>
<arcpath id="000" x="602" y="627" curvePoint="false"/>
<arcpath id="001" x="643" y="627" curvePoint="false"/>
<type value="normal"/>
</arc>
<arc id="T24 to P28" source="T24" target="P28">
<graphics/>
<inscription>
<value>1</value>
<graphics/>
</inscription>
<tagged>
<value>false</value>
</tagged>
<arcpath id="000" x="707" y="627" curvePoint="false"/>
<arcpath id="001" x="748" y="627" curvePoint="false"/>
<type value="normal"/>
</arc>
<arc id="T24 to P63" source="T24" target="P63">
<graphics/>
<inscription>
<value>1</value>
<graphics/>
</inscription>
<tagged>
<value>false</value>
</tagged>
<arcpath id="000" x="703" y="612" curvePoint="false"/>
<arcpath id="001" x="703" y="581" curvePoint="false"/>
<type value="normal"/>
</arc>
<arc id="T25 to P29" source="T25" target="P29">
<graphics/>
<inscription>
<value>1</value>
<graphics/>
</inscription>
<tagged>
<value>false</value>
</tagged>
<arcpath id="000" x="843" y="619" curvePoint="false"/>
<arcpath id="001" x="904" y="534" curvePoint="false"/>
<type value="normal"/>
</arc>
<arc id="T25 to P30" source="T25" target="P30">
<graphics/>
<inscription>
<value>1</value>
<graphics/>
</inscription>
<tagged>
<value>false</value>
</tagged>
<arcpath id="000" x="843" y="626" curvePoint="false"/>
<arcpath id="001" x="898" y="614" curvePoint="false"/>
<type value="normal"/>
</arc>
<arc id="T25 to P31" source="T25" target="P31">
<graphics/>
<inscription>
<value>1</value>
<graphics/>
</inscription>
<tagged>
<value>false</value>
</tagged>
<arcpath id="000" x="842" y="633" curvePoint="false"/>
<arcpath id="001" x="902" y="691" curvePoint="false"/>
<type value="normal"/>
</arc>
<arc id="T25 to P32" source="T25" target="P32">
<graphics/>
<inscription>
<value>1</value>
<graphics/>
</inscription>
<tagged>
<value>false</value>
</tagged>
<arcpath id="000" x="838" y="642" curvePoint="false"/>
<arcpath id="001" x="905" y="749" curvePoint="false"/>
<type value="normal"/>
</arc>
<arc id="T26 to P33" source="T26" target="P33">
<graphics/>
<inscription>
<value>1</value>
<graphics/>
</inscription>
<tagged>
<value>false</value>
</tagged>
<arcpath id="000" x="992" y="522" curvePoint="false"/>
<arcpath id="001" x="1063" y="522" curvePoint="false"/>
<type value="normal"/>
</arc>
<arc id="T26 to P65" source="T26" target="P65">
<graphics/>
<inscription>
<value>1</value>
<graphics/>
</inscription>
<tagged>
<value>false</value>
</tagged>
<arcpath id="000" x="988" y="507" curvePoint="false"/>
<arcpath id="001" x="987" y="461" curvePoint="false"/>
<type value="normal"/>
</arc>
<arc id="T27 to P34" source="T27" target="P34">
<graphics/>
<inscription>
<value>1</value>
<graphics/>
</inscription>
<tagged>
<value>false</value>
</tagged>
<arcpath id="000" x="992" y="612" curvePoint="false"/>
<arcpath id="001" x="1063" y="612" curvePoint="false"/>
<type value="normal"/>
</arc>
<arc id="T27 to P66" source="T27" target="P66">
<graphics/>
<inscription>
<value>1</value>
<graphics/>
</inscription>
<tagged>
<value>false</value>
</tagged>
<arcpath id="000" x="988" y="597" curvePoint="false"/>
<arcpath id="001" x="988" y="566" curvePoint="false"/>
<type value="normal"/>
</arc>
<arc id="T28 to P35" source="T28" target="P35">
<graphics/>
<inscription>
<value>1</value>
<graphics/>
</inscription>
<tagged>
<value>false</value>
</tagged>
<arcpath id="000" x="992" y="702" curvePoint="false"/>
<arcpath id="001" x="1063" y="702" curvePoint="false"/>
<type value="normal"/>
</arc>
<arc id="T29 to P36" source="T29" target="P36">
<graphics/>
<inscription>
<value>1</value>
<graphics/>
</inscription>
<tagged>
<value>false</value>
</tagged>
<arcpath id="000" x="992" y="762" curvePoint="false"/>
<arcpath id="001" x="1063" y="762" curvePoint="false"/>
<type value="normal"/>
</arc>
<arc id="T2 to P3" source="T2" target="P3">
<graphics/>
<inscription>
<value>1</value>
<graphics/>
</inscription>
<tagged>
<value>false</value>
</tagged>
<arcpath id="000" x="471" y="87" curvePoint="false"/>
<arcpath id="001" x="512" y="87" curvePoint="false"/>
<type value="normal"/>
</arc>
<arc id="T2 to P61" source="T2" target="P61">
<graphics/>
<inscription>
<value>1</value>
<graphics/>
</inscription>
<tagged>
<value>false</value>
</tagged>
<arcpath id="000" x="467" y="102" curvePoint="false"/>
<arcpath id="001" x="467" y="132" curvePoint="false"/>
<type value="normal"/>
</arc>
<arc id="T30 to P37" source="T30" target="P37">
<graphics/>
<inscription>
<value>1</value>
<graphics/>
</inscription>
<tagged>
<value>false</value>
</tagged>
<arcpath id="000" x="1157" y="627" curvePoint="false"/>
<arcpath id="001" x="1228" y="614" curvePoint="false"/>
<type value="normal"/>
</arc>
<arc id="T31 to P38" source="T31" target="P38">
<graphics/>
<inscription>
<value>1</value>
<graphics/>
</inscription>
<tagged>
<value>false</value>
</tagged>
<arcpath id="000" x="1307" y="567" curvePoint="false"/>
<arcpath id="001" x="1348" y="567" curvePoint="false"/>
<type value="normal"/>
</arc>
<arc id="T31 to P69" source="T31" target="P69">
<graphics/>
<inscription>
<value>1</value>
<graphics/>
</inscription>
<tagged>
<value>false</value>
</tagged>
<arcpath id="000" x="1303" y="552" curvePoint="false"/>
<arcpath id="001" x="1303" y="536" curvePoint="false"/>
<type value="normal"/>
</arc>
<arc id="T32 to P39" source="T32" target="P39">
<graphics/>
<inscription>
<value>1</value>
<graphics/>
</inscription>
<tagged>
<value>false</value>
</tagged>
<arcpath id="000" x="1307" y="657" curvePoint="false"/>
<arcpath id="001" x="1348" y="657" curvePoint="false"/>
<type value="normal"/>
</arc>
<arc id="T32 to P70" source="T32" target="P70">
<graphics/>
<inscription>
<value>1</value>
<graphics/>
</inscription>
<tagged>
<value>false</value>
</tagged>
<arcpath id="000" x="1303" y="672" curvePoint="false"/>
<arcpath id="001" x="1303" y="702" curvePoint="false"/>
<type value="normal"/>
</arc>
<arc id="T33 to P44" source="T33" target="P44">
<graphics/>
<inscription>
<value>1</value>
<graphics/>
</inscription>
<tagged>
<value>false</value>
</tagged>
<arcpath id="000" x="1427" y="567" curvePoint="false"/>
<arcpath id="001" x="1633" y="594" curvePoint="false"/>
<type value="normal"/>
</arc>
<arc id="T34 to P40" source="T34" target="P40">
<graphics/>
<inscription>
<value>1</value>
<graphics/>
</inscription>
<tagged>
<value>false</value>
</tagged>
<arcpath id="000" x="1398" y="727" curvePoint="false"/>
<arcpath id="001" x="1457" y="667" curvePoint="false"/>
<type value="normal"/>
</arc>
<arc id="T34 to P41" source="T34" target="P41">
<graphics/>
<inscription>
<value>1</value>
<graphics/>
</inscription>
<tagged>
<value>false</value>
</tagged>
<arcpath id="000" x="1397" y="737" curvePoint="false"/>
<arcpath id="001" x="1454" y="769" curvePoint="false"/>
<type value="normal"/>
</arc>
<arc id="T35 to P42" source="T35" target="P42">
<graphics/>
<inscription>
<value>1</value>
<graphics/>
</inscription>
<tagged>
<value>false</value>
</tagged>
<arcpath id="000" x="1517" y="657" curvePoint="false"/>
<arcpath id="001" x="1558" y="657" curvePoint="false"/>
<type value="normal"/>
</arc>
<arc id="T35 to P80" source="T35" target="P80">
<graphics/>
<inscription>
<value>1</value>
<graphics/>
</inscription>
<tagged>
<value>false</value>
</tagged>
<arcpath id="000" x="1513" y="672" curvePoint="false"/>
<arcpath id="001" x="1512" y="702" curvePoint="false"/>
<type value="normal"/>
</arc>
<arc id="T36 to P43" source="T36" target="P43">
<graphics/>
<inscription>
<value>1</value>
<graphics/>
</inscription>
<tagged>
<value>false</value>
</tagged>
<arcpath id="000" x="1517" y="777" curvePoint="false"/>
<arcpath id="001" x="1558" y="777" curvePoint="false"/>
<type value="normal"/>
</arc>
<arc id="T36 to P81" source="T36" target="P81">
<graphics/>
<inscription>
<value>1</value>
<graphics/>
</inscription>
<tagged>
<value>false</value>
</tagged>
<arcpath id="000" x="1513" y="792" curvePoint="false"/>
<arcpath id="001" x="1512" y="837" curvePoint="false"/>
<type value="normal"/>
</arc>
<arc id="T37 to P44" source="T37" target="P44">
<graphics/>
<inscription>
<value>1</value>
<graphics/>
</inscription>
<tagged>
<value>false</value>
</tagged>
<arcpath id="000" x="1633" y="717" curvePoint="false"/>
<arcpath id="001" x="1646" y="611" curvePoint="false"/>
<type value="normal"/>
</arc>
<arc id="T38 to P46" source="T38" target="P46">
<graphics/>
<inscription>
<value>1</value>
<graphics/>
</inscription>
<tagged>
<value>false</value>
</tagged>
<arcpath id="000" x="316" y="987" curvePoint="false"/>
<arcpath id="001" x="360" y="1022" curvePoint="false"/>
<type value="normal"/>
</arc>
<arc id="T39 to P46" source="T39" target="P46">
<graphics/>
<inscription>
<value>1</value>
<graphics/>
</inscription>
<tagged>
<value>false</value>
</tagged>
<arcpath id="000" x="316" y="1062" curvePoint="false"/>
<arcpath id="001" x="358" y="1039" curvePoint="false"/>
<type value="normal"/>
</arc>
<arc id="T3 to P4" source="T3" target="P4">
<graphics/>
<inscription>
<value>1</value>
<graphics/>
</inscription>
<tagged>
<value>false</value>
</tagged>
<arcpath id="000" x="591" y="87" curvePoint="false"/>
<arcpath id="001" x="632" y="87" curvePoint="false"/>
<type value="normal"/>
</arc>
<arc id="T40 to P47" source="T40" target="P47">
<graphics/>
<inscription>
<value>1</value>
<graphics/>
</inscription>
<tagged>
<value>false</value>
</tagged>
<arcpath id="000" x="452" y="1024" curvePoint="false"/>
<arcpath id="001" x="524" y="979" curvePoint="false"/>
<type value="normal"/>
</arc>
<arc id="T40 to P48" source="T40" target="P48">
<graphics/>
<inscription>
<value>1</value>
<graphics/>
</inscription>
<tagged>
<value>false</value>
</tagged>
<arcpath id="000" x="452" y="1031" curvePoint="false"/>
<arcpath id="001" x="522" y="1031" curvePoint="false"/>
<type value="normal"/>
</arc>
<arc id="T40 to P49" source="T40" target="P49">
<graphics/>
<inscription>
<value>1</value>
<graphics/>
</inscription>
<tagged>
<value>false</value>
</tagged>
<arcpath id="000" x="451" y="1038" curvePoint="false"/>
<arcpath id="001" x="524" y="1084" curvePoint="false"/>
<type value="normal"/>
</arc>
<arc id="T41 to P50" source="T41" target="P50">
<graphics/>
<inscription>
<value>1</value>
<graphics/>
</inscription>
<tagged>
<value>false</value>
</tagged>
<arcpath id="000" x="616" y="972" curvePoint="false"/>
<arcpath id="001" x="672" y="972" curvePoint="false"/>
<type value="normal"/>
</arc>
<arc id="T42 to P51" source="T42" target="P51">
<graphics/>
<inscription>
<value>1</value>
<graphics/>
</inscription>
<tagged>
<value>false</value>
</tagged>
<arcpath id="000" x="616" y="1032" curvePoint="false"/>
<arcpath id="001" x="672" y="1032" curvePoint="false"/>
<type value="normal"/>
</arc>
<arc id="T43 to P52" source="T43" target="P52">
<graphics/>
<inscription>
<value>1</value>
<graphics/>
</inscription>
<tagged>
<value>false</value>
</tagged>
<arcpath id="000" x="616" y="1092" curvePoint="false"/>
<arcpath id="001" x="672" y="1092" curvePoint="false"/>
<type value="normal"/>
</arc>
<arc id="T44 to P53" source="T44" target="P53">
<graphics/>
<inscription>
<value>1</value>
<graphics/>
</inscription>
<tagged>
<value>false</value>
</tagged>
<arcpath id="000" x="751" y="1032" curvePoint="false"/>
<arcpath id="001" x="807" y="1032" curvePoint="false"/>
<type value="normal"/>
</arc>
<arc id="T45 to P54" source="T45" target="P54">
<graphics/>
<inscription>
<value>1</value>
<graphics/>
</inscription>
<tagged>
<value>false</value>
</tagged>
<arcpath id="000" x="886" y="1032" curvePoint="false"/>
<arcpath id="001" x="942" y="1032" curvePoint="false"/>
<type value="normal"/>
</arc>
<arc id="T46 to P55" source="T46" target="P55">
<graphics/>
<inscription>
<value>1</value>
<graphics/>
</inscription>
<tagged>
<value>false</value>
</tagged>
<arcpath id="000" x="1051" y="1032" curvePoint="false"/>
<arcpath id="001" x="1122" y="1032" curvePoint="false"/>
<type value="normal"/>
</arc>
<arc id="T46 to P83" source="T46" target="P83">
<graphics/>
<inscription>
<value>1</value>
<graphics/>
</inscription>
<tagged>
<value>false</value>
</tagged>
<arcpath id="000" x="1047" y="1017" curvePoint="false"/>
<arcpath id="001" x="1047" y="986" curvePoint="false"/>
<type value="normal"/>
</arc>
<arc id="T46 to P84" source="T46" target="P84">
<graphics/>
<inscription>
<value>1</value>
<graphics/>
</inscription>
<tagged>
<value>false</value>
</tagged>
<arcpath id="000" x="1047" y="1047" curvePoint="false"/>
<arcpath id="001" x="1047" y="1077" curvePoint="false"/>
<type value="normal"/>
</arc>
<arc id="T4 to P5" source="T4" target="P5">
<graphics/>
<inscription>
<value>1</value>
<graphics/>
</inscription>
<tagged>
<value>false</value>
</tagged>
<arcpath id="000" x="726" y="72" curvePoint="false"/>
<arcpath id="001" x="797" y="72" curvePoint="false"/>
<type value="normal"/>
</arc>
<arc id="T5 to P6" source="T5" target="P6">
<graphics/>
<inscription>
<value>1</value>
<graphics/>
</inscription>
<tagged>
<value>false</value>
</tagged>
<arcpath id="000" x="726" y="132" curvePoint="false"/>
<arcpath id="001" x="797" y="132" curvePoint="false"/>
<type value="normal"/>
</arc>
<arc id="T6 to P7" source="T6" target="P7">
<graphics/>
<inscription>
<value>1</value>
<graphics/>
</inscription>
<tagged>
<value>false</value>
</tagged>
<arcpath id="000" x="891" y="72" curvePoint="false"/>
<arcpath id="001" x="947" y="72" curvePoint="false"/>
<type value="normal"/>
</arc>
<arc id="T6 to P74" source="T6" target="P74">
<graphics/>
<inscription>
<value>1</value>
<graphics/>
</inscription>
<tagged>
<value>false</value>
</tagged>
<arcpath id="000" x="887" y="57" curvePoint="false"/>
<arcpath id="001" x="884" y="31" curvePoint="false"/>
<type value="normal"/>
</arc>
<arc id="T7 to P8" source="T7" target="P8">
<graphics/>
<inscription>
<value>1</value>
<graphics/>
</inscription>
<tagged>
<value>false</value>
</tagged>
<arcpath id="000" x="892" y="127" curvePoint="false"/>
<arcpath id="001" x="947" y="130" curvePoint="false"/>
<type value="normal"/>
</arc>
<arc id="T8 to P75" source="T8" target="P75">
<graphics/>
<inscription>
<value>1</value>
<graphics/>
</inscription>
<tagged>
<value>false</value>
</tagged>
<arcpath id="000" x="1052" y="57" curvePoint="false"/>
<arcpath id="001" x="1057" y="41" curvePoint="false"/>
<type value="normal"/>
</arc>
<arc id="T8 to P9" source="T8" target="P9">
<graphics/>
<inscription>
<value>1</value>
<graphics/>
</inscription>
<tagged>
<value>false</value>
</tagged>
<arcpath id="000" x="1056" y="72" curvePoint="false"/>
<arcpath id="001" x="1127" y="97" curvePoint="false"/>
<type value="normal"/>
</arc>
<arc id="T9 to P78" source="T9" target="P78">
<graphics/>
<inscription>
<value>1</value>
<graphics/>
</inscription>
<tagged>
<value>false</value>
</tagged>
<arcpath id="000" x="1052" y="147" curvePoint="false"/>
<arcpath id="001" x="1057" y="162" curvePoint="false"/>
<type value="normal"/>
</arc>
<arc id="T9 to P9" source="T9" target="P9">
<graphics/>
<inscription>
<value>1</value>
<graphics/>
</inscription>
<tagged>
<value>false</value>
</tagged>
<arcpath id="000" x="1056" y="132" curvePoint="false"/>
<arcpath id="001" x="1127" y="107" curvePoint="false"/>
<type value="normal"/>
</arc>
</net>
</pnml>
