<?xml version="1.0" encoding="ISO-8859-1"?><pnml>
<net id="Net-One" type="P/T net">
<labels x="1047" y="124" width="104" height="20" border="true">
<text>1*P4</text>
<finalMarings>true</finalMarings>
</labels>
<labels x="1325" y="927" width="104" height="20" border="true">
<text>1*P40</text>
<finalMarings>true</finalMarings>
</labels>
<labels x="875" y="357" width="104" height="20" border="true">
<text>1*P8</text>
<finalMarings>true</finalMarings>
</labels>
<labels x="48" y="100" width="104" height="20" border="true">
<text>Command center</text>
<finalMarings>false</finalMarings>
</labels>
<labels x="70" y="323" width="104" height="36" border="true">
<text>Early warning department</text>
<finalMarings>false</finalMarings>
</labels>
<labels x="92" y="840" width="104" height="52" border="true">
<text>Emergency response department</text>
<finalMarings>false</finalMarings>
</labels>
<place id="P0">
<graphics>
<position x="180.0" y="105.0"/>
</graphics>
<name>
<value>P0</value>
<graphics>
<offset x="-5.0" y="35.0"/>
</graphics>
</name>
<msgPlace>false</msgPlace>
<resPlace>false</resPlace>
<initialMarking>
<value>1</value>
<graphics>
<offset x="0.0" y="0.0"/>
</graphics>
</initialMarking>
<capacity>
<value>0</value>
</capacity>
</place>
<place id="P1">
<graphics>
<position x="315.0" y="105.0"/>
</graphics>
<name>
<value>P1</value>
<graphics>
<offset x="-5.0" y="35.0"/>
</graphics>
</name>
<msgPlace>false</msgPlace>
<resPlace>false</resPlace>
<initialMarking>
<value>0</value>
<graphics>
<offset x="0.0" y="0.0"/>
</graphics>
</initialMarking>
<capacity>
<value>0</value>
</capacity>
</place>
<place id="P10">
<graphics>
<position x="420.0" y="660.0"/>
</graphics>
<name>
<value>P10</value>
<graphics>
<offset x="-5.0" y="35.0"/>
</graphics>
</name>
<msgPlace>false</msgPlace>
<resPlace>false</resPlace>
<initialMarking>
<value>0</value>
<graphics>
<offset x="0.0" y="0.0"/>
</graphics>
</initialMarking>
<capacity>
<value>0</value>
</capacity>
</place>
<place id="P11">
<graphics>
<position x="420.0" y="960.0"/>
</graphics>
<name>
<value>P11</value>
<graphics>
<offset x="-5.0" y="35.0"/>
</graphics>
</name>
<msgPlace>false</msgPlace>
<resPlace>false</resPlace>
<initialMarking>
<value>0</value>
<graphics>
<offset x="0.0" y="0.0"/>
</graphics>
</initialMarking>
<capacity>
<value>0</value>
</capacity>
</place>
<place id="P12">
<graphics>
<position x="420.0" y="1215.0"/>
</graphics>
<name>
<value>P12</value>
<graphics>
<offset x="-5.0" y="35.0"/>
</graphics>
</name>
<msgPlace>false</msgPlace>
<resPlace>false</resPlace>
<initialMarking>
<value>0</value>
<graphics>
<offset x="0.0" y="0.0"/>
</graphics>
</initialMarking>
<capacity>
<value>0</value>
</capacity>
</place>
<place id="P13">
<graphics>
<position x="585.0" y="675.0"/>
</graphics>
<name>
<value>P13</value>
<graphics>
<offset x="-5.0" y="35.0"/>
</graphics>
</name>
<msgPlace>false</msgPlace>
<resPlace>false</resPlace>
<initialMarking>
<value>0</value>
<graphics>
<offset x="0.0" y="0.0"/>
</graphics>
</initialMarking>
<capacity>
<value>0</value>
</capacity>
</place>
<place id="P14">
<graphics>
<position x="585.0" y="585.0"/>
</graphics>
<name>
<value>P14</value>
<graphics>
<offset x="-5.0" y="35.0"/>
</graphics>
</name>
<msgPlace>false</msgPlace>
<resPlace>false</resPlace>
<initialMarking>
<value>0</value>
<graphics>
<offset x="0.0" y="0.0"/>
</graphics>
</initialMarking>
<capacity>
<value>0</value>
</capacity>
</place>
<place id="P15">
<graphics>
<position x="585.0" y="540.0"/>
</graphics>
<name>
<value>P15</value>
<graphics>
<offset x="-5.0" y="35.0"/>
</graphics>
</name>
<msgPlace>false</msgPlace>
<resPlace>false</resPlace>
<initialMarking>
<value>0</value>
<graphics>
<offset x="0.0" y="0.0"/>
</graphics>
</initialMarking>
<capacity>
<value>0</value>
</capacity>
</place>
<place id="P16">
<graphics>
<position x="585.0" y="735.0"/>
</graphics>
<name>
<value>P16</value>
<graphics>
<offset x="-5.0" y="35.0"/>
</graphics>
</name>
<msgPlace>false</msgPlace>
<resPlace>false</resPlace>
<initialMarking>
<value>0</value>
<graphics>
<offset x="0.0" y="0.0"/>
</graphics>
</initialMarking>
<capacity>
<value>0</value>
</capacity>
</place>
<place id="P17">
<graphics>
<position x="585.0" y="780.0"/>
</graphics>
<name>
<value>P17</value>
<graphics>
<offset x="-5.0" y="35.0"/>
</graphics>
</name>
<msgPlace>false</msgPlace>
<resPlace>false</resPlace>
<initialMarking>
<value>0</value>
<graphics>
<offset x="0.0" y="0.0"/>
</graphics>
</initialMarking>
<capacity>
<value>0</value>
</capacity>
</place>
<place id="P18">
<graphics>
<position x="735.0" y="540.0"/>
</graphics>
<name>
<value>P18</value>
<graphics>
<offset x="-5.0" y="35.0"/>
</graphics>
</name>
<msgPlace>false</msgPlace>
<resPlace>false</resPlace>
<initialMarking>
<value>0</value>
<graphics>
<offset x="0.0" y="0.0"/>
</graphics>
</initialMarking>
<capacity>
<value>0</value>
</capacity>
</place>
<place id="P19">
<graphics>
<position x="735.0" y="585.0"/>
</graphics>
<name>
<value>P19</value>
<graphics>
<offset x="-5.0" y="35.0"/>
</graphics>
</name>
<msgPlace>false</msgPlace>
<resPlace>false</resPlace>
<initialMarking>
<value>0</value>
<graphics>
<offset x="0.0" y="0.0"/>
</graphics>
</initialMarking>
<capacity>
<value>0</value>
</capacity>
</place>
<place id="P2">
<graphics>
<position x="420.0" y="105.0"/>
</graphics>
<name>
<value>P2</value>
<graphics>
<offset x="-5.0" y="35.0"/>
</graphics>
</name>
<msgPlace>false</msgPlace>
<resPlace>false</resPlace>
<initialMarking>
<value>0</value>
<graphics>
<offset x="0.0" y="0.0"/>
</graphics>
</initialMarking>
<capacity>
<value>0</value>
</capacity>
</place>
<place id="P20">
<graphics>
<position x="735.0" y="675.0"/>
</graphics>
<name>
<value>P20</value>
<graphics>
<offset x="-5.0" y="35.0"/>
</graphics>
</name>
<msgPlace>false</msgPlace>
<resPlace>false</resPlace>
<initialMarking>
<value>0</value>
<graphics>
<offset x="0.0" y="0.0"/>
</graphics>
</initialMarking>
<capacity>
<value>0</value>
</capacity>
</place>
<place id="P21">
<graphics>
<position x="735.0" y="735.0"/>
</graphics>
<name>
<value>P21</value>
<graphics>
<offset x="-5.0" y="35.0"/>
</graphics>
</name>
<msgPlace>false</msgPlace>
<resPlace>false</resPlace>
<initialMarking>
<value>0</value>
<graphics>
<offset x="0.0" y="0.0"/>
</graphics>
</initialMarking>
<capacity>
<value>0</value>
</capacity>
</place>
<place id="P22">
<graphics>
<position x="735.0" y="780.0"/>
</graphics>
<name>
<value>P22</value>
<graphics>
<offset x="-5.0" y="35.0"/>
</graphics>
</name>
<msgPlace>false</msgPlace>
<resPlace>false</resPlace>
<initialMarking>
<value>0</value>
<graphics>
<offset x="0.0" y="0.0"/>
</graphics>
</initialMarking>
<capacity>
<value>0</value>
</capacity>
</place>
<place id="P23">
<graphics>
<position x="585.0" y="885.0"/>
</graphics>
<name>
<value>P23</value>
<graphics>
<offset x="-5.0" y="35.0"/>
</graphics>
</name>
<msgPlace>false</msgPlace>
<resPlace>false</resPlace>
<initialMarking>
<value>0</value>
<graphics>
<offset x="0.0" y="0.0"/>
</graphics>
</initialMarking>
<capacity>
<value>0</value>
</capacity>
</place>
<place id="P24">
<graphics>
<position x="585.0" y="930.0"/>
</graphics>
<name>
<value>P24</value>
<graphics>
<offset x="-5.0" y="35.0"/>
</graphics>
</name>
<msgPlace>false</msgPlace>
<resPlace>false</resPlace>
<initialMarking>
<value>0</value>
<graphics>
<offset x="0.0" y="0.0"/>
</graphics>
</initialMarking>
<capacity>
<value>0</value>
</capacity>
</place>
<place id="P25">
<graphics>
<position x="585.0" y="975.0"/>
</graphics>
<name>
<value>P25</value>
<graphics>
<offset x="-5.0" y="35.0"/>
</graphics>
</name>
<msgPlace>false</msgPlace>
<resPlace>false</resPlace>
<initialMarking>
<value>0</value>
<graphics>
<offset x="0.0" y="0.0"/>
</graphics>
</initialMarking>
<capacity>
<value>0</value>
</capacity>
</place>
<place id="P26">
<graphics>
<position x="585.0" y="1035.0"/>
</graphics>
<name>
<value>P26</value>
<graphics>
<offset x="-5.0" y="35.0"/>
</graphics>
</name>
<msgPlace>false</msgPlace>
<resPlace>false</resPlace>
<initialMarking>
<value>0</value>
<graphics>
<offset x="0.0" y="0.0"/>
</graphics>
</initialMarking>
<capacity>
<value>0</value>
</capacity>
</place>
<place id="P27">
<graphics>
<position x="585.0" y="1185.0"/>
</graphics>
<name>
<value>P27</value>
<graphics>
<offset x="-5.0" y="35.0"/>
</graphics>
</name>
<msgPlace>false</msgPlace>
<resPlace>false</resPlace>
<initialMarking>
<value>0</value>
<graphics>
<offset x="0.0" y="0.0"/>
</graphics>
</initialMarking>
<capacity>
<value>0</value>
</capacity>
</place>
<place id="P28">
<graphics>
<position x="585.0" y="1230.0"/>
</graphics>
<name>
<value>P28</value>
<graphics>
<offset x="-5.0" y="35.0"/>
</graphics>
</name>
<msgPlace>false</msgPlace>
<resPlace>false</resPlace>
<initialMarking>
<value>0</value>
<graphics>
<offset x="0.0" y="0.0"/>
</graphics>
</initialMarking>
<capacity>
<value>0</value>
</capacity>
</place>
<place id="P29">
<graphics>
<position x="585.0" y="1275.0"/>
</graphics>
<name>
<value>P29</value>
<graphics>
<offset x="-5.0" y="35.0"/>
</graphics>
</name>
<msgPlace>false</msgPlace>
<resPlace>false</resPlace>
<initialMarking>
<value>0</value>
<graphics>
<offset x="0.0" y="0.0"/>
</graphics>
</initialMarking>
<capacity>
<value>0</value>
</capacity>
</place>
<place id="P3">
<graphics>
<position x="570.0" y="105.0"/>
</graphics>
<name>
<value>P3</value>
<graphics>
<offset x="-5.0" y="35.0"/>
</graphics>
</name>
<msgPlace>false</msgPlace>
<resPlace>false</resPlace>
<initialMarking>
<value>0</value>
<graphics>
<offset x="0.0" y="0.0"/>
</graphics>
</initialMarking>
<capacity>
<value>0</value>
</capacity>
</place>
<place id="P30">
<graphics>
<position x="585.0" y="1320.0"/>
</graphics>
<name>
<value>P30</value>
<graphics>
<offset x="-5.0" y="35.0"/>
</graphics>
</name>
<msgPlace>false</msgPlace>
<resPlace>false</resPlace>
<initialMarking>
<value>0</value>
<graphics>
<offset x="0.0" y="0.0"/>
</graphics>
</initialMarking>
<capacity>
<value>0</value>
</capacity>
</place>
<place id="P31">
<graphics>
<position x="735.0" y="885.0"/>
</graphics>
<name>
<value>P31</value>
<graphics>
<offset x="-5.0" y="35.0"/>
</graphics>
</name>
<msgPlace>false</msgPlace>
<resPlace>false</resPlace>
<initialMarking>
<value>0</value>
<graphics>
<offset x="0.0" y="0.0"/>
</graphics>
</initialMarking>
<capacity>
<value>0</value>
</capacity>
</place>
<place id="P32">
<graphics>
<position x="735.0" y="930.0"/>
</graphics>
<name>
<value>P32</value>
<graphics>
<offset x="-5.0" y="35.0"/>
</graphics>
</name>
<msgPlace>false</msgPlace>
<resPlace>false</resPlace>
<initialMarking>
<value>0</value>
<graphics>
<offset x="0.0" y="0.0"/>
</graphics>
</initialMarking>
<capacity>
<value>0</value>
</capacity>
</place>
<place id="P33">
<graphics>
<position x="735.0" y="975.0"/>
</graphics>
<name>
<value>P33</value>
<graphics>
<offset x="-5.0" y="35.0"/>
</graphics>
</name>
<msgPlace>false</msgPlace>
<resPlace>false</resPlace>
<initialMarking>
<value>0</value>
<graphics>
<offset x="0.0" y="0.0"/>
</graphics>
</initialMarking>
<capacity>
<value>0</value>
</capacity>
</place>
<place id="P34">
<graphics>
<position x="735.0" y="1035.0"/>
</graphics>
<name>
<value>P34</value>
<graphics>
<offset x="-5.0" y="35.0"/>
</graphics>
</name>
<msgPlace>false</msgPlace>
<resPlace>false</resPlace>
<initialMarking>
<value>0</value>
<graphics>
<offset x="0.0" y="0.0"/>
</graphics>
</initialMarking>
<capacity>
<value>0</value>
</capacity>
</place>
<place id="P35">
<graphics>
<position x="735.0" y="1185.0"/>
</graphics>
<name>
<value>P35</value>
<graphics>
<offset x="-5.0" y="35.0"/>
</graphics>
</name>
<msgPlace>false</msgPlace>
<resPlace>false</resPlace>
<initialMarking>
<value>0</value>
<graphics>
<offset x="0.0" y="0.0"/>
</graphics>
</initialMarking>
<capacity>
<value>0</value>
</capacity>
</place>
<place id="P36">
<graphics>
<position x="735.0" y="1230.0"/>
</graphics>
<name>
<value>P36</value>
<graphics>
<offset x="-5.0" y="35.0"/>
</graphics>
</name>
<msgPlace>false</msgPlace>
<resPlace>false</resPlace>
<initialMarking>
<value>0</value>
<graphics>
<offset x="0.0" y="0.0"/>
</graphics>
</initialMarking>
<capacity>
<value>0</value>
</capacity>
</place>
<place id="P37">
<graphics>
<position x="735.0" y="1275.0"/>
</graphics>
<name>
<value>P37</value>
<graphics>
<offset x="-5.0" y="35.0"/>
</graphics>
</name>
<msgPlace>false</msgPlace>
<resPlace>false</resPlace>
<initialMarking>
<value>0</value>
<graphics>
<offset x="0.0" y="0.0"/>
</graphics>
</initialMarking>
<capacity>
<value>0</value>
</capacity>
</place>
<place id="P38">
<graphics>
<position x="735.0" y="1320.0"/>
</graphics>
<name>
<value>P38</value>
<graphics>
<offset x="-5.0" y="35.0"/>
</graphics>
</name>
<msgPlace>false</msgPlace>
<resPlace>false</resPlace>
<initialMarking>
<value>0</value>
<graphics>
<offset x="0.0" y="0.0"/>
</graphics>
</initialMarking>
<capacity>
<value>0</value>
</capacity>
</place>
<place id="P39">
<graphics>
<position x="945.0" y="870.0"/>
</graphics>
<name>
<value>P39</value>
<graphics>
<offset x="-5.0" y="35.0"/>
</graphics>
</name>
<msgPlace>false</msgPlace>
<resPlace>false</resPlace>
<initialMarking>
<value>0</value>
<graphics>
<offset x="0.0" y="0.0"/>
</graphics>
</initialMarking>
<capacity>
<value>0</value>
</capacity>
</place>
<place id="P4">
<graphics>
<position x="705.0" y="105.0"/>
</graphics>
<name>
<value>P4</value>
<graphics>
<offset x="-5.0" y="35.0"/>
</graphics>
</name>
<msgPlace>false</msgPlace>
<resPlace>false</resPlace>
<initialMarking>
<value>0</value>
<graphics>
<offset x="0.0" y="0.0"/>
</graphics>
</initialMarking>
<capacity>
<value>0</value>
</capacity>
</place>
<place id="P40">
<graphics>
<position x="1155.0" y="870.0"/>
</graphics>
<name>
<value>P40</value>
<graphics>
<offset x="-5.0" y="35.0"/>
</graphics>
</name>
<msgPlace>false</msgPlace>
<resPlace>false</resPlace>
<initialMarking>
<value>0</value>
<graphics>
<offset x="0.0" y="0.0"/>
</graphics>
</initialMarking>
<capacity>
<value>0</value>
</capacity>
</place>
<place id="P41">
<graphics>
<position x="270.0" y="285.0"/>
</graphics>
<name>
<value>extremeWeatherWarning</value>
<graphics>
<offset x="-5.0" y="35.0"/>
</graphics>
</name>
<msgPlace>true</msgPlace>
<resPlace>false</resPlace>
<initialMarking>
<value>0</value>
<graphics>
<offset x="0.0" y="0.0"/>
</graphics>
</initialMarking>
<capacity>
<value>0</value>
</capacity>
</place>
<place id="P42">
<graphics>
<position x="240.0" y="45.0"/>
</graphics>
<name>
<value>extremeWeatherWarning</value>
<graphics>
<offset x="-5.0" y="35.0"/>
</graphics>
</name>
<msgPlace>true</msgPlace>
<resPlace>false</resPlace>
<initialMarking>
<value>0</value>
<graphics>
<offset x="0.0" y="0.0"/>
</graphics>
</initialMarking>
<capacity>
<value>0</value>
</capacity>
</place>
<place id="P43">
<graphics>
<position x="585.0" y="285.0"/>
</graphics>
<name>
<value>liveSituation</value>
<graphics>
<offset x="-5.0" y="35.0"/>
</graphics>
</name>
<msgPlace>true</msgPlace>
<resPlace>false</resPlace>
<initialMarking>
<value>0</value>
<graphics>
<offset x="0.0" y="0.0"/>
</graphics>
</initialMarking>
<capacity>
<value>0</value>
</capacity>
</place>
<place id="P44">
<graphics>
<position x="375.0" y="45.0"/>
</graphics>
<name>
<value>liveSituation</value>
<graphics>
<offset x="-5.0" y="35.0"/>
</graphics>
</name>
<msgPlace>true</msgPlace>
<resPlace>false</resPlace>
<initialMarking>
<value>0</value>
<graphics>
<offset x="0.0" y="0.0"/>
</graphics>
</initialMarking>
<capacity>
<value>0</value>
</capacity>
</place>
<place id="P45">
<graphics>
<position x="495.0" y="0.0"/>
</graphics>
<name>
<value>rainstormEmergency</value>
<graphics>
<offset x="-5.0" y="35.0"/>
</graphics>
</name>
<msgPlace>true</msgPlace>
<resPlace>false</resPlace>
<initialMarking>
<value>0</value>
<graphics>
<offset x="0.0" y="0.0"/>
</graphics>
</initialMarking>
<capacity>
<value>0</value>
</capacity>
</place>
<place id="P46">
<graphics>
<position x="495.0" y="150.0"/>
</graphics>
<name>
<value>blizzardEmergency</value>
<graphics>
<offset x="-5.0" y="35.0"/>
</graphics>
</name>
<msgPlace>true</msgPlace>
<resPlace>false</resPlace>
<initialMarking>
<value>0</value>
<graphics>
<offset x="0.0" y="0.0"/>
</graphics>
</initialMarking>
<capacity>
<value>0</value>
</capacity>
</place>
<place id="P47">
<graphics>
<position x="495.0" y="225.0"/>
</graphics>
<name>
<value>heavyPollutionWeather</value>
<graphics>
<offset x="-5.0" y="35.0"/>
</graphics>
</name>
<msgPlace>true</msgPlace>
<resPlace>false</resPlace>
<initialMarking>
<value>0</value>
<graphics>
<offset x="0.0" y="0.0"/>
</graphics>
</initialMarking>
<capacity>
<value>0</value>
</capacity>
</place>
<place id="P48">
<graphics>
<position x="645.0" y="165.0"/>
</graphics>
<name>
<value>incidentReport</value>
<graphics>
<offset x="-5.0" y="35.0"/>
</graphics>
</name>
<msgPlace>true</msgPlace>
<resPlace>false</resPlace>
<initialMarking>
<value>0</value>
<graphics>
<offset x="0.0" y="0.0"/>
</graphics>
</initialMarking>
<capacity>
<value>0</value>
</capacity>
</place>
<place id="P49">
<graphics>
<position x="315.0" y="570.0"/>
</graphics>
<name>
<value>rainstormEmergency</value>
<graphics>
<offset x="-5.0" y="35.0"/>
</graphics>
</name>
<msgPlace>true</msgPlace>
<resPlace>false</resPlace>
<initialMarking>
<value>0</value>
<graphics>
<offset x="0.0" y="0.0"/>
</graphics>
</initialMarking>
<capacity>
<value>0</value>
</capacity>
</place>
<place id="P5">
<graphics>
<position x="210.0" y="345.0"/>
</graphics>
<name>
<value>P5</value>
<graphics>
<offset x="-5.0" y="35.0"/>
</graphics>
</name>
<msgPlace>false</msgPlace>
<resPlace>false</resPlace>
<initialMarking>
<value>1</value>
<graphics>
<offset x="0.0" y="0.0"/>
</graphics>
</initialMarking>
<capacity>
<value>0</value>
</capacity>
</place>
<place id="P50">
<graphics>
<position x="315.0" y="885.0"/>
</graphics>
<name>
<value>blizzardEmergency</value>
<graphics>
<offset x="-5.0" y="35.0"/>
</graphics>
</name>
<msgPlace>true</msgPlace>
<resPlace>false</resPlace>
<initialMarking>
<value>0</value>
<graphics>
<offset x="0.0" y="0.0"/>
</graphics>
</initialMarking>
<capacity>
<value>0</value>
</capacity>
</place>
<place id="P51">
<graphics>
<position x="315.0" y="1290.0"/>
</graphics>
<name>
<value>heavyPollutionWeather</value>
<graphics>
<offset x="-5.0" y="35.0"/>
</graphics>
</name>
<msgPlace>true</msgPlace>
<resPlace>false</resPlace>
<initialMarking>
<value>0</value>
<graphics>
<offset x="0.0" y="0.0"/>
</graphics>
</initialMarking>
<capacity>
<value>0</value>
</capacity>
</place>
<place id="P52">
<graphics>
<position x="1065.0" y="810.0"/>
</graphics>
<name>
<value>incidentReport</value>
<graphics>
<offset x="-5.0" y="35.0"/>
</graphics>
</name>
<msgPlace>true</msgPlace>
<resPlace>false</resPlace>
<initialMarking>
<value>0</value>
<graphics>
<offset x="0.0" y="0.0"/>
</graphics>
</initialMarking>
<capacity>
<value>0</value>
</capacity>
</place>
<place id="P53">
<graphics>
<position x="450.0" y="840.0"/>
</graphics>
<name>
<value>standbyTrain</value>
<graphics>
<offset x="-5.0" y="35.0"/>
</graphics>
</name>
<msgPlace>false</msgPlace>
<resPlace>true</resPlace>
<initialMarking>
<value>1</value>
<graphics>
<offset x="0.0" y="0.0"/>
</graphics>
</initialMarking>
<capacity>
<value>0</value>
</capacity>
</place>
<place id="P54">
<graphics>
<position x="660.0" y="480.0"/>
</graphics>
<name>
<value>waterproofBoard</value>
<graphics>
<offset x="-5.0" y="35.0"/>
</graphics>
</name>
<msgPlace>false</msgPlace>
<resPlace>true</resPlace>
<initialMarking>
<value>1</value>
<graphics>
<offset x="0.0" y="0.0"/>
</graphics>
</initialMarking>
<capacity>
<value>0</value>
</capacity>
</place>
<place id="P55">
<graphics>
<position x="660.0" y="1080.0"/>
</graphics>
<name>
<value>snowRemovalSupplies</value>
<graphics>
<offset x="84.0" y="38.0"/>
</graphics>
</name>
<msgPlace>false</msgPlace>
<resPlace>true</resPlace>
<initialMarking>
<value>1</value>
<graphics>
<offset x="0.0" y="0.0"/>
</graphics>
</initialMarking>
<capacity>
<value>0</value>
</capacity>
</place>
<place id="P6">
<graphics>
<position x="345.0" y="345.0"/>
</graphics>
<name>
<value>P6</value>
<graphics>
<offset x="-5.0" y="35.0"/>
</graphics>
</name>
<msgPlace>false</msgPlace>
<resPlace>false</resPlace>
<initialMarking>
<value>0</value>
<graphics>
<offset x="0.0" y="0.0"/>
</graphics>
</initialMarking>
<capacity>
<value>0</value>
</capacity>
</place>
<place id="P7">
<graphics>
<position x="510.0" y="345.0"/>
</graphics>
<name>
<value>P7</value>
<graphics>
<offset x="-5.0" y="35.0"/>
</graphics>
</name>
<msgPlace>false</msgPlace>
<resPlace>false</resPlace>
<initialMarking>
<value>0</value>
<graphics>
<offset x="0.0" y="0.0"/>
</graphics>
</initialMarking>
<capacity>
<value>0</value>
</capacity>
</place>
<place id="P8">
<graphics>
<position x="660.0" y="345.0"/>
</graphics>
<name>
<value>P8</value>
<graphics>
<offset x="-5.0" y="35.0"/>
</graphics>
</name>
<msgPlace>false</msgPlace>
<resPlace>false</resPlace>
<initialMarking>
<value>0</value>
<graphics>
<offset x="0.0" y="0.0"/>
</graphics>
</initialMarking>
<capacity>
<value>0</value>
</capacity>
</place>
<place id="P9">
<graphics>
<position x="195.0" y="960.0"/>
</graphics>
<name>
<value>P9</value>
<graphics>
<offset x="-5.0" y="35.0"/>
</graphics>
</name>
<msgPlace>false</msgPlace>
<resPlace>false</resPlace>
<initialMarking>
<value>1</value>
<graphics>
<offset x="0.0" y="0.0"/>
</graphics>
</initialMarking>
<capacity>
<value>0</value>
</capacity>
</place>
<transition id="T0">
<graphics>
<position x="240.0" y="105.0"/>
</graphics>
<name>
<value>T0</value>
<graphics>
<offset x="-5.0" y="35.0"/>
</graphics>
</name>
<orientation>
<value>0</value>
</orientation>
<rate>
<value>1.0</value>
</rate>
<timed>
<value>false</value>
</timed>
<infiniteServer>
<value>false</value>
</infiniteServer>
<priority>
<value>1</value>
</priority>
</transition>
<transition id="T1">
<graphics>
<position x="375.0" y="105.0"/>
</graphics>
<name>
<value>T1</value>
<graphics>
<offset x="-5.0" y="35.0"/>
</graphics>
</name>
<orientation>
<value>0</value>
</orientation>
<rate>
<value>1.0</value>
</rate>
<timed>
<value>false</value>
</timed>
<infiniteServer>
<value>false</value>
</infiniteServer>
<priority>
<value>1</value>
</priority>
</transition>
<transition id="T10">
<graphics>
<position x="585.0" y="345.0"/>
</graphics>
<name>
<value>T10</value>
<graphics>
<offset x="-5.0" y="35.0"/>
</graphics>
</name>
<orientation>
<value>0</value>
</orientation>
<rate>
<value>1.0</value>
</rate>
<timed>
<value>false</value>
</timed>
<infiniteServer>
<value>false</value>
</infiniteServer>
<priority>
<value>1</value>
</priority>
</transition>
<transition id="T11">
<graphics>
<position x="315.0" y="660.0"/>
</graphics>
<name>
<value>T11</value>
<graphics>
<offset x="-5.0" y="35.0"/>
</graphics>
</name>
<orientation>
<value>0</value>
</orientation>
<rate>
<value>1.0</value>
</rate>
<timed>
<value>false</value>
</timed>
<infiniteServer>
<value>false</value>
</infiniteServer>
<priority>
<value>1</value>
</priority>
</transition>
<transition id="T12">
<graphics>
<position x="315.0" y="960.0"/>
</graphics>
<name>
<value>T12</value>
<graphics>
<offset x="-5.0" y="35.0"/>
</graphics>
</name>
<orientation>
<value>0</value>
</orientation>
<rate>
<value>1.0</value>
</rate>
<timed>
<value>false</value>
</timed>
<infiniteServer>
<value>false</value>
</infiniteServer>
<priority>
<value>1</value>
</priority>
</transition>
<transition id="T13">
<graphics>
<position x="315.0" y="1215.0"/>
</graphics>
<name>
<value>T13</value>
<graphics>
<offset x="-5.0" y="35.0"/>
</graphics>
</name>
<orientation>
<value>0</value>
</orientation>
<rate>
<value>1.0</value>
</rate>
<timed>
<value>false</value>
</timed>
<infiniteServer>
<value>false</value>
</infiniteServer>
<priority>
<value>1</value>
</priority>
</transition>
<transition id="T14">
<graphics>
<position x="495.0" y="660.0"/>
</graphics>
<name>
<value>T14</value>
<graphics>
<offset x="-5.0" y="35.0"/>
</graphics>
</name>
<orientation>
<value>0</value>
</orientation>
<rate>
<value>1.0</value>
</rate>
<timed>
<value>false</value>
</timed>
<infiniteServer>
<value>false</value>
</infiniteServer>
<priority>
<value>1</value>
</priority>
</transition>
<transition id="T15">
<graphics>
<position x="510.0" y="960.0"/>
</graphics>
<name>
<value>T15</value>
<graphics>
<offset x="-5.0" y="35.0"/>
</graphics>
</name>
<orientation>
<value>0</value>
</orientation>
<rate>
<value>1.0</value>
</rate>
<timed>
<value>false</value>
</timed>
<infiniteServer>
<value>false</value>
</infiniteServer>
<priority>
<value>1</value>
</priority>
</transition>
<transition id="T16">
<graphics>
<position x="510.0" y="1215.0"/>
</graphics>
<name>
<value>T16</value>
<graphics>
<offset x="-5.0" y="35.0"/>
</graphics>
</name>
<orientation>
<value>0</value>
</orientation>
<rate>
<value>1.0</value>
</rate>
<timed>
<value>false</value>
</timed>
<infiniteServer>
<value>false</value>
</infiniteServer>
<priority>
<value>1</value>
</priority>
</transition>
<transition id="T17">
<graphics>
<position x="660.0" y="540.0"/>
</graphics>
<name>
<value>T17</value>
<graphics>
<offset x="-5.0" y="35.0"/>
</graphics>
</name>
<orientation>
<value>0</value>
</orientation>
<rate>
<value>1.0</value>
</rate>
<timed>
<value>false</value>
</timed>
<infiniteServer>
<value>false</value>
</infiniteServer>
<priority>
<value>1</value>
</priority>
</transition>
<transition id="T18">
<graphics>
<position x="660.0" y="585.0"/>
</graphics>
<name>
<value>T18</value>
<graphics>
<offset x="-5.0" y="35.0"/>
</graphics>
</name>
<orientation>
<value>0</value>
</orientation>
<rate>
<value>1.0</value>
</rate>
<timed>
<value>false</value>
</timed>
<infiniteServer>
<value>false</value>
</infiniteServer>
<priority>
<value>1</value>
</priority>
</transition>
<transition id="T19">
<graphics>
<position x="660.0" y="675.0"/>
</graphics>
<name>
<value>T19</value>
<graphics>
<offset x="-5.0" y="35.0"/>
</graphics>
</name>
<orientation>
<value>0</value>
</orientation>
<rate>
<value>1.0</value>
</rate>
<timed>
<value>false</value>
</timed>
<infiniteServer>
<value>false</value>
</infiniteServer>
<priority>
<value>1</value>
</priority>
</transition>
<transition id="T2">
<graphics>
<position x="495.0" y="105.0"/>
</graphics>
<name>
<value>T2</value>
<graphics>
<offset x="-5.0" y="35.0"/>
</graphics>
</name>
<orientation>
<value>0</value>
</orientation>
<rate>
<value>1.0</value>
</rate>
<timed>
<value>false</value>
</timed>
<infiniteServer>
<value>false</value>
</infiniteServer>
<priority>
<value>1</value>
</priority>
</transition>
<transition id="T20">
<graphics>
<position x="660.0" y="735.0"/>
</graphics>
<name>
<value>T20</value>
<graphics>
<offset x="-5.0" y="35.0"/>
</graphics>
</name>
<orientation>
<value>0</value>
</orientation>
<rate>
<value>1.0</value>
</rate>
<timed>
<value>false</value>
</timed>
<infiniteServer>
<value>false</value>
</infiniteServer>
<priority>
<value>1</value>
</priority>
</transition>
<transition id="T21">
<graphics>
<position x="660.0" y="795.0"/>
</graphics>
<name>
<value>T21</value>
<graphics>
<offset x="-5.0" y="35.0"/>
</graphics>
</name>
<orientation>
<value>0</value>
</orientation>
<rate>
<value>1.0</value>
</rate>
<timed>
<value>false</value>
</timed>
<infiniteServer>
<value>false</value>
</infiniteServer>
<priority>
<value>1</value>
</priority>
</transition>
<transition id="T22">
<graphics>
<position x="660.0" y="870.0"/>
</graphics>
<name>
<value>T22</value>
<graphics>
<offset x="-5.0" y="35.0"/>
</graphics>
</name>
<orientation>
<value>0</value>
</orientation>
<rate>
<value>1.0</value>
</rate>
<timed>
<value>false</value>
</timed>
<infiniteServer>
<value>false</value>
</infiniteServer>
<priority>
<value>1</value>
</priority>
</transition>
<transition id="T23">
<graphics>
<position x="660.0" y="930.0"/>
</graphics>
<name>
<value>T23</value>
<graphics>
<offset x="-5.0" y="35.0"/>
</graphics>
</name>
<orientation>
<value>0</value>
</orientation>
<rate>
<value>1.0</value>
</rate>
<timed>
<value>false</value>
</timed>
<infiniteServer>
<value>false</value>
</infiniteServer>
<priority>
<value>1</value>
</priority>
</transition>
<transition id="T24">
<graphics>
<position x="660.0" y="975.0"/>
</graphics>
<name>
<value>T24</value>
<graphics>
<offset x="-5.0" y="35.0"/>
</graphics>
</name>
<orientation>
<value>0</value>
</orientation>
<rate>
<value>1.0</value>
</rate>
<timed>
<value>false</value>
</timed>
<infiniteServer>
<value>false</value>
</infiniteServer>
<priority>
<value>1</value>
</priority>
</transition>
<transition id="T25">
<graphics>
<position x="660.0" y="1035.0"/>
</graphics>
<name>
<value>T25</value>
<graphics>
<offset x="-5.0" y="35.0"/>
</graphics>
</name>
<orientation>
<value>0</value>
</orientation>
<rate>
<value>1.0</value>
</rate>
<timed>
<value>false</value>
</timed>
<infiniteServer>
<value>false</value>
</infiniteServer>
<priority>
<value>1</value>
</priority>
</transition>
<transition id="T26">
<graphics>
<position x="660.0" y="1170.0"/>
</graphics>
<name>
<value>T26</value>
<graphics>
<offset x="-5.0" y="35.0"/>
</graphics>
</name>
<orientation>
<value>0</value>
</orientation>
<rate>
<value>1.0</value>
</rate>
<timed>
<value>false</value>
</timed>
<infiniteServer>
<value>false</value>
</infiniteServer>
<priority>
<value>1</value>
</priority>
</transition>
<transition id="T27">
<graphics>
<position x="660.0" y="1230.0"/>
</graphics>
<name>
<value>T27</value>
<graphics>
<offset x="-5.0" y="35.0"/>
</graphics>
</name>
<orientation>
<value>0</value>
</orientation>
<rate>
<value>1.0</value>
</rate>
<timed>
<value>false</value>
</timed>
<infiniteServer>
<value>false</value>
</infiniteServer>
<priority>
<value>1</value>
</priority>
</transition>
<transition id="T28">
<graphics>
<position x="660.0" y="1275.0"/>
</graphics>
<name>
<value>T28</value>
<graphics>
<offset x="-5.0" y="35.0"/>
</graphics>
</name>
<orientation>
<value>0</value>
</orientation>
<rate>
<value>1.0</value>
</rate>
<timed>
<value>false</value>
</timed>
<infiniteServer>
<value>false</value>
</infiniteServer>
<priority>
<value>1</value>
</priority>
</transition>
<transition id="T29">
<graphics>
<position x="660.0" y="1320.0"/>
</graphics>
<name>
<value>T29</value>
<graphics>
<offset x="-5.0" y="35.0"/>
</graphics>
</name>
<orientation>
<value>0</value>
</orientation>
<rate>
<value>1.0</value>
</rate>
<timed>
<value>false</value>
</timed>
<infiniteServer>
<value>false</value>
</infiniteServer>
<priority>
<value>1</value>
</priority>
</transition>
<transition id="T3">
<graphics>
<position x="495.0" y="45.0"/>
</graphics>
<name>
<value>T3</value>
<graphics>
<offset x="-5.0" y="35.0"/>
</graphics>
</name>
<orientation>
<value>0</value>
</orientation>
<rate>
<value>1.0</value>
</rate>
<timed>
<value>false</value>
</timed>
<infiniteServer>
<value>false</value>
</infiniteServer>
<priority>
<value>1</value>
</priority>
</transition>
<transition id="T30">
<graphics>
<position x="810.0" y="705.0"/>
</graphics>
<name>
<value>T30</value>
<graphics>
<offset x="-5.0" y="35.0"/>
</graphics>
</name>
<orientation>
<value>0</value>
</orientation>
<rate>
<value>1.0</value>
</rate>
<timed>
<value>false</value>
</timed>
<infiniteServer>
<value>false</value>
</infiniteServer>
<priority>
<value>1</value>
</priority>
</transition>
<transition id="T31">
<graphics>
<position x="825.0" y="975.0"/>
</graphics>
<name>
<value>T31</value>
<graphics>
<offset x="-5.0" y="35.0"/>
</graphics>
</name>
<orientation>
<value>0</value>
</orientation>
<rate>
<value>1.0</value>
</rate>
<timed>
<value>false</value>
</timed>
<infiniteServer>
<value>false</value>
</infiniteServer>
<priority>
<value>1</value>
</priority>
</transition>
<transition id="T32">
<graphics>
<position x="825.0" y="1245.0"/>
</graphics>
<name>
<value>T32</value>
<graphics>
<offset x="-5.0" y="35.0"/>
</graphics>
</name>
<orientation>
<value>0</value>
</orientation>
<rate>
<value>1.0</value>
</rate>
<timed>
<value>false</value>
</timed>
<infiniteServer>
<value>false</value>
</infiniteServer>
<priority>
<value>1</value>
</priority>
</transition>
<transition id="T33">
<graphics>
<position x="1065.0" y="870.0"/>
</graphics>
<name>
<value>T33</value>
<graphics>
<offset x="-5.0" y="35.0"/>
</graphics>
</name>
<orientation>
<value>0</value>
</orientation>
<rate>
<value>1.0</value>
</rate>
<timed>
<value>false</value>
</timed>
<infiniteServer>
<value>false</value>
</infiniteServer>
<priority>
<value>1</value>
</priority>
</transition>
<transition id="T4">
<graphics>
<position x="495.0" y="180.0"/>
</graphics>
<name>
<value>T4</value>
<graphics>
<offset x="-5.0" y="35.0"/>
</graphics>
</name>
<orientation>
<value>0</value>
</orientation>
<rate>
<value>1.0</value>
</rate>
<timed>
<value>false</value>
</timed>
<infiniteServer>
<value>false</value>
</infiniteServer>
<priority>
<value>1</value>
</priority>
</transition>
<transition id="T5">
<graphics>
<position x="645.0" y="105.0"/>
</graphics>
<name>
<value>T5</value>
<graphics>
<offset x="-5.0" y="35.0"/>
</graphics>
</name>
<orientation>
<value>0</value>
</orientation>
<rate>
<value>1.0</value>
</rate>
<timed>
<value>false</value>
</timed>
<infiniteServer>
<value>false</value>
</infiniteServer>
<priority>
<value>1</value>
</priority>
</transition>
<transition id="T6">
<graphics>
<position x="270.0" y="345.0"/>
</graphics>
<name>
<value>T6</value>
<graphics>
<offset x="-5.0" y="35.0"/>
</graphics>
</name>
<orientation>
<value>0</value>
</orientation>
<rate>
<value>1.0</value>
</rate>
<timed>
<value>false</value>
</timed>
<infiniteServer>
<value>false</value>
</infiniteServer>
<priority>
<value>1</value>
</priority>
</transition>
<transition id="T7">
<graphics>
<position x="435.0" y="285.0"/>
</graphics>
<name>
<value>T7</value>
<graphics>
<offset x="-5.0" y="35.0"/>
</graphics>
</name>
<orientation>
<value>0</value>
</orientation>
<rate>
<value>1.0</value>
</rate>
<timed>
<value>false</value>
</timed>
<infiniteServer>
<value>false</value>
</infiniteServer>
<priority>
<value>1</value>
</priority>
</transition>
<transition id="T8">
<graphics>
<position x="435.0" y="345.0"/>
</graphics>
<name>
<value>T8</value>
<graphics>
<offset x="-5.0" y="35.0"/>
</graphics>
</name>
<orientation>
<value>0</value>
</orientation>
<rate>
<value>1.0</value>
</rate>
<timed>
<value>false</value>
</timed>
<infiniteServer>
<value>false</value>
</infiniteServer>
<priority>
<value>1</value>
</priority>
</transition>
<transition id="T9">
<graphics>
<position x="435.0" y="405.0"/>
</graphics>
<name>
<value>T9</value>
<graphics>
<offset x="-5.0" y="35.0"/>
</graphics>
</name>
<orientation>
<value>0</value>
</orientation>
<rate>
<value>1.0</value>
</rate>
<timed>
<value>false</value>
</timed>
<infiniteServer>
<value>false</value>
</infiniteServer>
<priority>
<value>1</value>
</priority>
</transition>
<arc id="P0 to T0" source="P0" target="T0">
<graphics/>
<inscription>
<value>1</value>
<graphics/>
</inscription>
<tagged>
<value>false</value>
</tagged>
<arcpath id="000" x="206" y="117" curvePoint="false"/>
<arcpath id="001" x="246" y="117" curvePoint="false"/>
<type value="normal"/>
</arc>
<arc id="P10 to T14" source="P10" target="T14">
<graphics/>
<inscription>
<value>1</value>
<graphics/>
</inscription>
<tagged>
<value>false</value>
</tagged>
<arcpath id="000" x="446" y="672" curvePoint="false"/>
<arcpath id="001" x="501" y="672" curvePoint="false"/>
<type value="normal"/>
</arc>
<arc id="P11 to T15" source="P11" target="T15">
<graphics/>
<inscription>
<value>1</value>
<graphics/>
</inscription>
<tagged>
<value>false</value>
</tagged>
<arcpath id="000" x="446" y="972" curvePoint="false"/>
<arcpath id="001" x="516" y="972" curvePoint="false"/>
<type value="normal"/>
</arc>
<arc id="P12 to T16" source="P12" target="T16">
<graphics/>
<inscription>
<value>1</value>
<graphics/>
</inscription>
<tagged>
<value>false</value>
</tagged>
<arcpath id="000" x="446" y="1227" curvePoint="false"/>
<arcpath id="001" x="516" y="1227" curvePoint="false"/>
<type value="normal"/>
</arc>
<arc id="P13 to T19" source="P13" target="T19">
<graphics/>
<inscription>
<value>1</value>
<graphics/>
</inscription>
<tagged>
<value>false</value>
</tagged>
<arcpath id="000" x="611" y="687" curvePoint="false"/>
<arcpath id="001" x="666" y="687" curvePoint="false"/>
<type value="normal"/>
</arc>
<arc id="P14 to T18" source="P14" target="T18">
<graphics/>
<inscription>
<value>1</value>
<graphics/>
</inscription>
<tagged>
<value>false</value>
</tagged>
<arcpath id="000" x="611" y="597" curvePoint="false"/>
<arcpath id="001" x="666" y="597" curvePoint="false"/>
<type value="normal"/>
</arc>
<arc id="P15 to T17" source="P15" target="T17">
<graphics/>
<inscription>
<value>1</value>
<graphics/>
</inscription>
<tagged>
<value>false</value>
</tagged>
<arcpath id="000" x="611" y="552" curvePoint="false"/>
<arcpath id="001" x="666" y="552" curvePoint="false"/>
<type value="normal"/>
</arc>
<arc id="P16 to T20" source="P16" target="T20">
<graphics/>
<inscription>
<value>1</value>
<graphics/>
</inscription>
<tagged>
<value>false</value>
</tagged>
<arcpath id="000" x="611" y="747" curvePoint="false"/>
<arcpath id="001" x="666" y="747" curvePoint="false"/>
<type value="normal"/>
</arc>
<arc id="P17 to T21" source="P17" target="T21">
<graphics/>
<inscription>
<value>1</value>
<graphics/>
</inscription>
<tagged>
<value>false</value>
</tagged>
<arcpath id="000" x="611" y="794" curvePoint="false"/>
<arcpath id="001" x="667" y="801" curvePoint="false"/>
<type value="normal"/>
</arc>
<arc id="P18 to T30" source="P18" target="T30">
<graphics/>
<inscription>
<value>1</value>
<graphics/>
</inscription>
<tagged>
<value>false</value>
</tagged>
<arcpath id="000" x="753" y="565" curvePoint="false"/>
<arcpath id="001" x="822" y="702" curvePoint="false"/>
<type value="normal"/>
</arc>
<arc id="P19 to T30" source="P19" target="T30">
<graphics/>
<inscription>
<value>1</value>
<graphics/>
</inscription>
<tagged>
<value>false</value>
</tagged>
<arcpath id="000" x="754" y="609" curvePoint="false"/>
<arcpath id="001" x="817" y="708" curvePoint="false"/>
<type value="normal"/>
</arc>
<arc id="P1 to T1" source="P1" target="T1">
<graphics/>
<inscription>
<value>1</value>
<graphics/>
</inscription>
<tagged>
<value>false</value>
</tagged>
<arcpath id="000" x="341" y="117" curvePoint="false"/>
<arcpath id="001" x="381" y="117" curvePoint="false"/>
<type value="normal"/>
</arc>
<arc id="P20 to T30" source="P20" target="T30">
<graphics/>
<inscription>
<value>1</value>
<graphics/>
</inscription>
<tagged>
<value>false</value>
</tagged>
<arcpath id="000" x="760" y="692" curvePoint="false"/>
<arcpath id="001" x="817" y="714" curvePoint="false"/>
<type value="normal"/>
</arc>
<arc id="P21 to T30" source="P21" target="T30">
<graphics/>
<inscription>
<value>1</value>
<graphics/>
</inscription>
<tagged>
<value>false</value>
</tagged>
<arcpath id="000" x="761" y="742" curvePoint="false"/>
<arcpath id="001" x="816" y="720" curvePoint="false"/>
<type value="normal"/>
</arc>
<arc id="P22 to T30" source="P22" target="T30">
<graphics/>
<inscription>
<value>1</value>
<graphics/>
</inscription>
<tagged>
<value>false</value>
</tagged>
<arcpath id="000" x="757" y="781" curvePoint="false"/>
<arcpath id="001" x="816" y="726" curvePoint="false"/>
<type value="normal"/>
</arc>
<arc id="P23 to T22" source="P23" target="T22">
<graphics/>
<inscription>
<value>1</value>
<graphics/>
</inscription>
<tagged>
<value>false</value>
</tagged>
<arcpath id="000" x="611" y="894" curvePoint="false"/>
<arcpath id="001" x="666" y="885" curvePoint="false"/>
<type value="normal"/>
</arc>
<arc id="P24 to T23" source="P24" target="T23">
<graphics/>
<inscription>
<value>1</value>
<graphics/>
</inscription>
<tagged>
<value>false</value>
</tagged>
<arcpath id="000" x="611" y="942" curvePoint="false"/>
<arcpath id="001" x="666" y="942" curvePoint="false"/>
<type value="normal"/>
</arc>
<arc id="P25 to T24" source="P25" target="T24">
<graphics/>
<inscription>
<value>1</value>
<graphics/>
</inscription>
<tagged>
<value>false</value>
</tagged>
<arcpath id="000" x="611" y="987" curvePoint="false"/>
<arcpath id="001" x="666" y="987" curvePoint="false"/>
<type value="normal"/>
</arc>
<arc id="P26 to T25" source="P26" target="T25">
<graphics/>
<inscription>
<value>1</value>
<graphics/>
</inscription>
<tagged>
<value>false</value>
</tagged>
<arcpath id="000" x="611" y="1047" curvePoint="false"/>
<arcpath id="001" x="666" y="1047" curvePoint="false"/>
<type value="normal"/>
</arc>
<arc id="P27 to T26" source="P27" target="T26">
<graphics/>
<inscription>
<value>1</value>
<graphics/>
</inscription>
<tagged>
<value>false</value>
</tagged>
<arcpath id="000" x="611" y="1195" curvePoint="false"/>
<arcpath id="001" x="666" y="1190" curvePoint="false"/>
<type value="normal"/>
</arc>
<arc id="P28 to T27" source="P28" target="T27">
<graphics/>
<inscription>
<value>1</value>
<graphics/>
</inscription>
<tagged>
<value>false</value>
</tagged>
<arcpath id="000" x="611" y="1242" curvePoint="false"/>
<arcpath id="001" x="666" y="1242" curvePoint="false"/>
<type value="normal"/>
</arc>
<arc id="P29 to T28" source="P29" target="T28">
<graphics/>
<inscription>
<value>1</value>
<graphics/>
</inscription>
<tagged>
<value>false</value>
</tagged>
<arcpath id="000" x="611" y="1287" curvePoint="false"/>
<arcpath id="001" x="666" y="1287" curvePoint="false"/>
<type value="normal"/>
</arc>
<arc id="P2 to T2" source="P2" target="T2">
<graphics/>
<inscription>
<value>1</value>
<graphics/>
</inscription>
<tagged>
<value>false</value>
</tagged>
<arcpath id="000" x="446" y="117" curvePoint="false"/>
<arcpath id="001" x="501" y="117" curvePoint="false"/>
<type value="normal"/>
</arc>
<arc id="P2 to T3" source="P2" target="T3">
<graphics/>
<inscription>
<value>1</value>
<graphics/>
</inscription>
<tagged>
<value>false</value>
</tagged>
<arcpath id="000" x="443" y="107" curvePoint="false"/>
<arcpath id="001" x="501" y="57" curvePoint="false"/>
<type value="normal"/>
</arc>
<arc id="P2 to T4" source="P2" target="T4">
<graphics/>
<inscription>
<value>1</value>
<graphics/>
</inscription>
<tagged>
<value>false</value>
</tagged>
<arcpath id="000" x="442" y="128" curvePoint="false"/>
<arcpath id="001" x="501" y="192" curvePoint="false"/>
<type value="normal"/>
</arc>
<arc id="P30 to T29" source="P30" target="T29">
<graphics/>
<inscription>
<value>1</value>
<graphics/>
</inscription>
<tagged>
<value>false</value>
</tagged>
<arcpath id="000" x="611" y="1332" curvePoint="false"/>
<arcpath id="001" x="666" y="1332" curvePoint="false"/>
<type value="normal"/>
</arc>
<arc id="P31 to T31" source="P31" target="T31">
<graphics/>
<inscription>
<value>1</value>
<graphics/>
</inscription>
<tagged>
<value>false</value>
</tagged>
<arcpath id="000" x="757" y="907" curvePoint="false"/>
<arcpath id="001" x="832" y="978" curvePoint="false"/>
<type value="normal"/>
</arc>
<arc id="P32 to T31" source="P32" target="T31">
<graphics/>
<inscription>
<value>1</value>
<graphics/>
</inscription>
<tagged>
<value>false</value>
</tagged>
<arcpath id="000" x="760" y="948" curvePoint="false"/>
<arcpath id="001" x="832" y="984" curvePoint="false"/>
<type value="normal"/>
</arc>
<arc id="P33 to T31" source="P33" target="T31">
<graphics/>
<inscription>
<value>1</value>
<graphics/>
</inscription>
<tagged>
<value>false</value>
</tagged>
<arcpath id="000" x="761" y="987" curvePoint="false"/>
<arcpath id="001" x="831" y="990" curvePoint="false"/>
<type value="normal"/>
</arc>
<arc id="P34 to T31" source="P34" target="T31">
<graphics/>
<inscription>
<value>1</value>
<graphics/>
</inscription>
<tagged>
<value>false</value>
</tagged>
<arcpath id="000" x="759" y="1039" curvePoint="false"/>
<arcpath id="001" x="831" y="996" curvePoint="false"/>
<type value="normal"/>
</arc>
<arc id="P35 to T32" source="P35" target="T32">
<graphics/>
<inscription>
<value>1</value>
<graphics/>
</inscription>
<tagged>
<value>false</value>
</tagged>
<arcpath id="000" x="759" y="1204" curvePoint="false"/>
<arcpath id="001" x="832" y="1248" curvePoint="false"/>
<type value="normal"/>
</arc>
<arc id="P36 to T32" source="P36" target="T32">
<graphics/>
<inscription>
<value>1</value>
<graphics/>
</inscription>
<tagged>
<value>false</value>
</tagged>
<arcpath id="000" x="761" y="1244" curvePoint="false"/>
<arcpath id="001" x="832" y="1254" curvePoint="false"/>
<type value="normal"/>
</arc>
<arc id="P37 to T32" source="P37" target="T32">
<graphics/>
<inscription>
<value>1</value>
<graphics/>
</inscription>
<tagged>
<value>false</value>
</tagged>
<arcpath id="000" x="761" y="1282" curvePoint="false"/>
<arcpath id="001" x="831" y="1260" curvePoint="false"/>
<type value="normal"/>
</arc>
<arc id="P38 to T32" source="P38" target="T32">
<graphics/>
<inscription>
<value>1</value>
<graphics/>
</inscription>
<tagged>
<value>false</value>
</tagged>
<arcpath id="000" x="758" y="1322" curvePoint="false"/>
<arcpath id="001" x="831" y="1266" curvePoint="false"/>
<type value="normal"/>
</arc>
<arc id="P39 to T33" source="P39" target="T33">
<graphics/>
<inscription>
<value>1</value>
<graphics/>
</inscription>
<tagged>
<value>false</value>
</tagged>
<arcpath id="000" x="971" y="882" curvePoint="false"/>
<arcpath id="001" x="1071" y="882" curvePoint="false"/>
<type value="normal"/>
</arc>
<arc id="P3 to T5" source="P3" target="T5">
<graphics/>
<inscription>
<value>1</value>
<graphics/>
</inscription>
<tagged>
<value>false</value>
</tagged>
<arcpath id="000" x="596" y="117" curvePoint="false"/>
<arcpath id="001" x="651" y="117" curvePoint="false"/>
<type value="normal"/>
</arc>
<arc id="P42 to T0" source="P42" target="T0">
<graphics/>
<inscription>
<value>1</value>
<graphics/>
</inscription>
<tagged>
<value>false</value>
</tagged>
<arcpath id="000" x="252" y="71" curvePoint="false"/>
<arcpath id="001" x="252" y="102" curvePoint="false"/>
<type value="normal"/>
</arc>
<arc id="P44 to T1" source="P44" target="T1">
<graphics/>
<inscription>
<value>1</value>
<graphics/>
</inscription>
<tagged>
<value>false</value>
</tagged>
<arcpath id="000" x="387" y="71" curvePoint="false"/>
<arcpath id="001" x="387" y="102" curvePoint="false"/>
<type value="normal"/>
</arc>
<arc id="P48 to T5" source="P48" target="T5">
<graphics/>
<inscription>
<value>1</value>
<graphics/>
</inscription>
<tagged>
<value>false</value>
</tagged>
<arcpath id="000" x="657" y="162" curvePoint="false"/>
<arcpath id="001" x="657" y="132" curvePoint="false"/>
<type value="normal"/>
</arc>
<arc id="P49 to T11" source="P49" target="T11">
<graphics/>
<inscription>
<value>1</value>
<graphics/>
</inscription>
<tagged>
<value>false</value>
</tagged>
<arcpath id="000" x="327" y="596" curvePoint="false"/>
<arcpath id="001" x="327" y="657" curvePoint="false"/>
<type value="normal"/>
</arc>
<arc id="P50 to T12" source="P50" target="T12">
<graphics/>
<inscription>
<value>1</value>
<graphics/>
</inscription>
<tagged>
<value>false</value>
</tagged>
<arcpath id="000" x="327" y="911" curvePoint="false"/>
<arcpath id="001" x="327" y="957" curvePoint="false"/>
<type value="normal"/>
</arc>
<arc id="P51 to T13" source="P51" target="T13">
<graphics/>
<inscription>
<value>1</value>
<graphics/>
</inscription>
<tagged>
<value>false</value>
</tagged>
<arcpath id="000" x="327" y="1287" curvePoint="false"/>
<arcpath id="001" x="327" y="1242" curvePoint="false"/>
<type value="normal"/>
</arc>
<arc id="P53 to T21" source="P53" target="T21">
<graphics/>
<inscription>
<value>1</value>
<graphics/>
</inscription>
<tagged>
<value>false</value>
</tagged>
<arcpath id="000" x="476" y="849" curvePoint="false"/>
<arcpath id="001" x="666" y="815" curvePoint="false"/>
<type value="normal"/>
</arc>
<arc id="P53 to T22" source="P53" target="T22">
<graphics/>
<inscription>
<value>1</value>
<graphics/>
</inscription>
<tagged>
<value>false</value>
</tagged>
<arcpath id="000" x="476" y="851" curvePoint="false"/>
<arcpath id="001" x="629" y="863" curvePoint="true"/>
<arcpath id="002" x="667" y="873" curvePoint="false"/>
<type value="normal"/>
</arc>
<arc id="P53 to T26" source="P53" target="T26">
<graphics/>
<inscription>
<value>1</value>
<graphics/>
</inscription>
<tagged>
<value>false</value>
</tagged>
<arcpath id="000" x="459" y="866" curvePoint="false"/>
<arcpath id="001" x="499" y="1115" curvePoint="true"/>
<arcpath id="002" x="666" y="1183" curvePoint="false"/>
<type value="normal"/>
</arc>
<arc id="P54 to T17" source="P54" target="T17">
<graphics/>
<inscription>
<value>1</value>
<graphics/>
</inscription>
<tagged>
<value>false</value>
</tagged>
<arcpath id="000" x="672" y="506" curvePoint="false"/>
<arcpath id="001" x="672" y="537" curvePoint="false"/>
<type value="normal"/>
</arc>
<arc id="P55 to T25" source="P55" target="T25">
<graphics/>
<inscription>
<value>1</value>
<graphics/>
</inscription>
<tagged>
<value>false</value>
</tagged>
<arcpath id="000" x="672" y="1077" curvePoint="false"/>
<arcpath id="001" x="672" y="1062" curvePoint="false"/>
<type value="normal"/>
</arc>
<arc id="P5 to T6" source="P5" target="T6">
<graphics/>
<inscription>
<value>1</value>
<graphics/>
</inscription>
<tagged>
<value>false</value>
</tagged>
<arcpath id="000" x="236" y="357" curvePoint="false"/>
<arcpath id="001" x="276" y="357" curvePoint="false"/>
<type value="normal"/>
</arc>
<arc id="P6 to T7" source="P6" target="T7">
<graphics/>
<inscription>
<value>1</value>
<graphics/>
</inscription>
<tagged>
<value>false</value>
</tagged>
<arcpath id="000" x="369" y="348" curvePoint="false"/>
<arcpath id="001" x="441" y="297" curvePoint="false"/>
<type value="normal"/>
</arc>
<arc id="P6 to T8" source="P6" target="T8">
<graphics/>
<inscription>
<value>1</value>
<graphics/>
</inscription>
<tagged>
<value>false</value>
</tagged>
<arcpath id="000" x="371" y="357" curvePoint="false"/>
<arcpath id="001" x="441" y="357" curvePoint="false"/>
<type value="normal"/>
</arc>
<arc id="P6 to T9" source="P6" target="T9">
<graphics/>
<inscription>
<value>1</value>
<graphics/>
</inscription>
<tagged>
<value>false</value>
</tagged>
<arcpath id="000" x="369" y="365" curvePoint="false"/>
<arcpath id="001" x="441" y="417" curvePoint="false"/>
<type value="normal"/>
</arc>
<arc id="P7 to T10" source="P7" target="T10">
<graphics/>
<inscription>
<value>1</value>
<graphics/>
</inscription>
<tagged>
<value>false</value>
</tagged>
<arcpath id="000" x="536" y="357" curvePoint="false"/>
<arcpath id="001" x="591" y="357" curvePoint="false"/>
<type value="normal"/>
</arc>
<arc id="P9 to T11" source="P9" target="T11">
<graphics/>
<inscription>
<value>1</value>
<graphics/>
</inscription>
<tagged>
<value>false</value>
</tagged>
<arcpath id="000" x="212" y="958" curvePoint="false"/>
<arcpath id="001" x="327" y="687" curvePoint="false"/>
<type value="normal"/>
</arc>
<arc id="P9 to T12" source="P9" target="T12">
<graphics/>
<inscription>
<value>1</value>
<graphics/>
</inscription>
<tagged>
<value>false</value>
</tagged>
<arcpath id="000" x="221" y="972" curvePoint="false"/>
<arcpath id="001" x="321" y="972" curvePoint="false"/>
<type value="normal"/>
</arc>
<arc id="P9 to T13" source="P9" target="T13">
<graphics/>
<inscription>
<value>1</value>
<graphics/>
</inscription>
<tagged>
<value>false</value>
</tagged>
<arcpath id="000" x="213" y="985" curvePoint="false"/>
<arcpath id="001" x="327" y="1212" curvePoint="false"/>
<type value="normal"/>
</arc>
<arc id="T0 to P1" source="T0" target="P1">
<graphics/>
<inscription>
<value>1</value>
<graphics/>
</inscription>
<tagged>
<value>false</value>
</tagged>
<arcpath id="000" x="256" y="117" curvePoint="false"/>
<arcpath id="001" x="312" y="117" curvePoint="false"/>
<type value="normal"/>
</arc>
<arc id="T10 to P43" source="T10" target="P43">
<graphics/>
<inscription>
<value>1</value>
<graphics/>
</inscription>
<tagged>
<value>false</value>
</tagged>
<arcpath id="000" x="597" y="342" curvePoint="false"/>
<arcpath id="001" x="597" y="311" curvePoint="false"/>
<type value="normal"/>
</arc>
<arc id="T10 to P8" source="T10" target="P8">
<graphics/>
<inscription>
<value>1</value>
<graphics/>
</inscription>
<tagged>
<value>false</value>
</tagged>
<arcpath id="000" x="601" y="357" curvePoint="false"/>
<arcpath id="001" x="657" y="357" curvePoint="false"/>
<type value="normal"/>
</arc>
<arc id="T11 to P10" source="T11" target="P10">
<graphics/>
<inscription>
<value>1</value>
<graphics/>
</inscription>
<tagged>
<value>false</value>
</tagged>
<arcpath id="000" x="331" y="672" curvePoint="false"/>
<arcpath id="001" x="417" y="672" curvePoint="false"/>
<type value="normal"/>
</arc>
<arc id="T12 to P11" source="T12" target="P11">
<graphics/>
<inscription>
<value>1</value>
<graphics/>
</inscription>
<tagged>
<value>false</value>
</tagged>
<arcpath id="000" x="331" y="972" curvePoint="false"/>
<arcpath id="001" x="417" y="972" curvePoint="false"/>
<type value="normal"/>
</arc>
<arc id="T13 to P12" source="T13" target="P12">
<graphics/>
<inscription>
<value>1</value>
<graphics/>
</inscription>
<tagged>
<value>false</value>
</tagged>
<arcpath id="000" x="331" y="1227" curvePoint="false"/>
<arcpath id="001" x="417" y="1227" curvePoint="false"/>
<type value="normal"/>
</arc>
<arc id="T14 to P13" source="T14" target="P13">
<graphics/>
<inscription>
<value>1</value>
<graphics/>
</inscription>
<tagged>
<value>false</value>
</tagged>
<arcpath id="000" x="511" y="675" curvePoint="false"/>
<arcpath id="001" x="582" y="684" curvePoint="false"/>
<type value="normal"/>
</arc>
<arc id="T14 to P14" source="T14" target="P14">
<graphics/>
<inscription>
<value>1</value>
<graphics/>
</inscription>
<tagged>
<value>false</value>
</tagged>
<arcpath id="000" x="512" y="666" curvePoint="false"/>
<arcpath id="001" x="585" y="606" curvePoint="false"/>
<type value="normal"/>
</arc>
<arc id="T14 to P15" source="T14" target="P15">
<graphics/>
<inscription>
<value>1</value>
<graphics/>
</inscription>
<tagged>
<value>false</value>
</tagged>
<arcpath id="000" x="512" y="660" curvePoint="false"/>
<arcpath id="001" x="587" y="563" curvePoint="false"/>
<type value="normal"/>
</arc>
<arc id="T14 to P16" source="T14" target="P16">
<graphics/>
<inscription>
<value>1</value>
<graphics/>
</inscription>
<tagged>
<value>false</value>
</tagged>
<arcpath id="000" x="511" y="678" curvePoint="false"/>
<arcpath id="001" x="585" y="737" curvePoint="false"/>
<type value="normal"/>
</arc>
<arc id="T14 to P17" source="T14" target="P17">
<graphics/>
<inscription>
<value>1</value>
<graphics/>
</inscription>
<tagged>
<value>false</value>
</tagged>
<arcpath id="000" x="511" y="681" curvePoint="false"/>
<arcpath id="001" x="587" y="780" curvePoint="false"/>
<type value="normal"/>
</arc>
<arc id="T15 to P23" source="T15" target="P23">
<graphics/>
<inscription>
<value>1</value>
<graphics/>
</inscription>
<tagged>
<value>false</value>
</tagged>
<arcpath id="000" x="527" y="963" curvePoint="false"/>
<arcpath id="001" x="586" y="907" curvePoint="false"/>
<type value="normal"/>
</arc>
<arc id="T15 to P24" source="T15" target="P24">
<graphics/>
<inscription>
<value>1</value>
<graphics/>
</inscription>
<tagged>
<value>false</value>
</tagged>
<arcpath id="000" x="527" y="969" curvePoint="false"/>
<arcpath id="001" x="583" y="947" curvePoint="false"/>
<type value="normal"/>
</arc>
<arc id="T15 to P25" source="T15" target="P25">
<graphics/>
<inscription>
<value>1</value>
<graphics/>
</inscription>
<tagged>
<value>false</value>
</tagged>
<arcpath id="000" x="526" y="975" curvePoint="false"/>
<arcpath id="001" x="582" y="984" curvePoint="false"/>
<type value="normal"/>
</arc>
<arc id="T15 to P26" source="T15" target="P26">
<graphics/>
<inscription>
<value>1</value>
<graphics/>
</inscription>
<tagged>
<value>false</value>
</tagged>
<arcpath id="000" x="526" y="981" curvePoint="false"/>
<arcpath id="001" x="586" y="1036" curvePoint="false"/>
<type value="normal"/>
</arc>
<arc id="T16 to P27" source="T16" target="P27">
<graphics/>
<inscription>
<value>1</value>
<graphics/>
</inscription>
<tagged>
<value>false</value>
</tagged>
<arcpath id="000" x="527" y="1218" curvePoint="false"/>
<arcpath id="001" x="582" y="1201" curvePoint="false"/>
<type value="normal"/>
</arc>
<arc id="T16 to P28" source="T16" target="P28">
<graphics/>
<inscription>
<value>1</value>
<graphics/>
</inscription>
<tagged>
<value>false</value>
</tagged>
<arcpath id="000" x="527" y="1224" curvePoint="false"/>
<arcpath id="001" x="582" y="1238" curvePoint="false"/>
<type value="normal"/>
</arc>
<arc id="T16 to P29" source="T16" target="P29">
<graphics/>
<inscription>
<value>1</value>
<graphics/>
</inscription>
<tagged>
<value>false</value>
</tagged>
<arcpath id="000" x="526" y="1230" curvePoint="false"/>
<arcpath id="001" x="585" y="1277" curvePoint="false"/>
<type value="normal"/>
</arc>
<arc id="T16 to P30" source="T16" target="P30">
<graphics/>
<inscription>
<value>1</value>
<graphics/>
</inscription>
<tagged>
<value>false</value>
</tagged>
<arcpath id="000" x="526" y="1236" curvePoint="false"/>
<arcpath id="001" x="588" y="1319" curvePoint="false"/>
<type value="normal"/>
</arc>
<arc id="T17 to P18" source="T17" target="P18">
<graphics/>
<inscription>
<value>1</value>
<graphics/>
</inscription>
<tagged>
<value>false</value>
</tagged>
<arcpath id="000" x="676" y="552" curvePoint="false"/>
<arcpath id="001" x="732" y="552" curvePoint="false"/>
<type value="normal"/>
</arc>
<arc id="T17 to P54" source="T17" target="P54">
<graphics/>
<inscription>
<value>1</value>
<graphics/>
</inscription>
<tagged>
<value>false</value>
</tagged>
<arcpath id="000" x="672" y="537" curvePoint="false"/>
<arcpath id="001" x="672" y="506" curvePoint="false"/>
<type value="normal"/>
</arc>
<arc id="T18 to P19" source="T18" target="P19">
<graphics/>
<inscription>
<value>1</value>
<graphics/>
</inscription>
<tagged>
<value>false</value>
</tagged>
<arcpath id="000" x="676" y="597" curvePoint="false"/>
<arcpath id="001" x="732" y="597" curvePoint="false"/>
<type value="normal"/>
</arc>
<arc id="T19 to P20" source="T19" target="P20">
<graphics/>
<inscription>
<value>1</value>
<graphics/>
</inscription>
<tagged>
<value>false</value>
</tagged>
<arcpath id="000" x="676" y="687" curvePoint="false"/>
<arcpath id="001" x="732" y="687" curvePoint="false"/>
<type value="normal"/>
</arc>
<arc id="T1 to P2" source="T1" target="P2">
<graphics/>
<inscription>
<value>1</value>
<graphics/>
</inscription>
<tagged>
<value>false</value>
</tagged>
<arcpath id="000" x="391" y="117" curvePoint="false"/>
<arcpath id="001" x="417" y="117" curvePoint="false"/>
<type value="normal"/>
</arc>
<arc id="T20 to P21" source="T20" target="P21">
<graphics/>
<inscription>
<value>1</value>
<graphics/>
</inscription>
<tagged>
<value>false</value>
</tagged>
<arcpath id="000" x="676" y="747" curvePoint="false"/>
<arcpath id="001" x="732" y="747" curvePoint="false"/>
<type value="normal"/>
</arc>
<arc id="T21 to P22" source="T21" target="P22">
<graphics/>
<inscription>
<value>1</value>
<graphics/>
</inscription>
<tagged>
<value>false</value>
</tagged>
<arcpath id="000" x="676" y="807" curvePoint="false"/>
<arcpath id="001" x="732" y="795" curvePoint="false"/>
<type value="normal"/>
</arc>
<arc id="T21 to P53" source="T21" target="P53">
<graphics/>
<inscription>
<value>1</value>
<graphics/>
</inscription>
<tagged>
<value>false</value>
</tagged>
<arcpath id="000" x="666" y="808" curvePoint="false"/>
<arcpath id="001" x="518" y="829" curvePoint="true"/>
<arcpath id="002" x="475" y="846" curvePoint="false"/>
<type value="normal"/>
</arc>
<arc id="T22 to P31" source="T22" target="P31">
<graphics/>
<inscription>
<value>1</value>
<graphics/>
</inscription>
<tagged>
<value>false</value>
</tagged>
<arcpath id="000" x="676" y="882" curvePoint="false"/>
<arcpath id="001" x="732" y="893" curvePoint="false"/>
<type value="normal"/>
</arc>
<arc id="T22 to P53" source="T22" target="P53">
<graphics/>
<inscription>
<value>1</value>
<graphics/>
</inscription>
<tagged>
<value>false</value>
</tagged>
<arcpath id="000" x="667" y="879" curvePoint="false"/>
<arcpath id="001" x="509" y="866" curvePoint="true"/>
<arcpath id="002" x="476" y="856" curvePoint="false"/>
<type value="normal"/>
</arc>
<arc id="T23 to P32" source="T23" target="P32">
<graphics/>
<inscription>
<value>1</value>
<graphics/>
</inscription>
<tagged>
<value>false</value>
</tagged>
<arcpath id="000" x="676" y="942" curvePoint="false"/>
<arcpath id="001" x="732" y="942" curvePoint="false"/>
<type value="normal"/>
</arc>
<arc id="T24 to P33" source="T24" target="P33">
<graphics/>
<inscription>
<value>1</value>
<graphics/>
</inscription>
<tagged>
<value>false</value>
</tagged>
<arcpath id="000" x="676" y="987" curvePoint="false"/>
<arcpath id="001" x="732" y="987" curvePoint="false"/>
<type value="normal"/>
</arc>
<arc id="T25 to P34" source="T25" target="P34">
<graphics/>
<inscription>
<value>1</value>
<graphics/>
</inscription>
<tagged>
<value>false</value>
</tagged>
<arcpath id="000" x="676" y="1047" curvePoint="false"/>
<arcpath id="001" x="732" y="1047" curvePoint="false"/>
<type value="normal"/>
</arc>
<arc id="T26 to P35" source="T26" target="P35">
<graphics/>
<inscription>
<value>1</value>
<graphics/>
</inscription>
<tagged>
<value>false</value>
</tagged>
<arcpath id="000" x="676" y="1182" curvePoint="false"/>
<arcpath id="001" x="732" y="1193" curvePoint="false"/>
<type value="normal"/>
</arc>
<arc id="T26 to P53" source="T26" target="P53">
<graphics/>
<inscription>
<value>1</value>
<graphics/>
</inscription>
<tagged>
<value>false</value>
</tagged>
<arcpath id="000" x="667" y="1176" curvePoint="false"/>
<arcpath id="001" x="479" y="932" curvePoint="true"/>
<arcpath id="002" x="465" y="866" curvePoint="false"/>
<type value="normal"/>
</arc>
<arc id="T27 to P36" source="T27" target="P36">
<graphics/>
<inscription>
<value>1</value>
<graphics/>
</inscription>
<tagged>
<value>false</value>
</tagged>
<arcpath id="000" x="676" y="1242" curvePoint="false"/>
<arcpath id="001" x="732" y="1242" curvePoint="false"/>
<type value="normal"/>
</arc>
<arc id="T28 to P37" source="T28" target="P37">
<graphics/>
<inscription>
<value>1</value>
<graphics/>
</inscription>
<tagged>
<value>false</value>
</tagged>
<arcpath id="000" x="676" y="1287" curvePoint="false"/>
<arcpath id="001" x="732" y="1287" curvePoint="false"/>
<type value="normal"/>
</arc>
<arc id="T29 to P38" source="T29" target="P38">
<graphics/>
<inscription>
<value>1</value>
<graphics/>
</inscription>
<tagged>
<value>false</value>
</tagged>
<arcpath id="000" x="676" y="1332" curvePoint="false"/>
<arcpath id="001" x="732" y="1332" curvePoint="false"/>
<type value="normal"/>
</arc>
<arc id="T2 to P3" source="T2" target="P3">
<graphics/>
<inscription>
<value>1</value>
<graphics/>
</inscription>
<tagged>
<value>false</value>
</tagged>
<arcpath id="000" x="511" y="117" curvePoint="false"/>
<arcpath id="001" x="567" y="117" curvePoint="false"/>
<type value="normal"/>
</arc>
<arc id="T2 to P46" source="T2" target="P46">
<graphics/>
<inscription>
<value>1</value>
<graphics/>
</inscription>
<tagged>
<value>false</value>
</tagged>
<arcpath id="000" x="507" y="132" curvePoint="false"/>
<arcpath id="001" x="507" y="147" curvePoint="false"/>
<type value="normal"/>
</arc>
<arc id="T30 to P39" source="T30" target="P39">
<graphics/>
<inscription>
<value>1</value>
<graphics/>
</inscription>
<tagged>
<value>false</value>
</tagged>
<arcpath id="000" x="826" y="717" curvePoint="false"/>
<arcpath id="001" x="947" y="870" curvePoint="false"/>
<type value="normal"/>
</arc>
<arc id="T31 to P39" source="T31" target="P39">
<graphics/>
<inscription>
<value>1</value>
<graphics/>
</inscription>
<tagged>
<value>false</value>
</tagged>
<arcpath id="000" x="841" y="987" curvePoint="false"/>
<arcpath id="001" x="945" y="892" curvePoint="false"/>
<type value="normal"/>
</arc>
<arc id="T32 to P39" source="T32" target="P39">
<graphics/>
<inscription>
<value>1</value>
<graphics/>
</inscription>
<tagged>
<value>false</value>
</tagged>
<arcpath id="000" x="837" y="1242" curvePoint="false"/>
<arcpath id="001" x="952" y="896" curvePoint="false"/>
<type value="normal"/>
</arc>
<arc id="T33 to P40" source="T33" target="P40">
<graphics/>
<inscription>
<value>1</value>
<graphics/>
</inscription>
<tagged>
<value>false</value>
</tagged>
<arcpath id="000" x="1081" y="882" curvePoint="false"/>
<arcpath id="001" x="1152" y="882" curvePoint="false"/>
<type value="normal"/>
</arc>
<arc id="T33 to P52" source="T33" target="P52">
<graphics/>
<inscription>
<value>1</value>
<graphics/>
</inscription>
<tagged>
<value>false</value>
</tagged>
<arcpath id="000" x="1077" y="867" curvePoint="false"/>
<arcpath id="001" x="1077" y="836" curvePoint="false"/>
<type value="normal"/>
</arc>
<arc id="T3 to P3" source="T3" target="P3">
<graphics/>
<inscription>
<value>1</value>
<graphics/>
</inscription>
<tagged>
<value>false</value>
</tagged>
<arcpath id="000" x="511" y="57" curvePoint="false"/>
<arcpath id="001" x="570" y="107" curvePoint="false"/>
<type value="normal"/>
</arc>
<arc id="T3 to P45" source="T3" target="P45">
<graphics/>
<inscription>
<value>1</value>
<graphics/>
</inscription>
<tagged>
<value>false</value>
</tagged>
<arcpath id="000" x="507" y="42" curvePoint="false"/>
<arcpath id="001" x="507" y="26" curvePoint="false"/>
<type value="normal"/>
</arc>
<arc id="T4 to P3" source="T4" target="P3">
<graphics/>
<inscription>
<value>1</value>
<graphics/>
</inscription>
<tagged>
<value>false</value>
</tagged>
<arcpath id="000" x="511" y="192" curvePoint="false"/>
<arcpath id="001" x="571" y="127" curvePoint="false"/>
<type value="normal"/>
</arc>
<arc id="T4 to P47" source="T4" target="P47">
<graphics/>
<inscription>
<value>1</value>
<graphics/>
</inscription>
<tagged>
<value>false</value>
</tagged>
<arcpath id="000" x="507" y="207" curvePoint="false"/>
<arcpath id="001" x="507" y="222" curvePoint="false"/>
<type value="normal"/>
</arc>
<arc id="T5 to P4" source="T5" target="P4">
<graphics/>
<inscription>
<value>1</value>
<graphics/>
</inscription>
<tagged>
<value>false</value>
</tagged>
<arcpath id="000" x="661" y="117" curvePoint="false"/>
<arcpath id="001" x="702" y="117" curvePoint="false"/>
<type value="normal"/>
</arc>
<arc id="T6 to P41" source="T6" target="P41">
<graphics/>
<inscription>
<value>1</value>
<graphics/>
</inscription>
<tagged>
<value>false</value>
</tagged>
<arcpath id="000" x="282" y="342" curvePoint="false"/>
<arcpath id="001" x="282" y="311" curvePoint="false"/>
<type value="normal"/>
</arc>
<arc id="T6 to P6" source="T6" target="P6">
<graphics/>
<inscription>
<value>1</value>
<graphics/>
</inscription>
<tagged>
<value>false</value>
</tagged>
<arcpath id="000" x="286" y="357" curvePoint="false"/>
<arcpath id="001" x="342" y="357" curvePoint="false"/>
<type value="normal"/>
</arc>
<arc id="T7 to P7" source="T7" target="P7">
<graphics/>
<inscription>
<value>1</value>
<graphics/>
</inscription>
<tagged>
<value>false</value>
</tagged>
<arcpath id="000" x="451" y="297" curvePoint="false"/>
<arcpath id="001" x="510" y="347" curvePoint="false"/>
<type value="normal"/>
</arc>
<arc id="T8 to P7" source="T8" target="P7">
<graphics/>
<inscription>
<value>1</value>
<graphics/>
</inscription>
<tagged>
<value>false</value>
</tagged>
<arcpath id="000" x="451" y="357" curvePoint="false"/>
<arcpath id="001" x="507" y="357" curvePoint="false"/>
<type value="normal"/>
</arc>
<arc id="T9 to P7" source="T9" target="P7">
<graphics/>
<inscription>
<value>1</value>
<graphics/>
</inscription>
<tagged>
<value>false</value>
</tagged>
<arcpath id="000" x="451" y="417" curvePoint="false"/>
<arcpath id="001" x="510" y="366" curvePoint="false"/>
<type value="normal"/>
</arc>
</net>
</pnml>
