<?xml version="1.0" encoding="ISO-8859-1"?><pnml>
<net id="Net-One" type="P/T net">
<labels x="952" y="293" width="104" height="20" border="true">
<text>1*P12</text>
<finalMarings>true</finalMarings>
</labels>
<labels x="923" y="602" width="104" height="20" border="true">
<text>1*P24</text>
<finalMarings>true</finalMarings>
</labels>
<labels x="984" y="1011" width="104" height="20" border="true">
<text>1*P35</text>
<finalMarings>true</finalMarings>
</labels>
<labels x="1164" y="94" width="104" height="20" border="true">
<text>1*P5</text>
<finalMarings>true</finalMarings>
</labels>
<labels x="34" y="50" width="104" height="20" border="true">
<text>Command center</text>
<finalMarings>false</finalMarings>
</labels>
<labels x="45" y="248" width="104" height="36" border="true">
<text>Early warning department</text>
<finalMarings>false</finalMarings>
</labels>
<labels x="56" y="574" width="104" height="52" border="true">
<text>Emergency response department</text>
<finalMarings>false</finalMarings>
</labels>
<labels x="78" y="998" width="104" height="36" border="true">
<text>Post-processing department</text>
<finalMarings>false</finalMarings>
</labels>
<place id="P0">
<graphics>
<position x="165.0" y="75.0"/>
</graphics>
<name>
<value>P0</value>
<graphics>
<offset x="-5.0" y="35.0"/>
</graphics>
</name>
<msgPlace>false</msgPlace>
<resPlace>false</resPlace>
<initialMarking>
<value>1</value>
<graphics>
<offset x="0.0" y="0.0"/>
</graphics>
</initialMarking>
<capacity>
<value>0</value>
</capacity>
</place>
<place id="P1">
<graphics>
<position x="285.0" y="75.0"/>
</graphics>
<name>
<value>P1</value>
<graphics>
<offset x="-5.0" y="35.0"/>
</graphics>
</name>
<msgPlace>false</msgPlace>
<resPlace>false</resPlace>
<initialMarking>
<value>0</value>
<graphics>
<offset x="0.0" y="0.0"/>
</graphics>
</initialMarking>
<capacity>
<value>0</value>
</capacity>
</place>
<place id="P10">
<graphics>
<position x="615.0" y="240.0"/>
</graphics>
<name>
<value>P10</value>
<graphics>
<offset x="-5.0" y="35.0"/>
</graphics>
</name>
<msgPlace>false</msgPlace>
<resPlace>false</resPlace>
<initialMarking>
<value>0</value>
<graphics>
<offset x="0.0" y="0.0"/>
</graphics>
</initialMarking>
<capacity>
<value>0</value>
</capacity>
</place>
<place id="P11">
<graphics>
<position x="615.0" y="315.0"/>
</graphics>
<name>
<value>P11</value>
<graphics>
<offset x="-5.0" y="35.0"/>
</graphics>
</name>
<msgPlace>false</msgPlace>
<resPlace>false</resPlace>
<initialMarking>
<value>0</value>
<graphics>
<offset x="0.0" y="0.0"/>
</graphics>
</initialMarking>
<capacity>
<value>0</value>
</capacity>
</place>
<place id="P12">
<graphics>
<position x="795.0" y="270.0"/>
</graphics>
<name>
<value>P12</value>
<graphics>
<offset x="-5.0" y="35.0"/>
</graphics>
</name>
<msgPlace>false</msgPlace>
<resPlace>false</resPlace>
<initialMarking>
<value>0</value>
<graphics>
<offset x="0.0" y="0.0"/>
</graphics>
</initialMarking>
<capacity>
<value>0</value>
</capacity>
</place>
<place id="P13">
<graphics>
<position x="210.0" y="600.0"/>
</graphics>
<name>
<value>P13</value>
<graphics>
<offset x="-5.0" y="35.0"/>
</graphics>
</name>
<msgPlace>false</msgPlace>
<resPlace>false</resPlace>
<initialMarking>
<value>1</value>
<graphics>
<offset x="0.0" y="0.0"/>
</graphics>
</initialMarking>
<capacity>
<value>0</value>
</capacity>
</place>
<place id="P14">
<graphics>
<position x="345.0" y="600.0"/>
</graphics>
<name>
<value>P14</value>
<graphics>
<offset x="-5.0" y="35.0"/>
</graphics>
</name>
<msgPlace>false</msgPlace>
<resPlace>false</resPlace>
<initialMarking>
<value>0</value>
<graphics>
<offset x="0.0" y="0.0"/>
</graphics>
</initialMarking>
<capacity>
<value>0</value>
</capacity>
</place>
<place id="P15">
<graphics>
<position x="345.0" y="465.0"/>
</graphics>
<name>
<value>P15</value>
<graphics>
<offset x="-5.0" y="35.0"/>
</graphics>
</name>
<msgPlace>false</msgPlace>
<resPlace>false</resPlace>
<initialMarking>
<value>0</value>
<graphics>
<offset x="0.0" y="0.0"/>
</graphics>
</initialMarking>
<capacity>
<value>0</value>
</capacity>
</place>
<place id="P16">
<graphics>
<position x="345.0" y="420.0"/>
</graphics>
<name>
<value>P16</value>
<graphics>
<offset x="-5.0" y="35.0"/>
</graphics>
</name>
<msgPlace>false</msgPlace>
<resPlace>false</resPlace>
<initialMarking>
<value>0</value>
<graphics>
<offset x="0.0" y="0.0"/>
</graphics>
</initialMarking>
<capacity>
<value>0</value>
</capacity>
</place>
<place id="P17">
<graphics>
<position x="345.0" y="720.0"/>
</graphics>
<name>
<value>P17</value>
<graphics>
<offset x="-5.0" y="35.0"/>
</graphics>
</name>
<msgPlace>false</msgPlace>
<resPlace>false</resPlace>
<initialMarking>
<value>0</value>
<graphics>
<offset x="0.0" y="0.0"/>
</graphics>
</initialMarking>
<capacity>
<value>0</value>
</capacity>
</place>
<place id="P18">
<graphics>
<position x="345.0" y="780.0"/>
</graphics>
<name>
<value>P18</value>
<graphics>
<offset x="-5.0" y="35.0"/>
</graphics>
</name>
<msgPlace>false</msgPlace>
<resPlace>false</resPlace>
<initialMarking>
<value>0</value>
<graphics>
<offset x="0.0" y="0.0"/>
</graphics>
</initialMarking>
<capacity>
<value>0</value>
</capacity>
</place>
<place id="P19">
<graphics>
<position x="510.0" y="420.0"/>
</graphics>
<name>
<value>P19</value>
<graphics>
<offset x="-5.0" y="35.0"/>
</graphics>
</name>
<msgPlace>false</msgPlace>
<resPlace>false</resPlace>
<initialMarking>
<value>0</value>
<graphics>
<offset x="0.0" y="0.0"/>
</graphics>
</initialMarking>
<capacity>
<value>0</value>
</capacity>
</place>
<place id="P2">
<graphics>
<position x="435.0" y="75.0"/>
</graphics>
<name>
<value>P2</value>
<graphics>
<offset x="-5.0" y="35.0"/>
</graphics>
</name>
<msgPlace>false</msgPlace>
<resPlace>false</resPlace>
<initialMarking>
<value>0</value>
<graphics>
<offset x="0.0" y="0.0"/>
</graphics>
</initialMarking>
<capacity>
<value>0</value>
</capacity>
</place>
<place id="P20">
<graphics>
<position x="510.0" y="465.0"/>
</graphics>
<name>
<value>P20</value>
<graphics>
<offset x="-5.0" y="35.0"/>
</graphics>
</name>
<msgPlace>false</msgPlace>
<resPlace>false</resPlace>
<initialMarking>
<value>0</value>
<graphics>
<offset x="0.0" y="0.0"/>
</graphics>
</initialMarking>
<capacity>
<value>0</value>
</capacity>
</place>
<place id="P21">
<graphics>
<position x="510.0" y="600.0"/>
</graphics>
<name>
<value>P21</value>
<graphics>
<offset x="-5.0" y="35.0"/>
</graphics>
</name>
<msgPlace>false</msgPlace>
<resPlace>false</resPlace>
<initialMarking>
<value>0</value>
<graphics>
<offset x="0.0" y="0.0"/>
</graphics>
</initialMarking>
<capacity>
<value>0</value>
</capacity>
</place>
<place id="P22">
<graphics>
<position x="510.0" y="720.0"/>
</graphics>
<name>
<value>P22</value>
<graphics>
<offset x="-5.0" y="35.0"/>
</graphics>
</name>
<msgPlace>false</msgPlace>
<resPlace>false</resPlace>
<initialMarking>
<value>0</value>
<graphics>
<offset x="0.0" y="0.0"/>
</graphics>
</initialMarking>
<capacity>
<value>0</value>
</capacity>
</place>
<place id="P23">
<graphics>
<position x="525.0" y="780.0"/>
</graphics>
<name>
<value>P23</value>
<graphics>
<offset x="-5.0" y="35.0"/>
</graphics>
</name>
<msgPlace>false</msgPlace>
<resPlace>false</resPlace>
<initialMarking>
<value>0</value>
<graphics>
<offset x="0.0" y="0.0"/>
</graphics>
</initialMarking>
<capacity>
<value>0</value>
</capacity>
</place>
<place id="P24">
<graphics>
<position x="705.0" y="600.0"/>
</graphics>
<name>
<value>P24</value>
<graphics>
<offset x="-5.0" y="35.0"/>
</graphics>
</name>
<msgPlace>false</msgPlace>
<resPlace>false</resPlace>
<initialMarking>
<value>0</value>
<graphics>
<offset x="0.0" y="0.0"/>
</graphics>
</initialMarking>
<capacity>
<value>0</value>
</capacity>
</place>
<place id="P25">
<graphics>
<position x="225.0" y="1020.0"/>
</graphics>
<name>
<value>P25</value>
<graphics>
<offset x="-5.0" y="35.0"/>
</graphics>
</name>
<msgPlace>false</msgPlace>
<resPlace>false</resPlace>
<initialMarking>
<value>1</value>
<graphics>
<offset x="0.0" y="0.0"/>
</graphics>
</initialMarking>
<capacity>
<value>0</value>
</capacity>
</place>
<place id="P26">
<graphics>
<position x="360.0" y="960.0"/>
</graphics>
<name>
<value>P26</value>
<graphics>
<offset x="-5.0" y="35.0"/>
</graphics>
</name>
<msgPlace>false</msgPlace>
<resPlace>false</resPlace>
<initialMarking>
<value>0</value>
<graphics>
<offset x="0.0" y="0.0"/>
</graphics>
</initialMarking>
<capacity>
<value>0</value>
</capacity>
</place>
<place id="P27">
<graphics>
<position x="360.0" y="1005.0"/>
</graphics>
<name>
<value>P27</value>
<graphics>
<offset x="-5.0" y="35.0"/>
</graphics>
</name>
<msgPlace>false</msgPlace>
<resPlace>false</resPlace>
<initialMarking>
<value>0</value>
<graphics>
<offset x="0.0" y="0.0"/>
</graphics>
</initialMarking>
<capacity>
<value>0</value>
</capacity>
</place>
<place id="P28">
<graphics>
<position x="360.0" y="1050.0"/>
</graphics>
<name>
<value>P28</value>
<graphics>
<offset x="-5.0" y="35.0"/>
</graphics>
</name>
<msgPlace>false</msgPlace>
<resPlace>false</resPlace>
<initialMarking>
<value>0</value>
<graphics>
<offset x="0.0" y="0.0"/>
</graphics>
</initialMarking>
<capacity>
<value>0</value>
</capacity>
</place>
<place id="P29">
<graphics>
<position x="360.0" y="1110.0"/>
</graphics>
<name>
<value>P29</value>
<graphics>
<offset x="-5.0" y="35.0"/>
</graphics>
</name>
<msgPlace>false</msgPlace>
<resPlace>false</resPlace>
<initialMarking>
<value>0</value>
<graphics>
<offset x="0.0" y="0.0"/>
</graphics>
</initialMarking>
<capacity>
<value>0</value>
</capacity>
</place>
<place id="P3">
<graphics>
<position x="570.0" y="75.0"/>
</graphics>
<name>
<value>P3</value>
<graphics>
<offset x="-5.0" y="35.0"/>
</graphics>
</name>
<msgPlace>false</msgPlace>
<resPlace>false</resPlace>
<initialMarking>
<value>0</value>
<graphics>
<offset x="0.0" y="0.0"/>
</graphics>
</initialMarking>
<capacity>
<value>0</value>
</capacity>
</place>
<place id="P30">
<graphics>
<position x="510.0" y="960.0"/>
</graphics>
<name>
<value>P30</value>
<graphics>
<offset x="-5.0" y="35.0"/>
</graphics>
</name>
<msgPlace>false</msgPlace>
<resPlace>false</resPlace>
<initialMarking>
<value>0</value>
<graphics>
<offset x="0.0" y="0.0"/>
</graphics>
</initialMarking>
<capacity>
<value>0</value>
</capacity>
</place>
<place id="P31">
<graphics>
<position x="510.0" y="1005.0"/>
</graphics>
<name>
<value>P31</value>
<graphics>
<offset x="-5.0" y="35.0"/>
</graphics>
</name>
<msgPlace>false</msgPlace>
<resPlace>false</resPlace>
<initialMarking>
<value>0</value>
<graphics>
<offset x="0.0" y="0.0"/>
</graphics>
</initialMarking>
<capacity>
<value>0</value>
</capacity>
</place>
<place id="P32">
<graphics>
<position x="510.0" y="1050.0"/>
</graphics>
<name>
<value>P32</value>
<graphics>
<offset x="-5.0" y="35.0"/>
</graphics>
</name>
<msgPlace>false</msgPlace>
<resPlace>false</resPlace>
<initialMarking>
<value>0</value>
<graphics>
<offset x="0.0" y="0.0"/>
</graphics>
</initialMarking>
<capacity>
<value>0</value>
</capacity>
</place>
<place id="P33">
<graphics>
<position x="510.0" y="1110.0"/>
</graphics>
<name>
<value>P33</value>
<graphics>
<offset x="-5.0" y="35.0"/>
</graphics>
</name>
<msgPlace>false</msgPlace>
<resPlace>false</resPlace>
<initialMarking>
<value>0</value>
<graphics>
<offset x="0.0" y="0.0"/>
</graphics>
</initialMarking>
<capacity>
<value>0</value>
</capacity>
</place>
<place id="P34">
<graphics>
<position x="645.0" y="1005.0"/>
</graphics>
<name>
<value>P34</value>
<graphics>
<offset x="-5.0" y="35.0"/>
</graphics>
</name>
<msgPlace>false</msgPlace>
<resPlace>false</resPlace>
<initialMarking>
<value>0</value>
<graphics>
<offset x="0.0" y="0.0"/>
</graphics>
</initialMarking>
<capacity>
<value>0</value>
</capacity>
</place>
<place id="P35">
<graphics>
<position x="780.0" y="1005.0"/>
</graphics>
<name>
<value>P35</value>
<graphics>
<offset x="-5.0" y="35.0"/>
</graphics>
</name>
<msgPlace>false</msgPlace>
<resPlace>false</resPlace>
<initialMarking>
<value>0</value>
<graphics>
<offset x="0.0" y="0.0"/>
</graphics>
</initialMarking>
<capacity>
<value>0</value>
</capacity>
</place>
<place id="P36">
<graphics>
<position x="240.0" y="210.0"/>
</graphics>
<name>
<value>monitoringEquipment</value>
<graphics>
<offset x="-5.0" y="35.0"/>
</graphics>
</name>
<msgPlace>false</msgPlace>
<resPlace>true</resPlace>
<initialMarking>
<value>1</value>
<graphics>
<offset x="0.0" y="0.0"/>
</graphics>
</initialMarking>
<capacity>
<value>0</value>
</capacity>
</place>
<place id="P37">
<graphics>
<position x="705.0" y="210.0"/>
</graphics>
<name>
<value>Warning</value>
<graphics>
<offset x="-5.0" y="35.0"/>
</graphics>
</name>
<msgPlace>true</msgPlace>
<resPlace>false</resPlace>
<initialMarking>
<value>0</value>
<graphics>
<offset x="0.0" y="0.0"/>
</graphics>
</initialMarking>
<capacity>
<value>0</value>
</capacity>
</place>
<place id="P38">
<graphics>
<position x="225.0" y="135.0"/>
</graphics>
<name>
<value>Warning</value>
<graphics>
<offset x="-5.0" y="35.0"/>
</graphics>
</name>
<msgPlace>true</msgPlace>
<resPlace>false</resPlace>
<initialMarking>
<value>0</value>
<graphics>
<offset x="0.0" y="0.0"/>
</graphics>
</initialMarking>
<capacity>
<value>0</value>
</capacity>
</place>
<place id="P39">
<graphics>
<position x="360.0" y="135.0"/>
</graphics>
<name>
<value>initiateEmergencyResponse</value>
<graphics>
<offset x="79.0" y="37.0"/>
</graphics>
</name>
<msgPlace>true</msgPlace>
<resPlace>false</resPlace>
<initialMarking>
<value>0</value>
<graphics>
<offset x="0.0" y="0.0"/>
</graphics>
</initialMarking>
<capacity>
<value>0</value>
</capacity>
</place>
<place id="P4">
<graphics>
<position x="690.0" y="75.0"/>
</graphics>
<name>
<value>P4</value>
<graphics>
<offset x="-5.0" y="35.0"/>
</graphics>
</name>
<msgPlace>false</msgPlace>
<resPlace>false</resPlace>
<initialMarking>
<value>0</value>
<graphics>
<offset x="0.0" y="0.0"/>
</graphics>
</initialMarking>
<capacity>
<value>0</value>
</capacity>
</place>
<place id="P40">
<graphics>
<position x="285.0" y="525.0"/>
</graphics>
<name>
<value>initiateEmergencyResponse</value>
<graphics>
<offset x="17.0" y="33.0"/>
</graphics>
</name>
<msgPlace>true</msgPlace>
<resPlace>false</resPlace>
<initialMarking>
<value>0</value>
<graphics>
<offset x="0.0" y="0.0"/>
</graphics>
</initialMarking>
<capacity>
<value>0</value>
</capacity>
</place>
<place id="P41">
<graphics>
<position x="600.0" y="525.0"/>
</graphics>
<name>
<value>informationReport</value>
<graphics>
<offset x="92.0" y="41.0"/>
</graphics>
</name>
<msgPlace>true</msgPlace>
<resPlace>false</resPlace>
<initialMarking>
<value>0</value>
<graphics>
<offset x="0.0" y="0.0"/>
</graphics>
</initialMarking>
<capacity>
<value>0</value>
</capacity>
</place>
<place id="P42">
<graphics>
<position x="510.0" y="135.0"/>
</graphics>
<name>
<value>informationReport</value>
<graphics>
<offset x="68.0" y="40.0"/>
</graphics>
</name>
<msgPlace>true</msgPlace>
<resPlace>false</resPlace>
<initialMarking>
<value>0</value>
<graphics>
<offset x="0.0" y="0.0"/>
</graphics>
</initialMarking>
<capacity>
<value>0</value>
</capacity>
</place>
<place id="P43">
<graphics>
<position x="630.0" y="135.0"/>
</graphics>
<name>
<value>Post-processing</value>
<graphics>
<offset x="-5.0" y="35.0"/>
</graphics>
</name>
<msgPlace>true</msgPlace>
<resPlace>false</resPlace>
<initialMarking>
<value>0</value>
<graphics>
<offset x="0.0" y="0.0"/>
</graphics>
</initialMarking>
<capacity>
<value>0</value>
</capacity>
</place>
<place id="P44">
<graphics>
<position x="750.0" y="135.0"/>
</graphics>
<name>
<value>incidentReport</value>
<graphics>
<offset x="-5.0" y="35.0"/>
</graphics>
</name>
<msgPlace>true</msgPlace>
<resPlace>false</resPlace>
<initialMarking>
<value>0</value>
<graphics>
<offset x="0.0" y="0.0"/>
</graphics>
</initialMarking>
<capacity>
<value>0</value>
</capacity>
</place>
<place id="P45">
<graphics>
<position x="270.0" y="960.0"/>
</graphics>
<name>
<value>Post-processing</value>
<graphics>
<offset x="-5.0" y="35.0"/>
</graphics>
</name>
<msgPlace>true</msgPlace>
<resPlace>false</resPlace>
<initialMarking>
<value>0</value>
<graphics>
<offset x="0.0" y="0.0"/>
</graphics>
</initialMarking>
<capacity>
<value>0</value>
</capacity>
</place>
<place id="P46">
<graphics>
<position x="720.0" y="945.0"/>
</graphics>
<name>
<value>incidentReport</value>
<graphics>
<offset x="-5.0" y="35.0"/>
</graphics>
</name>
<msgPlace>true</msgPlace>
<resPlace>false</resPlace>
<initialMarking>
<value>0</value>
<graphics>
<offset x="0.0" y="0.0"/>
</graphics>
</initialMarking>
<capacity>
<value>0</value>
</capacity>
</place>
<place id="P47">
<graphics>
<position x="420.0" y="360.0"/>
</graphics>
<name>
<value>rescueVehicle</value>
<graphics>
<offset x="-5.0" y="35.0"/>
</graphics>
</name>
<msgPlace>false</msgPlace>
<resPlace>true</resPlace>
<initialMarking>
<value>1</value>
<graphics>
<offset x="0.0" y="0.0"/>
</graphics>
</initialMarking>
<capacity>
<value>0</value>
</capacity>
</place>
<place id="P48">
<graphics>
<position x="420.0" y="510.0"/>
</graphics>
<name>
<value>emergencyTeam</value>
<graphics>
<offset x="-5.0" y="35.0"/>
</graphics>
</name>
<msgPlace>false</msgPlace>
<resPlace>true</resPlace>
<initialMarking>
<value>1</value>
<graphics>
<offset x="0.0" y="0.0"/>
</graphics>
</initialMarking>
<capacity>
<value>0</value>
</capacity>
</place>
<place id="P49">
<graphics>
<position x="420.0" y="660.0"/>
</graphics>
<name>
<value>powerSupply</value>
<graphics>
<offset x="-5.0" y="35.0"/>
</graphics>
</name>
<msgPlace>false</msgPlace>
<resPlace>true</resPlace>
<initialMarking>
<value>1</value>
<graphics>
<offset x="0.0" y="0.0"/>
</graphics>
</initialMarking>
<capacity>
<value>0</value>
</capacity>
</place>
<place id="P5">
<graphics>
<position x="810.0" y="75.0"/>
</graphics>
<name>
<value>P5</value>
<graphics>
<offset x="-5.0" y="35.0"/>
</graphics>
</name>
<msgPlace>false</msgPlace>
<resPlace>false</resPlace>
<initialMarking>
<value>0</value>
<graphics>
<offset x="0.0" y="0.0"/>
</graphics>
</initialMarking>
<capacity>
<value>0</value>
</capacity>
</place>
<place id="P50">
<graphics>
<position x="420.0" y="840.0"/>
</graphics>
<name>
<value>mediaResources</value>
<graphics>
<offset x="-5.0" y="35.0"/>
</graphics>
</name>
<msgPlace>false</msgPlace>
<resPlace>true</resPlace>
<initialMarking>
<value>1</value>
<graphics>
<offset x="0.0" y="0.0"/>
</graphics>
</initialMarking>
<capacity>
<value>0</value>
</capacity>
</place>
<place id="P51">
<graphics>
<position x="420.0" y="555.0"/>
</graphics>
<name>
<value>emergencySupplies</value>
<graphics>
<offset x="101.0" y="36.0"/>
</graphics>
</name>
<msgPlace>false</msgPlace>
<resPlace>true</resPlace>
<initialMarking>
<value>1</value>
<graphics>
<offset x="0.0" y="0.0"/>
</graphics>
</initialMarking>
<capacity>
<value>0</value>
</capacity>
</place>
<place id="P6">
<graphics>
<position x="195.0" y="270.0"/>
</graphics>
<name>
<value>P6</value>
<graphics>
<offset x="-5.0" y="35.0"/>
</graphics>
</name>
<msgPlace>false</msgPlace>
<resPlace>false</resPlace>
<initialMarking>
<value>1</value>
<graphics>
<offset x="0.0" y="0.0"/>
</graphics>
</initialMarking>
<capacity>
<value>0</value>
</capacity>
</place>
<place id="P7">
<graphics>
<position x="315.0" y="270.0"/>
</graphics>
<name>
<value>P7</value>
<graphics>
<offset x="-5.0" y="35.0"/>
</graphics>
</name>
<msgPlace>false</msgPlace>
<resPlace>false</resPlace>
<initialMarking>
<value>0</value>
<graphics>
<offset x="0.0" y="0.0"/>
</graphics>
</initialMarking>
<capacity>
<value>0</value>
</capacity>
</place>
<place id="P8">
<graphics>
<position x="450.0" y="240.0"/>
</graphics>
<name>
<value>P8</value>
<graphics>
<offset x="-5.0" y="35.0"/>
</graphics>
</name>
<msgPlace>false</msgPlace>
<resPlace>false</resPlace>
<initialMarking>
<value>0</value>
<graphics>
<offset x="0.0" y="0.0"/>
</graphics>
</initialMarking>
<capacity>
<value>0</value>
</capacity>
</place>
<place id="P9">
<graphics>
<position x="450.0" y="315.0"/>
</graphics>
<name>
<value>P9</value>
<graphics>
<offset x="-5.0" y="35.0"/>
</graphics>
</name>
<msgPlace>false</msgPlace>
<resPlace>false</resPlace>
<initialMarking>
<value>0</value>
<graphics>
<offset x="0.0" y="0.0"/>
</graphics>
</initialMarking>
<capacity>
<value>0</value>
</capacity>
</place>
<transition id="T0">
<graphics>
<position x="225.0" y="75.0"/>
</graphics>
<name>
<value>T0</value>
<graphics>
<offset x="-5.0" y="35.0"/>
</graphics>
</name>
<orientation>
<value>0</value>
</orientation>
<rate>
<value>1.0</value>
</rate>
<timed>
<value>false</value>
</timed>
<infiniteServer>
<value>false</value>
</infiniteServer>
<priority>
<value>1</value>
</priority>
</transition>
<transition id="T1">
<graphics>
<position x="360.0" y="75.0"/>
</graphics>
<name>
<value>T1</value>
<graphics>
<offset x="-5.0" y="35.0"/>
</graphics>
</name>
<orientation>
<value>0</value>
</orientation>
<rate>
<value>1.0</value>
</rate>
<timed>
<value>false</value>
</timed>
<infiniteServer>
<value>false</value>
</infiniteServer>
<priority>
<value>1</value>
</priority>
</transition>
<transition id="T10">
<graphics>
<position x="285.0" y="600.0"/>
</graphics>
<name>
<value>T10</value>
<graphics>
<offset x="-5.0" y="35.0"/>
</graphics>
</name>
<orientation>
<value>0</value>
</orientation>
<rate>
<value>1.0</value>
</rate>
<timed>
<value>false</value>
</timed>
<infiniteServer>
<value>false</value>
</infiniteServer>
<priority>
<value>1</value>
</priority>
</transition>
<transition id="T11">
<graphics>
<position x="420.0" y="420.0"/>
</graphics>
<name>
<value>T11</value>
<graphics>
<offset x="-5.0" y="35.0"/>
</graphics>
</name>
<orientation>
<value>0</value>
</orientation>
<rate>
<value>1.0</value>
</rate>
<timed>
<value>false</value>
</timed>
<infiniteServer>
<value>false</value>
</infiniteServer>
<priority>
<value>1</value>
</priority>
</transition>
<transition id="T12">
<graphics>
<position x="420.0" y="465.0"/>
</graphics>
<name>
<value>T12</value>
<graphics>
<offset x="-5.0" y="35.0"/>
</graphics>
</name>
<orientation>
<value>0</value>
</orientation>
<rate>
<value>1.0</value>
</rate>
<timed>
<value>false</value>
</timed>
<infiniteServer>
<value>false</value>
</infiniteServer>
<priority>
<value>1</value>
</priority>
</transition>
<transition id="T13">
<graphics>
<position x="420.0" y="600.0"/>
</graphics>
<name>
<value>T13</value>
<graphics>
<offset x="-5.0" y="35.0"/>
</graphics>
</name>
<orientation>
<value>0</value>
</orientation>
<rate>
<value>1.0</value>
</rate>
<timed>
<value>false</value>
</timed>
<infiniteServer>
<value>false</value>
</infiniteServer>
<priority>
<value>1</value>
</priority>
</transition>
<transition id="T14">
<graphics>
<position x="420.0" y="720.0"/>
</graphics>
<name>
<value>T14</value>
<graphics>
<offset x="-5.0" y="35.0"/>
</graphics>
</name>
<orientation>
<value>0</value>
</orientation>
<rate>
<value>1.0</value>
</rate>
<timed>
<value>false</value>
</timed>
<infiniteServer>
<value>false</value>
</infiniteServer>
<priority>
<value>1</value>
</priority>
</transition>
<transition id="T15">
<graphics>
<position x="420.0" y="780.0"/>
</graphics>
<name>
<value>T15</value>
<graphics>
<offset x="-5.0" y="35.0"/>
</graphics>
</name>
<orientation>
<value>0</value>
</orientation>
<rate>
<value>1.0</value>
</rate>
<timed>
<value>false</value>
</timed>
<infiniteServer>
<value>false</value>
</infiniteServer>
<priority>
<value>1</value>
</priority>
</transition>
<transition id="T16">
<graphics>
<position x="600.0" y="600.0"/>
</graphics>
<name>
<value>T16</value>
<graphics>
<offset x="-5.0" y="35.0"/>
</graphics>
</name>
<orientation>
<value>0</value>
</orientation>
<rate>
<value>1.0</value>
</rate>
<timed>
<value>false</value>
</timed>
<infiniteServer>
<value>false</value>
</infiniteServer>
<priority>
<value>1</value>
</priority>
</transition>
<transition id="T17">
<graphics>
<position x="270.0" y="1020.0"/>
</graphics>
<name>
<value>T17</value>
<graphics>
<offset x="-5.0" y="35.0"/>
</graphics>
</name>
<orientation>
<value>0</value>
</orientation>
<rate>
<value>1.0</value>
</rate>
<timed>
<value>false</value>
</timed>
<infiniteServer>
<value>false</value>
</infiniteServer>
<priority>
<value>1</value>
</priority>
</transition>
<transition id="T18">
<graphics>
<position x="435.0" y="960.0"/>
</graphics>
<name>
<value>T18</value>
<graphics>
<offset x="-5.0" y="35.0"/>
</graphics>
</name>
<orientation>
<value>0</value>
</orientation>
<rate>
<value>1.0</value>
</rate>
<timed>
<value>false</value>
</timed>
<infiniteServer>
<value>false</value>
</infiniteServer>
<priority>
<value>1</value>
</priority>
</transition>
<transition id="T19">
<graphics>
<position x="435.0" y="1005.0"/>
</graphics>
<name>
<value>T19</value>
<graphics>
<offset x="-5.0" y="35.0"/>
</graphics>
</name>
<orientation>
<value>0</value>
</orientation>
<rate>
<value>1.0</value>
</rate>
<timed>
<value>false</value>
</timed>
<infiniteServer>
<value>false</value>
</infiniteServer>
<priority>
<value>1</value>
</priority>
</transition>
<transition id="T2">
<graphics>
<position x="510.0" y="75.0"/>
</graphics>
<name>
<value>T2</value>
<graphics>
<offset x="-5.0" y="35.0"/>
</graphics>
</name>
<orientation>
<value>0</value>
</orientation>
<rate>
<value>1.0</value>
</rate>
<timed>
<value>false</value>
</timed>
<infiniteServer>
<value>false</value>
</infiniteServer>
<priority>
<value>1</value>
</priority>
</transition>
<transition id="T20">
<graphics>
<position x="435.0" y="1050.0"/>
</graphics>
<name>
<value>T20</value>
<graphics>
<offset x="-5.0" y="35.0"/>
</graphics>
</name>
<orientation>
<value>0</value>
</orientation>
<rate>
<value>1.0</value>
</rate>
<timed>
<value>false</value>
</timed>
<infiniteServer>
<value>false</value>
</infiniteServer>
<priority>
<value>1</value>
</priority>
</transition>
<transition id="T21">
<graphics>
<position x="435.0" y="1110.0"/>
</graphics>
<name>
<value>T21</value>
<graphics>
<offset x="-5.0" y="35.0"/>
</graphics>
</name>
<orientation>
<value>0</value>
</orientation>
<rate>
<value>1.0</value>
</rate>
<timed>
<value>false</value>
</timed>
<infiniteServer>
<value>false</value>
</infiniteServer>
<priority>
<value>1</value>
</priority>
</transition>
<transition id="T22">
<graphics>
<position x="585.0" y="1005.0"/>
</graphics>
<name>
<value>T22</value>
<graphics>
<offset x="-5.0" y="35.0"/>
</graphics>
</name>
<orientation>
<value>0</value>
</orientation>
<rate>
<value>1.0</value>
</rate>
<timed>
<value>false</value>
</timed>
<infiniteServer>
<value>false</value>
</infiniteServer>
<priority>
<value>1</value>
</priority>
</transition>
<transition id="T23">
<graphics>
<position x="720.0" y="1005.0"/>
</graphics>
<name>
<value>T23</value>
<graphics>
<offset x="-5.0" y="35.0"/>
</graphics>
</name>
<orientation>
<value>0</value>
</orientation>
<rate>
<value>1.0</value>
</rate>
<timed>
<value>false</value>
</timed>
<infiniteServer>
<value>false</value>
</infiniteServer>
<priority>
<value>1</value>
</priority>
</transition>
<transition id="T3">
<graphics>
<position x="630.0" y="75.0"/>
</graphics>
<name>
<value>T3</value>
<graphics>
<offset x="-5.0" y="35.0"/>
</graphics>
</name>
<orientation>
<value>0</value>
</orientation>
<rate>
<value>1.0</value>
</rate>
<timed>
<value>false</value>
</timed>
<infiniteServer>
<value>false</value>
</infiniteServer>
<priority>
<value>1</value>
</priority>
</transition>
<transition id="T4">
<graphics>
<position x="750.0" y="75.0"/>
</graphics>
<name>
<value>T4</value>
<graphics>
<offset x="-5.0" y="35.0"/>
</graphics>
</name>
<orientation>
<value>0</value>
</orientation>
<rate>
<value>1.0</value>
</rate>
<timed>
<value>false</value>
</timed>
<infiniteServer>
<value>false</value>
</infiniteServer>
<priority>
<value>1</value>
</priority>
</transition>
<transition id="T5">
<graphics>
<position x="240.0" y="270.0"/>
</graphics>
<name>
<value>T5</value>
<graphics>
<offset x="-5.0" y="35.0"/>
</graphics>
</name>
<orientation>
<value>0</value>
</orientation>
<rate>
<value>1.0</value>
</rate>
<timed>
<value>false</value>
</timed>
<infiniteServer>
<value>false</value>
</infiniteServer>
<priority>
<value>1</value>
</priority>
</transition>
<transition id="T6">
<graphics>
<position x="375.0" y="270.0"/>
</graphics>
<name>
<value>T6</value>
<graphics>
<offset x="-5.0" y="35.0"/>
</graphics>
</name>
<orientation>
<value>0</value>
</orientation>
<rate>
<value>1.0</value>
</rate>
<timed>
<value>false</value>
</timed>
<infiniteServer>
<value>false</value>
</infiniteServer>
<priority>
<value>1</value>
</priority>
</transition>
<transition id="T7">
<graphics>
<position x="525.0" y="240.0"/>
</graphics>
<name>
<value>T7</value>
<graphics>
<offset x="-5.0" y="35.0"/>
</graphics>
</name>
<orientation>
<value>0</value>
</orientation>
<rate>
<value>1.0</value>
</rate>
<timed>
<value>false</value>
</timed>
<infiniteServer>
<value>false</value>
</infiniteServer>
<priority>
<value>1</value>
</priority>
</transition>
<transition id="T8">
<graphics>
<position x="525.0" y="315.0"/>
</graphics>
<name>
<value>T8</value>
<graphics>
<offset x="-5.0" y="35.0"/>
</graphics>
</name>
<orientation>
<value>0</value>
</orientation>
<rate>
<value>1.0</value>
</rate>
<timed>
<value>false</value>
</timed>
<infiniteServer>
<value>false</value>
</infiniteServer>
<priority>
<value>1</value>
</priority>
</transition>
<transition id="T9">
<graphics>
<position x="705.0" y="270.0"/>
</graphics>
<name>
<value>T9</value>
<graphics>
<offset x="-5.0" y="35.0"/>
</graphics>
</name>
<orientation>
<value>0</value>
</orientation>
<rate>
<value>1.0</value>
</rate>
<timed>
<value>false</value>
</timed>
<infiniteServer>
<value>false</value>
</infiniteServer>
<priority>
<value>1</value>
</priority>
</transition>
<arc id="P0 to T0" source="P0" target="T0">
<graphics/>
<inscription>
<value>1</value>
<graphics/>
</inscription>
<tagged>
<value>false</value>
</tagged>
<arcpath id="000" x="191" y="87" curvePoint="false"/>
<arcpath id="001" x="231" y="87" curvePoint="false"/>
<type value="normal"/>
</arc>
<arc id="P10 to T9" source="P10" target="T9">
<graphics/>
<inscription>
<value>1</value>
<graphics/>
</inscription>
<tagged>
<value>false</value>
</tagged>
<arcpath id="000" x="641" y="257" curvePoint="false"/>
<arcpath id="001" x="712" y="277" curvePoint="false"/>
<type value="normal"/>
</arc>
<arc id="P11 to T9" source="P11" target="T9">
<graphics/>
<inscription>
<value>1</value>
<graphics/>
</inscription>
<tagged>
<value>false</value>
</tagged>
<arcpath id="000" x="640" y="320" curvePoint="false"/>
<arcpath id="001" x="711" y="287" curvePoint="false"/>
<type value="normal"/>
</arc>
<arc id="P13 to T10" source="P13" target="T10">
<graphics/>
<inscription>
<value>1</value>
<graphics/>
</inscription>
<tagged>
<value>false</value>
</tagged>
<arcpath id="000" x="236" y="612" curvePoint="false"/>
<arcpath id="001" x="291" y="612" curvePoint="false"/>
<type value="normal"/>
</arc>
<arc id="P14 to T13" source="P14" target="T13">
<graphics/>
<inscription>
<value>1</value>
<graphics/>
</inscription>
<tagged>
<value>false</value>
</tagged>
<arcpath id="000" x="371" y="612" curvePoint="false"/>
<arcpath id="001" x="426" y="612" curvePoint="false"/>
<type value="normal"/>
</arc>
<arc id="P15 to T12" source="P15" target="T12">
<graphics/>
<inscription>
<value>1</value>
<graphics/>
</inscription>
<tagged>
<value>false</value>
</tagged>
<arcpath id="000" x="371" y="477" curvePoint="false"/>
<arcpath id="001" x="426" y="477" curvePoint="false"/>
<type value="normal"/>
</arc>
<arc id="P16 to T11" source="P16" target="T11">
<graphics/>
<inscription>
<value>1</value>
<graphics/>
</inscription>
<tagged>
<value>false</value>
</tagged>
<arcpath id="000" x="371" y="432" curvePoint="false"/>
<arcpath id="001" x="426" y="432" curvePoint="false"/>
<type value="normal"/>
</arc>
<arc id="P17 to T14" source="P17" target="T14">
<graphics/>
<inscription>
<value>1</value>
<graphics/>
</inscription>
<tagged>
<value>false</value>
</tagged>
<arcpath id="000" x="371" y="732" curvePoint="false"/>
<arcpath id="001" x="426" y="732" curvePoint="false"/>
<type value="normal"/>
</arc>
<arc id="P18 to T15" source="P18" target="T15">
<graphics/>
<inscription>
<value>1</value>
<graphics/>
</inscription>
<tagged>
<value>false</value>
</tagged>
<arcpath id="000" x="371" y="792" curvePoint="false"/>
<arcpath id="001" x="426" y="792" curvePoint="false"/>
<type value="normal"/>
</arc>
<arc id="P19 to T16" source="P19" target="T16">
<graphics/>
<inscription>
<value>1</value>
<graphics/>
</inscription>
<tagged>
<value>false</value>
</tagged>
<arcpath id="000" x="529" y="445" curvePoint="false"/>
<arcpath id="001" x="612" y="597" curvePoint="false"/>
<type value="normal"/>
</arc>
<arc id="P1 to T1" source="P1" target="T1">
<graphics/>
<inscription>
<value>1</value>
<graphics/>
</inscription>
<tagged>
<value>false</value>
</tagged>
<arcpath id="000" x="311" y="87" curvePoint="false"/>
<arcpath id="001" x="366" y="87" curvePoint="false"/>
<type value="normal"/>
</arc>
<arc id="P20 to T16" source="P20" target="T16">
<graphics/>
<inscription>
<value>1</value>
<graphics/>
</inscription>
<tagged>
<value>false</value>
</tagged>
<arcpath id="000" x="530" y="489" curvePoint="false"/>
<arcpath id="001" x="607" y="606" curvePoint="false"/>
<type value="normal"/>
</arc>
<arc id="P21 to T16" source="P21" target="T16">
<graphics/>
<inscription>
<value>1</value>
<graphics/>
</inscription>
<tagged>
<value>false</value>
</tagged>
<arcpath id="000" x="536" y="612" curvePoint="false"/>
<arcpath id="001" x="606" y="613" curvePoint="false"/>
<type value="normal"/>
</arc>
<arc id="P22 to T16" source="P22" target="T16">
<graphics/>
<inscription>
<value>4</value>
<graphics/>
</inscription>
<tagged>
<value>false</value>
</tagged>
<arcpath id="000" x="531" y="720" curvePoint="false"/>
<arcpath id="001" x="606" y="620" curvePoint="false"/>
<type value="normal"/>
</arc>
<arc id="P23 to T16" source="P23" target="T16">
<graphics/>
<inscription>
<value>1</value>
<graphics/>
</inscription>
<tagged>
<value>false</value>
</tagged>
<arcpath id="000" x="543" y="778" curvePoint="false"/>
<arcpath id="001" x="612" y="627" curvePoint="false"/>
<type value="normal"/>
</arc>
<arc id="P25 to T17" source="P25" target="T17">
<graphics/>
<inscription>
<value>1</value>
<graphics/>
</inscription>
<tagged>
<value>false</value>
</tagged>
<arcpath id="000" x="251" y="1032" curvePoint="false"/>
<arcpath id="001" x="276" y="1032" curvePoint="false"/>
<type value="normal"/>
</arc>
<arc id="P26 to T18" source="P26" target="T18">
<graphics/>
<inscription>
<value>1</value>
<graphics/>
</inscription>
<tagged>
<value>false</value>
</tagged>
<arcpath id="000" x="386" y="972" curvePoint="false"/>
<arcpath id="001" x="441" y="972" curvePoint="false"/>
<type value="normal"/>
</arc>
<arc id="P27 to T19" source="P27" target="T19">
<graphics/>
<inscription>
<value>1</value>
<graphics/>
</inscription>
<tagged>
<value>false</value>
</tagged>
<arcpath id="000" x="386" y="1017" curvePoint="false"/>
<arcpath id="001" x="441" y="1017" curvePoint="false"/>
<type value="normal"/>
</arc>
<arc id="P28 to T20" source="P28" target="T20">
<graphics/>
<inscription>
<value>1</value>
<graphics/>
</inscription>
<tagged>
<value>false</value>
</tagged>
<arcpath id="000" x="386" y="1062" curvePoint="false"/>
<arcpath id="001" x="441" y="1062" curvePoint="false"/>
<type value="normal"/>
</arc>
<arc id="P29 to T21" source="P29" target="T21">
<graphics/>
<inscription>
<value>1</value>
<graphics/>
</inscription>
<tagged>
<value>false</value>
</tagged>
<arcpath id="000" x="386" y="1122" curvePoint="false"/>
<arcpath id="001" x="441" y="1122" curvePoint="false"/>
<type value="normal"/>
</arc>
<arc id="P2 to T2" source="P2" target="T2">
<graphics/>
<inscription>
<value>1</value>
<graphics/>
</inscription>
<tagged>
<value>false</value>
</tagged>
<arcpath id="000" x="461" y="87" curvePoint="false"/>
<arcpath id="001" x="516" y="87" curvePoint="false"/>
<type value="normal"/>
</arc>
<arc id="P30 to T22" source="P30" target="T22">
<graphics/>
<inscription>
<value>1</value>
<graphics/>
</inscription>
<tagged>
<value>false</value>
</tagged>
<arcpath id="000" x="536" y="976" curvePoint="false"/>
<arcpath id="001" x="592" y="1008" curvePoint="false"/>
<type value="normal"/>
</arc>
<arc id="P31 to T22" source="P31" target="T22">
<graphics/>
<inscription>
<value>1</value>
<graphics/>
</inscription>
<tagged>
<value>false</value>
</tagged>
<arcpath id="000" x="536" y="1013" curvePoint="false"/>
<arcpath id="001" x="592" y="1014" curvePoint="false"/>
<type value="normal"/>
</arc>
<arc id="P32 to T22" source="P32" target="T22">
<graphics/>
<inscription>
<value>1</value>
<graphics/>
</inscription>
<tagged>
<value>false</value>
</tagged>
<arcpath id="000" x="533" y="1052" curvePoint="false"/>
<arcpath id="001" x="591" y="1020" curvePoint="false"/>
<type value="normal"/>
</arc>
<arc id="P33 to T22" source="P33" target="T22">
<graphics/>
<inscription>
<value>1</value>
<graphics/>
</inscription>
<tagged>
<value>false</value>
</tagged>
<arcpath id="000" x="529" y="1109" curvePoint="false"/>
<arcpath id="001" x="591" y="1026" curvePoint="false"/>
<type value="normal"/>
</arc>
<arc id="P34 to T23" source="P34" target="T23">
<graphics/>
<inscription>
<value>1</value>
<graphics/>
</inscription>
<tagged>
<value>false</value>
</tagged>
<arcpath id="000" x="671" y="1017" curvePoint="false"/>
<arcpath id="001" x="726" y="1017" curvePoint="false"/>
<type value="normal"/>
</arc>
<arc id="P36 to T5" source="P36" target="T5">
<graphics/>
<inscription>
<value>1</value>
<graphics/>
</inscription>
<tagged>
<value>false</value>
</tagged>
<arcpath id="000" x="252" y="236" curvePoint="false"/>
<arcpath id="001" x="252" y="267" curvePoint="false"/>
<type value="normal"/>
</arc>
<arc id="P38 to T0" source="P38" target="T0">
<graphics/>
<inscription>
<value>1</value>
<graphics/>
</inscription>
<tagged>
<value>false</value>
</tagged>
<arcpath id="000" x="237" y="132" curvePoint="false"/>
<arcpath id="001" x="237" y="102" curvePoint="false"/>
<type value="normal"/>
</arc>
<arc id="P3 to T3" source="P3" target="T3">
<graphics/>
<inscription>
<value>1</value>
<graphics/>
</inscription>
<tagged>
<value>false</value>
</tagged>
<arcpath id="000" x="596" y="87" curvePoint="false"/>
<arcpath id="001" x="636" y="87" curvePoint="false"/>
<type value="normal"/>
</arc>
<arc id="P40 to T10" source="P40" target="T10">
<graphics/>
<inscription>
<value>1</value>
<graphics/>
</inscription>
<tagged>
<value>false</value>
</tagged>
<arcpath id="000" x="297" y="551" curvePoint="false"/>
<arcpath id="001" x="297" y="597" curvePoint="false"/>
<type value="normal"/>
</arc>
<arc id="P42 to T2" source="P42" target="T2">
<graphics/>
<inscription>
<value>1</value>
<graphics/>
</inscription>
<tagged>
<value>false</value>
</tagged>
<arcpath id="000" x="522" y="132" curvePoint="false"/>
<arcpath id="001" x="522" y="102" curvePoint="false"/>
<type value="normal"/>
</arc>
<arc id="P44 to T4" source="P44" target="T4">
<graphics/>
<inscription>
<value>1</value>
<graphics/>
</inscription>
<tagged>
<value>false</value>
</tagged>
<arcpath id="000" x="762" y="132" curvePoint="false"/>
<arcpath id="001" x="762" y="102" curvePoint="false"/>
<type value="normal"/>
</arc>
<arc id="P45 to T17" source="P45" target="T17">
<graphics/>
<inscription>
<value>1</value>
<graphics/>
</inscription>
<tagged>
<value>false</value>
</tagged>
<arcpath id="000" x="282" y="986" curvePoint="false"/>
<arcpath id="001" x="282" y="1017" curvePoint="false"/>
<type value="normal"/>
</arc>
<arc id="P47 to T11" source="P47" target="T11">
<graphics/>
<inscription>
<value>1</value>
<graphics/>
</inscription>
<tagged>
<value>false</value>
</tagged>
<arcpath id="000" x="432" y="386" curvePoint="false"/>
<arcpath id="001" x="432" y="417" curvePoint="false"/>
<type value="normal"/>
</arc>
<arc id="P48 to T12" source="P48" target="T12">
<graphics/>
<inscription>
<value>1</value>
<graphics/>
</inscription>
<tagged>
<value>false</value>
</tagged>
<arcpath id="000" x="432" y="507" curvePoint="false"/>
<arcpath id="001" x="432" y="492" curvePoint="false"/>
<type value="normal"/>
</arc>
<arc id="P49 to T14" source="P49" target="T14">
<graphics/>
<inscription>
<value>1</value>
<graphics/>
</inscription>
<tagged>
<value>false</value>
</tagged>
<arcpath id="000" x="432" y="686" curvePoint="false"/>
<arcpath id="001" x="432" y="717" curvePoint="false"/>
<type value="normal"/>
</arc>
<arc id="P4 to T4" source="P4" target="T4">
<graphics/>
<inscription>
<value>1</value>
<graphics/>
</inscription>
<tagged>
<value>false</value>
</tagged>
<arcpath id="000" x="716" y="87" curvePoint="false"/>
<arcpath id="001" x="756" y="87" curvePoint="false"/>
<type value="normal"/>
</arc>
<arc id="P50 to T15" source="P50" target="T15">
<graphics/>
<inscription>
<value>1</value>
<graphics/>
</inscription>
<tagged>
<value>false</value>
</tagged>
<arcpath id="000" x="432" y="837" curvePoint="false"/>
<arcpath id="001" x="432" y="807" curvePoint="false"/>
<type value="normal"/>
</arc>
<arc id="P51 to T13" source="P51" target="T13">
<graphics/>
<inscription>
<value>1</value>
<graphics/>
</inscription>
<tagged>
<value>false</value>
</tagged>
<arcpath id="000" x="432" y="581" curvePoint="false"/>
<arcpath id="001" x="432" y="597" curvePoint="false"/>
<type value="normal"/>
</arc>
<arc id="P6 to T5" source="P6" target="T5">
<graphics/>
<inscription>
<value>1</value>
<graphics/>
</inscription>
<tagged>
<value>false</value>
</tagged>
<arcpath id="000" x="221" y="282" curvePoint="false"/>
<arcpath id="001" x="246" y="282" curvePoint="false"/>
<type value="normal"/>
</arc>
<arc id="P7 to T6" source="P7" target="T6">
<graphics/>
<inscription>
<value>1</value>
<graphics/>
</inscription>
<tagged>
<value>false</value>
</tagged>
<arcpath id="000" x="341" y="282" curvePoint="false"/>
<arcpath id="001" x="381" y="282" curvePoint="false"/>
<type value="normal"/>
</arc>
<arc id="P8 to T7" source="P8" target="T7">
<graphics/>
<inscription>
<value>1</value>
<graphics/>
</inscription>
<tagged>
<value>false</value>
</tagged>
<arcpath id="000" x="476" y="252" curvePoint="false"/>
<arcpath id="001" x="531" y="252" curvePoint="false"/>
<type value="normal"/>
</arc>
<arc id="P9 to T8" source="P9" target="T8">
<graphics/>
<inscription>
<value>1</value>
<graphics/>
</inscription>
<tagged>
<value>false</value>
</tagged>
<arcpath id="000" x="476" y="327" curvePoint="false"/>
<arcpath id="001" x="531" y="327" curvePoint="false"/>
<type value="normal"/>
</arc>
<arc id="T0 to P1" source="T0" target="P1">
<graphics/>
<inscription>
<value>1</value>
<graphics/>
</inscription>
<tagged>
<value>false</value>
</tagged>
<arcpath id="000" x="241" y="87" curvePoint="false"/>
<arcpath id="001" x="282" y="87" curvePoint="false"/>
<type value="normal"/>
</arc>
<arc id="T10 to P14" source="T10" target="P14">
<graphics/>
<inscription>
<value>1</value>
<graphics/>
</inscription>
<tagged>
<value>false</value>
</tagged>
<arcpath id="000" x="301" y="612" curvePoint="false"/>
<arcpath id="001" x="342" y="612" curvePoint="false"/>
<type value="normal"/>
</arc>
<arc id="T10 to P15" source="T10" target="P15">
<graphics/>
<inscription>
<value>1</value>
<graphics/>
</inscription>
<tagged>
<value>false</value>
</tagged>
<arcpath id="000" x="297" y="597" curvePoint="false"/>
<arcpath id="001" x="350" y="490" curvePoint="false"/>
<type value="normal"/>
</arc>
<arc id="T10 to P16" source="T10" target="P16">
<graphics/>
<inscription>
<value>1</value>
<graphics/>
</inscription>
<tagged>
<value>false</value>
</tagged>
<arcpath id="000" x="297" y="597" curvePoint="false"/>
<arcpath id="001" x="351" y="446" curvePoint="false"/>
<type value="normal"/>
</arc>
<arc id="T10 to P17" source="T10" target="P17">
<graphics/>
<inscription>
<value>1</value>
<graphics/>
</inscription>
<tagged>
<value>false</value>
</tagged>
<arcpath id="000" x="297" y="627" curvePoint="false"/>
<arcpath id="001" x="349" y="718" curvePoint="false"/>
<type value="normal"/>
</arc>
<arc id="T10 to P18" source="T10" target="P18">
<graphics/>
<inscription>
<value>1</value>
<graphics/>
</inscription>
<tagged>
<value>false</value>
</tagged>
<arcpath id="000" x="297" y="627" curvePoint="false"/>
<arcpath id="001" x="351" y="777" curvePoint="false"/>
<type value="normal"/>
</arc>
<arc id="T11 to P19" source="T11" target="P19">
<graphics/>
<inscription>
<value>1</value>
<graphics/>
</inscription>
<tagged>
<value>false</value>
</tagged>
<arcpath id="000" x="436" y="432" curvePoint="false"/>
<arcpath id="001" x="507" y="432" curvePoint="false"/>
<type value="normal"/>
</arc>
<arc id="T11 to P47" source="T11" target="P47">
<graphics/>
<inscription>
<value>1</value>
<graphics/>
</inscription>
<tagged>
<value>false</value>
</tagged>
<arcpath id="000" x="432" y="417" curvePoint="false"/>
<arcpath id="001" x="432" y="386" curvePoint="false"/>
<type value="normal"/>
</arc>
<arc id="T12 to P20" source="T12" target="P20">
<graphics/>
<inscription>
<value>1</value>
<graphics/>
</inscription>
<tagged>
<value>false</value>
</tagged>
<arcpath id="000" x="436" y="477" curvePoint="false"/>
<arcpath id="001" x="507" y="477" curvePoint="false"/>
<type value="normal"/>
</arc>
<arc id="T12 to P48" source="T12" target="P48">
<graphics/>
<inscription>
<value>1</value>
<graphics/>
</inscription>
<tagged>
<value>false</value>
</tagged>
<arcpath id="000" x="432" y="492" curvePoint="false"/>
<arcpath id="001" x="432" y="507" curvePoint="false"/>
<type value="normal"/>
</arc>
<arc id="T13 to P21" source="T13" target="P21">
<graphics/>
<inscription>
<value>1</value>
<graphics/>
</inscription>
<tagged>
<value>false</value>
</tagged>
<arcpath id="000" x="436" y="612" curvePoint="false"/>
<arcpath id="001" x="507" y="612" curvePoint="false"/>
<type value="normal"/>
</arc>
<arc id="T13 to P51" source="T13" target="P51">
<graphics/>
<inscription>
<value>1</value>
<graphics/>
</inscription>
<tagged>
<value>false</value>
</tagged>
<arcpath id="000" x="432" y="597" curvePoint="false"/>
<arcpath id="001" x="432" y="581" curvePoint="false"/>
<type value="normal"/>
</arc>
<arc id="T14 to P22" source="T14" target="P22">
<graphics/>
<inscription>
<value>1</value>
<graphics/>
</inscription>
<tagged>
<value>false</value>
</tagged>
<arcpath id="000" x="436" y="732" curvePoint="false"/>
<arcpath id="001" x="507" y="732" curvePoint="false"/>
<type value="normal"/>
</arc>
<arc id="T14 to P49" source="T14" target="P49">
<graphics/>
<inscription>
<value>1</value>
<graphics/>
</inscription>
<tagged>
<value>false</value>
</tagged>
<arcpath id="000" x="432" y="717" curvePoint="false"/>
<arcpath id="001" x="432" y="686" curvePoint="false"/>
<type value="normal"/>
</arc>
<arc id="T15 to P23" source="T15" target="P23">
<graphics/>
<inscription>
<value>1</value>
<graphics/>
</inscription>
<tagged>
<value>false</value>
</tagged>
<arcpath id="000" x="436" y="792" curvePoint="false"/>
<arcpath id="001" x="522" y="792" curvePoint="false"/>
<type value="normal"/>
</arc>
<arc id="T15 to P50" source="T15" target="P50">
<graphics/>
<inscription>
<value>1</value>
<graphics/>
</inscription>
<tagged>
<value>false</value>
</tagged>
<arcpath id="000" x="432" y="807" curvePoint="false"/>
<arcpath id="001" x="432" y="837" curvePoint="false"/>
<type value="normal"/>
</arc>
<arc id="T16 to P24" source="T16" target="P24">
<graphics/>
<inscription>
<value>1</value>
<graphics/>
</inscription>
<tagged>
<value>false</value>
</tagged>
<arcpath id="000" x="616" y="612" curvePoint="false"/>
<arcpath id="001" x="702" y="612" curvePoint="false"/>
<type value="normal"/>
</arc>
<arc id="T16 to P41" source="T16" target="P41">
<graphics/>
<inscription>
<value>1</value>
<graphics/>
</inscription>
<tagged>
<value>false</value>
</tagged>
<arcpath id="000" x="612" y="597" curvePoint="false"/>
<arcpath id="001" x="612" y="551" curvePoint="false"/>
<type value="normal"/>
</arc>
<arc id="T17 to P26" source="T17" target="P26">
<graphics/>
<inscription>
<value>1</value>
<graphics/>
</inscription>
<tagged>
<value>false</value>
</tagged>
<arcpath id="000" x="287" y="1023" curvePoint="false"/>
<arcpath id="001" x="359" y="979" curvePoint="false"/>
<type value="normal"/>
</arc>
<arc id="T17 to P27" source="T17" target="P27">
<graphics/>
<inscription>
<value>1</value>
<graphics/>
</inscription>
<tagged>
<value>false</value>
</tagged>
<arcpath id="000" x="287" y="1029" curvePoint="false"/>
<arcpath id="001" x="357" y="1019" curvePoint="false"/>
<type value="normal"/>
</arc>
<arc id="T17 to P28" source="T17" target="P28">
<graphics/>
<inscription>
<value>1</value>
<graphics/>
</inscription>
<tagged>
<value>false</value>
</tagged>
<arcpath id="000" x="286" y="1035" curvePoint="false"/>
<arcpath id="001" x="357" y="1057" curvePoint="false"/>
<type value="normal"/>
</arc>
<arc id="T17 to P29" source="T17" target="P29">
<graphics/>
<inscription>
<value>1</value>
<graphics/>
</inscription>
<tagged>
<value>false</value>
</tagged>
<arcpath id="000" x="286" y="1041" curvePoint="false"/>
<arcpath id="001" x="361" y="1111" curvePoint="false"/>
<type value="normal"/>
</arc>
<arc id="T18 to P30" source="T18" target="P30">
<graphics/>
<inscription>
<value>1</value>
<graphics/>
</inscription>
<tagged>
<value>false</value>
</tagged>
<arcpath id="000" x="451" y="972" curvePoint="false"/>
<arcpath id="001" x="507" y="972" curvePoint="false"/>
<type value="normal"/>
</arc>
<arc id="T19 to P31" source="T19" target="P31">
<graphics/>
<inscription>
<value>1</value>
<graphics/>
</inscription>
<tagged>
<value>false</value>
</tagged>
<arcpath id="000" x="451" y="1017" curvePoint="false"/>
<arcpath id="001" x="507" y="1017" curvePoint="false"/>
<type value="normal"/>
</arc>
<arc id="T1 to P2" source="T1" target="P2">
<graphics/>
<inscription>
<value>1</value>
<graphics/>
</inscription>
<tagged>
<value>false</value>
</tagged>
<arcpath id="000" x="376" y="87" curvePoint="false"/>
<arcpath id="001" x="432" y="87" curvePoint="false"/>
<type value="normal"/>
</arc>
<arc id="T1 to P39" source="T1" target="P39">
<graphics/>
<inscription>
<value>1</value>
<graphics/>
</inscription>
<tagged>
<value>false</value>
</tagged>
<arcpath id="000" x="372" y="102" curvePoint="false"/>
<arcpath id="001" x="372" y="132" curvePoint="false"/>
<type value="normal"/>
</arc>
<arc id="T20 to P32" source="T20" target="P32">
<graphics/>
<inscription>
<value>1</value>
<graphics/>
</inscription>
<tagged>
<value>false</value>
</tagged>
<arcpath id="000" x="451" y="1062" curvePoint="false"/>
<arcpath id="001" x="507" y="1062" curvePoint="false"/>
<type value="normal"/>
</arc>
<arc id="T21 to P33" source="T21" target="P33">
<graphics/>
<inscription>
<value>1</value>
<graphics/>
</inscription>
<tagged>
<value>false</value>
</tagged>
<arcpath id="000" x="451" y="1122" curvePoint="false"/>
<arcpath id="001" x="507" y="1122" curvePoint="false"/>
<type value="normal"/>
</arc>
<arc id="T22 to P34" source="T22" target="P34">
<graphics/>
<inscription>
<value>1</value>
<graphics/>
</inscription>
<tagged>
<value>false</value>
</tagged>
<arcpath id="000" x="601" y="1017" curvePoint="false"/>
<arcpath id="001" x="642" y="1017" curvePoint="false"/>
<type value="normal"/>
</arc>
<arc id="T23 to P35" source="T23" target="P35">
<graphics/>
<inscription>
<value>1</value>
<graphics/>
</inscription>
<tagged>
<value>false</value>
</tagged>
<arcpath id="000" x="736" y="1017" curvePoint="false"/>
<arcpath id="001" x="777" y="1017" curvePoint="false"/>
<type value="normal"/>
</arc>
<arc id="T23 to P46" source="T23" target="P46">
<graphics/>
<inscription>
<value>1</value>
<graphics/>
</inscription>
<tagged>
<value>false</value>
</tagged>
<arcpath id="000" x="732" y="1002" curvePoint="false"/>
<arcpath id="001" x="732" y="971" curvePoint="false"/>
<type value="normal"/>
</arc>
<arc id="T2 to P3" source="T2" target="P3">
<graphics/>
<inscription>
<value>1</value>
<graphics/>
</inscription>
<tagged>
<value>false</value>
</tagged>
<arcpath id="000" x="526" y="87" curvePoint="false"/>
<arcpath id="001" x="567" y="87" curvePoint="false"/>
<type value="normal"/>
</arc>
<arc id="T3 to P4" source="T3" target="P4">
<graphics/>
<inscription>
<value>1</value>
<graphics/>
</inscription>
<tagged>
<value>false</value>
</tagged>
<arcpath id="000" x="646" y="87" curvePoint="false"/>
<arcpath id="001" x="687" y="87" curvePoint="false"/>
<type value="normal"/>
</arc>
<arc id="T3 to P43" source="T3" target="P43">
<graphics/>
<inscription>
<value>1</value>
<graphics/>
</inscription>
<tagged>
<value>false</value>
</tagged>
<arcpath id="000" x="642" y="102" curvePoint="false"/>
<arcpath id="001" x="642" y="132" curvePoint="false"/>
<type value="normal"/>
</arc>
<arc id="T4 to P5" source="T4" target="P5">
<graphics/>
<inscription>
<value>1</value>
<graphics/>
</inscription>
<tagged>
<value>false</value>
</tagged>
<arcpath id="000" x="766" y="87" curvePoint="false"/>
<arcpath id="001" x="807" y="87" curvePoint="false"/>
<type value="normal"/>
</arc>
<arc id="T5 to P36" source="T5" target="P36">
<graphics/>
<inscription>
<value>1</value>
<graphics/>
</inscription>
<tagged>
<value>false</value>
</tagged>
<arcpath id="000" x="252" y="267" curvePoint="false"/>
<arcpath id="001" x="252" y="236" curvePoint="false"/>
<type value="normal"/>
</arc>
<arc id="T5 to P7" source="T5" target="P7">
<graphics/>
<inscription>
<value>1</value>
<graphics/>
</inscription>
<tagged>
<value>false</value>
</tagged>
<arcpath id="000" x="256" y="282" curvePoint="false"/>
<arcpath id="001" x="312" y="282" curvePoint="false"/>
<type value="normal"/>
</arc>
<arc id="T6 to P8" source="T6" target="P8">
<graphics/>
<inscription>
<value>1</value>
<graphics/>
</inscription>
<tagged>
<value>false</value>
</tagged>
<arcpath id="000" x="392" y="277" curvePoint="false"/>
<arcpath id="001" x="448" y="257" curvePoint="false"/>
<type value="normal"/>
</arc>
<arc id="T6 to P9" source="T6" target="P9">
<graphics/>
<inscription>
<value>1</value>
<graphics/>
</inscription>
<tagged>
<value>false</value>
</tagged>
<arcpath id="000" x="391" y="287" curvePoint="false"/>
<arcpath id="001" x="448" y="319" curvePoint="false"/>
<type value="normal"/>
</arc>
<arc id="T7 to P10" source="T7" target="P10">
<graphics/>
<inscription>
<value>1</value>
<graphics/>
</inscription>
<tagged>
<value>false</value>
</tagged>
<arcpath id="000" x="541" y="252" curvePoint="false"/>
<arcpath id="001" x="612" y="252" curvePoint="false"/>
<type value="normal"/>
</arc>
<arc id="T8 to P11" source="T8" target="P11">
<graphics/>
<inscription>
<value>1</value>
<graphics/>
</inscription>
<tagged>
<value>false</value>
</tagged>
<arcpath id="000" x="541" y="327" curvePoint="false"/>
<arcpath id="001" x="612" y="327" curvePoint="false"/>
<type value="normal"/>
</arc>
<arc id="T9 to P12" source="T9" target="P12">
<graphics/>
<inscription>
<value>1</value>
<graphics/>
</inscription>
<tagged>
<value>false</value>
</tagged>
<arcpath id="000" x="721" y="282" curvePoint="false"/>
<arcpath id="001" x="792" y="282" curvePoint="false"/>
<type value="normal"/>
</arc>
<arc id="T9 to P37" source="T9" target="P37">
<graphics/>
<inscription>
<value>1</value>
<graphics/>
</inscription>
<tagged>
<value>false</value>
</tagged>
<arcpath id="000" x="717" y="267" curvePoint="false"/>
<arcpath id="001" x="717" y="236" curvePoint="false"/>
<type value="normal"/>
</arc>
</net>
</pnml>
