<?xml version="1.0" encoding="iso-8859-1"?><pnml>
<net id="Net-One" type="P/T net">
<labels x="1153" y="691" width="109" height="25" border="true">
<text>1*P14</text>
<finalMarings>true</finalMarings>
</labels>
<labels x="1176" y="1043" width="109" height="25" border="true">
<text>1*P22</text>
<finalMarings>true</finalMarings>
</labels>
<labels x="1498" y="56" width="108" height="24" border="true">
<text>1*P45</text>
<finalMarings>true</finalMarings>
</labels>
<labels x="1041" y="334" width="109" height="25" border="true">
<text>1*P7</text>
<finalMarings>true</finalMarings>
</labels>
<labels x="207" y="160" width="109" height="41" border="true">
<text>Emergency Command Center</text>
<finalMarings>false</finalMarings>
</labels>
<labels x="193" y="643" width="109" height="25" border="true">
<text>Fire Brigade</text>
<finalMarings>false</finalMarings>
</labels>
<labels x="168" y="1014" width="109" height="25" border="true">
<text>Hospital</text>
<finalMarings>false</finalMarings>
</labels>
<labels x="1137" y="74" width="108" height="24" border="true">
<text>Media</text>
<finalMarings>false</finalMarings>
</labels>
<place id="P0">
<graphics>
<position x="255.0" y="240.0"/>
</graphics>
<name>
<value>P0</value>
<graphics>
<offset x="-5.0" y="35.0"/>
</graphics>
</name>
<msgPlace>false</msgPlace>
<resPlace>false</resPlace>
<initialMarking>
<value>1</value>
<graphics>
<offset x="0.0" y="0.0"/>
</graphics>
</initialMarking>
<capacity>
<value>0</value>
</capacity>
</place>
<place id="P1">
<graphics>
<position x="390.0" y="240.0"/>
</graphics>
<name>
<value>P1</value>
<graphics>
<offset x="-5.0" y="35.0"/>
</graphics>
</name>
<msgPlace>false</msgPlace>
<resPlace>false</resPlace>
<initialMarking>
<value>0</value>
<graphics>
<offset x="0.0" y="0.0"/>
</graphics>
</initialMarking>
<capacity>
<value>0</value>
</capacity>
</place>
<place id="P10">
<graphics>
<position x="555.0" y="615.0"/>
</graphics>
<name>
<value>P10</value>
<graphics>
<offset x="-5.0" y="35.0"/>
</graphics>
</name>
<msgPlace>false</msgPlace>
<resPlace>false</resPlace>
<initialMarking>
<value>0</value>
<graphics>
<offset x="0.0" y="0.0"/>
</graphics>
</initialMarking>
<capacity>
<value>0</value>
</capacity>
</place>
<place id="P11">
<graphics>
<position x="555.0" y="720.0"/>
</graphics>
<name>
<value>P11</value>
<graphics>
<offset x="-5.0" y="35.0"/>
</graphics>
</name>
<msgPlace>false</msgPlace>
<resPlace>false</resPlace>
<initialMarking>
<value>0</value>
<graphics>
<offset x="0.0" y="0.0"/>
</graphics>
</initialMarking>
<capacity>
<value>0</value>
</capacity>
</place>
<place id="P12">
<graphics>
<position x="720.0" y="615.0"/>
</graphics>
<name>
<value>P12</value>
<graphics>
<offset x="-5.0" y="35.0"/>
</graphics>
</name>
<msgPlace>false</msgPlace>
<resPlace>false</resPlace>
<initialMarking>
<value>0</value>
<graphics>
<offset x="0.0" y="0.0"/>
</graphics>
</initialMarking>
<capacity>
<value>0</value>
</capacity>
</place>
<place id="P13">
<graphics>
<position x="735.0" y="720.0"/>
</graphics>
<name>
<value>P13</value>
<graphics>
<offset x="-5.0" y="35.0"/>
</graphics>
</name>
<msgPlace>false</msgPlace>
<resPlace>false</resPlace>
<initialMarking>
<value>0</value>
<graphics>
<offset x="0.0" y="0.0"/>
</graphics>
</initialMarking>
<capacity>
<value>0</value>
</capacity>
</place>
<place id="P14">
<graphics>
<position x="1080.0" y="675.0"/>
</graphics>
<name>
<value>P14</value>
<graphics>
<offset x="26.0" y="44.0"/>
</graphics>
</name>
<msgPlace>false</msgPlace>
<resPlace>false</resPlace>
<initialMarking>
<value>0</value>
<graphics>
<offset x="0.0" y="0.0"/>
</graphics>
</initialMarking>
<capacity>
<value>0</value>
</capacity>
</place>
<place id="P15">
<graphics>
<position x="225.0" y="1035.0"/>
</graphics>
<name>
<value>P15</value>
<graphics>
<offset x="-5.0" y="35.0"/>
</graphics>
</name>
<msgPlace>false</msgPlace>
<resPlace>false</resPlace>
<initialMarking>
<value>1</value>
<graphics>
<offset x="0.0" y="0.0"/>
</graphics>
</initialMarking>
<capacity>
<value>0</value>
</capacity>
</place>
<place id="P16">
<graphics>
<position x="405.0" y="1035.0"/>
</graphics>
<name>
<value>P16</value>
<graphics>
<offset x="-5.0" y="35.0"/>
</graphics>
</name>
<msgPlace>false</msgPlace>
<resPlace>false</resPlace>
<initialMarking>
<value>0</value>
<graphics>
<offset x="0.0" y="0.0"/>
</graphics>
</initialMarking>
<capacity>
<value>0</value>
</capacity>
</place>
<place id="P17">
<graphics>
<position x="525.0" y="975.0"/>
</graphics>
<name>
<value>P17</value>
<graphics>
<offset x="-5.0" y="35.0"/>
</graphics>
</name>
<msgPlace>false</msgPlace>
<resPlace>false</resPlace>
<initialMarking>
<value>0</value>
<graphics>
<offset x="0.0" y="0.0"/>
</graphics>
</initialMarking>
<capacity>
<value>0</value>
</capacity>
</place>
<place id="P18">
<graphics>
<position x="540.0" y="1095.0"/>
</graphics>
<name>
<value>P18</value>
<graphics>
<offset x="-5.0" y="35.0"/>
</graphics>
</name>
<msgPlace>false</msgPlace>
<resPlace>false</resPlace>
<initialMarking>
<value>0</value>
<graphics>
<offset x="0.0" y="0.0"/>
</graphics>
</initialMarking>
<capacity>
<value>0</value>
</capacity>
</place>
<place id="P19">
<graphics>
<position x="705.0" y="975.0"/>
</graphics>
<name>
<value>P19</value>
<graphics>
<offset x="-5.0" y="35.0"/>
</graphics>
</name>
<msgPlace>false</msgPlace>
<resPlace>false</resPlace>
<initialMarking>
<value>0</value>
<graphics>
<offset x="0.0" y="0.0"/>
</graphics>
</initialMarking>
<capacity>
<value>0</value>
</capacity>
</place>
<place id="P2">
<graphics>
<position x="555.0" y="240.0"/>
</graphics>
<name>
<value>P2</value>
<graphics>
<offset x="25.0" y="39.0"/>
</graphics>
</name>
<msgPlace>false</msgPlace>
<resPlace>false</resPlace>
<initialMarking>
<value>0</value>
<graphics>
<offset x="0.0" y="0.0"/>
</graphics>
</initialMarking>
<capacity>
<value>0</value>
</capacity>
</place>
<place id="P20">
<graphics>
<position x="720.0" y="1095.0"/>
</graphics>
<name>
<value>P20</value>
<graphics>
<offset x="-5.0" y="35.0"/>
</graphics>
</name>
<msgPlace>false</msgPlace>
<resPlace>false</resPlace>
<initialMarking>
<value>0</value>
<graphics>
<offset x="0.0" y="0.0"/>
</graphics>
</initialMarking>
<capacity>
<value>0</value>
</capacity>
</place>
<place id="P21">
<graphics>
<position x="945.0" y="1020.0"/>
</graphics>
<name>
<value>P21</value>
<graphics>
<offset x="-5.0" y="35.0"/>
</graphics>
</name>
<msgPlace>false</msgPlace>
<resPlace>false</resPlace>
<initialMarking>
<value>0</value>
<graphics>
<offset x="0.0" y="0.0"/>
</graphics>
</initialMarking>
<capacity>
<value>0</value>
</capacity>
</place>
<place id="P22">
<graphics>
<position x="1125.0" y="1020.0"/>
</graphics>
<name>
<value>P22</value>
<graphics>
<offset x="24.0" y="39.0"/>
</graphics>
</name>
<msgPlace>false</msgPlace>
<resPlace>false</resPlace>
<initialMarking>
<value>0</value>
<graphics>
<offset x="0.0" y="0.0"/>
</graphics>
</initialMarking>
<capacity>
<value>0</value>
</capacity>
</place>
<place id="P23">
<graphics>
<position x="450.0" y="165.0"/>
</graphics>
<name>
<value>fireDisposal</value>
<graphics>
<offset x="-5.0" y="35.0"/>
</graphics>
</name>
<msgPlace>true</msgPlace>
<resPlace>false</resPlace>
<initialMarking>
<value>0</value>
<graphics>
<offset x="0.0" y="0.0"/>
</graphics>
</initialMarking>
<capacity>
<value>0</value>
</capacity>
</place>
<place id="P24">
<graphics>
<position x="450.0" y="315.0"/>
</graphics>
<name>
<value>hoptialDisposal</value>
<graphics>
<offset x="-5.0" y="35.0"/>
</graphics>
</name>
<msgPlace>true</msgPlace>
<resPlace>false</resPlace>
<initialMarking>
<value>0</value>
<graphics>
<offset x="0.0" y="0.0"/>
</graphics>
</initialMarking>
<capacity>
<value>0</value>
</capacity>
</place>
<place id="P25">
<graphics>
<position x="720.0" y="105.0"/>
</graphics>
<name>
<value>fireResPhone</value>
<graphics>
<offset x="26.0" y="47.0"/>
</graphics>
</name>
<msgPlace>true</msgPlace>
<resPlace>false</resPlace>
<initialMarking>
<value>0</value>
<graphics>
<offset x="0.0" y="0.0"/>
</graphics>
</initialMarking>
<capacity>
<value>0</value>
</capacity>
</place>
<place id="P26">
<graphics>
<position x="810.0" y="105.0"/>
</graphics>
<name>
<value>hpResPhone</value>
<graphics>
<offset x="74.0" y="51.0"/>
</graphics>
</name>
<msgPlace>true</msgPlace>
<resPlace>false</resPlace>
<initialMarking>
<value>0</value>
<graphics>
<offset x="0.0" y="0.0"/>
</graphics>
</initialMarking>
<capacity>
<value>0</value>
</capacity>
</place>
<place id="P27">
<graphics>
<position x="810.0" y="345.0"/>
</graphics>
<name>
<value>fireResEmail</value>
<graphics>
<offset x="107.0" y="11.0"/>
</graphics>
</name>
<msgPlace>true</msgPlace>
<resPlace>false</resPlace>
<initialMarking>
<value>0</value>
<graphics>
<offset x="0.0" y="0.0"/>
</graphics>
</initialMarking>
<capacity>
<value>0</value>
</capacity>
</place>
<place id="P28">
<graphics>
<position x="825.0" y="300.0"/>
</graphics>
<name>
<value>hpResEmail</value>
<graphics>
<offset x="102.0" y="23.0"/>
</graphics>
</name>
<msgPlace>true</msgPlace>
<resPlace>false</resPlace>
<initialMarking>
<value>0</value>
<graphics>
<offset x="0.0" y="0.0"/>
</graphics>
</initialMarking>
<capacity>
<value>0</value>
</capacity>
</place>
<place id="P29">
<graphics>
<position x="360.0" y="750.0"/>
</graphics>
<name>
<value>pubTranVehicle</value>
<graphics>
<offset x="-5.0" y="35.0"/>
</graphics>
</name>
<msgPlace>false</msgPlace>
<resPlace>true</resPlace>
<initialMarking>
<value>1</value>
<graphics>
<offset x="0.0" y="0.0"/>
</graphics>
</initialMarking>
<capacity>
<value>0</value>
</capacity>
</place>
<place id="P3">
<graphics>
<position x="690.0" y="180.0"/>
</graphics>
<name>
<value>P3</value>
<graphics>
<offset x="-5.0" y="35.0"/>
</graphics>
</name>
<msgPlace>false</msgPlace>
<resPlace>false</resPlace>
<initialMarking>
<value>0</value>
<graphics>
<offset x="0.0" y="0.0"/>
</graphics>
</initialMarking>
<capacity>
<value>0</value>
</capacity>
</place>
<place id="P30">
<graphics>
<position x="360.0" y="585.0"/>
</graphics>
<name>
<value>fireDisposal</value>
<graphics>
<offset x="-5.0" y="35.0"/>
</graphics>
</name>
<msgPlace>true</msgPlace>
<resPlace>false</resPlace>
<initialMarking>
<value>0</value>
<graphics>
<offset x="0.0" y="0.0"/>
</graphics>
</initialMarking>
<capacity>
<value>0</value>
</capacity>
</place>
<place id="P31">
<graphics>
<position x="960.0" y="585.0"/>
</graphics>
<name>
<value>fireResPhone</value>
<graphics>
<offset x="-5.0" y="35.0"/>
</graphics>
</name>
<msgPlace>true</msgPlace>
<resPlace>false</resPlace>
<initialMarking>
<value>0</value>
<graphics>
<offset x="0.0" y="0.0"/>
</graphics>
</initialMarking>
<capacity>
<value>0</value>
</capacity>
</place>
<place id="P32">
<graphics>
<position x="330.0" y="945.0"/>
</graphics>
<name>
<value>hoptialDisposal</value>
<graphics>
<offset x="-5.0" y="35.0"/>
</graphics>
</name>
<msgPlace>true</msgPlace>
<resPlace>false</resPlace>
<initialMarking>
<value>0</value>
<graphics>
<offset x="0.0" y="0.0"/>
</graphics>
</initialMarking>
<capacity>
<value>0</value>
</capacity>
</place>
<place id="P33">
<graphics>
<position x="330.0" y="1110.0"/>
</graphics>
<name>
<value>pubTranVehicle</value>
<graphics>
<offset x="-5.0" y="35.0"/>
</graphics>
</name>
<msgPlace>false</msgPlace>
<resPlace>true</resPlace>
<initialMarking>
<value>1</value>
<graphics>
<offset x="0.0" y="0.0"/>
</graphics>
</initialMarking>
<capacity>
<value>0</value>
</capacity>
</place>
<place id="P34">
<graphics>
<position x="1020.0" y="945.0"/>
</graphics>
<name>
<value>hpResPhone</value>
<graphics>
<offset x="-5.0" y="35.0"/>
</graphics>
</name>
<msgPlace>true</msgPlace>
<resPlace>false</resPlace>
<initialMarking>
<value>0</value>
<graphics>
<offset x="0.0" y="0.0"/>
</graphics>
</initialMarking>
<capacity>
<value>0</value>
</capacity>
</place>
<place id="P35">
<graphics>
<position x="1020.0" y="1140.0"/>
</graphics>
<name>
<value>hpResEmail</value>
<graphics>
<offset x="-5.0" y="35.0"/>
</graphics>
</name>
<msgPlace>true</msgPlace>
<resPlace>false</resPlace>
<initialMarking>
<value>0</value>
<graphics>
<offset x="0.0" y="0.0"/>
</graphics>
</initialMarking>
<capacity>
<value>0</value>
</capacity>
</place>
<place id="P36">
<graphics>
<position x="615.0" y="90.0"/>
</graphics>
<name>
<value>reqHpRes</value>
<graphics>
<offset x="-5.0" y="35.0"/>
</graphics>
</name>
<msgPlace>true</msgPlace>
<resPlace>false</resPlace>
<initialMarking>
<value>0</value>
<graphics>
<offset x="0.0" y="0.0"/>
</graphics>
</initialMarking>
<capacity>
<value>0</value>
</capacity>
</place>
<place id="P37">
<graphics>
<position x="510.0" y="90.0"/>
</graphics>
<name>
<value>reqFireRes</value>
<graphics>
<offset x="-5.0" y="35.0"/>
</graphics>
</name>
<msgPlace>true</msgPlace>
<resPlace>false</resPlace>
<initialMarking>
<value>0</value>
<graphics>
<offset x="0.0" y="0.0"/>
</graphics>
</initialMarking>
<capacity>
<value>0</value>
</capacity>
</place>
<place id="P38">
<graphics>
<position x="780.0" y="555.0"/>
</graphics>
<name>
<value>reqFireRes</value>
<graphics>
<offset x="-5.0" y="35.0"/>
</graphics>
</name>
<msgPlace>true</msgPlace>
<resPlace>false</resPlace>
<initialMarking>
<value>0</value>
<graphics>
<offset x="0.0" y="0.0"/>
</graphics>
</initialMarking>
<capacity>
<value>0</value>
</capacity>
</place>
<place id="P39">
<graphics>
<position x="810.0" y="1020.0"/>
</graphics>
<name>
<value>P39</value>
<graphics>
<offset x="-5.0" y="35.0"/>
</graphics>
</name>
<msgPlace>false</msgPlace>
<resPlace>false</resPlace>
<initialMarking>
<value>0</value>
<graphics>
<offset x="0.0" y="0.0"/>
</graphics>
</initialMarking>
<capacity>
<value>0</value>
</capacity>
</place>
<place id="P4">
<graphics>
<position x="690.0" y="300.0"/>
</graphics>
<name>
<value>P4</value>
<graphics>
<offset x="-5.0" y="35.0"/>
</graphics>
</name>
<msgPlace>false</msgPlace>
<resPlace>false</resPlace>
<initialMarking>
<value>0</value>
<graphics>
<offset x="0.0" y="0.0"/>
</graphics>
</initialMarking>
<capacity>
<value>0</value>
</capacity>
</place>
<place id="P40">
<graphics>
<position x="885.0" y="915.0"/>
</graphics>
<name>
<value>reqHpRes</value>
<graphics>
<offset x="-5.0" y="35.0"/>
</graphics>
</name>
<msgPlace>true</msgPlace>
<resPlace>false</resPlace>
<initialMarking>
<value>0</value>
<graphics>
<offset x="0.0" y="0.0"/>
</graphics>
</initialMarking>
<capacity>
<value>0</value>
</capacity>
</place>
<place id="P41">
<graphics>
<position x="1110.0" y="930.0"/>
</graphics>
<name>
<value>phone</value>
<graphics>
<offset x="76.0" y="22.0"/>
</graphics>
</name>
<msgPlace>false</msgPlace>
<resPlace>true</resPlace>
<initialMarking>
<value>1</value>
<graphics>
<offset x="0.0" y="0.0"/>
</graphics>
</initialMarking>
<capacity>
<value>0</value>
</capacity>
</place>
<place id="P43">
<graphics>
<position x="1260.0" y="90.0"/>
</graphics>
<name>
<value>P43</value>
<graphics>
<offset x="-5.0" y="35.0"/>
</graphics>
</name>
<msgPlace>false</msgPlace>
<resPlace>false</resPlace>
<initialMarking>
<value>1</value>
<graphics>
<offset x="0.0" y="0.0"/>
</graphics>
</initialMarking>
<capacity>
<value>0</value>
</capacity>
</place>
<place id="P44">
<graphics>
<position x="1395.0" y="90.0"/>
</graphics>
<name>
<value>P44</value>
<graphics>
<offset x="-5.0" y="35.0"/>
</graphics>
</name>
<msgPlace>false</msgPlace>
<resPlace>false</resPlace>
<initialMarking>
<value>0</value>
<graphics>
<offset x="0.0" y="0.0"/>
</graphics>
</initialMarking>
<capacity>
<value>0</value>
</capacity>
</place>
<place id="P45">
<graphics>
<position x="1545.0" y="90.0"/>
</graphics>
<name>
<value>P45</value>
<graphics>
<offset x="-5.0" y="35.0"/>
</graphics>
</name>
<msgPlace>false</msgPlace>
<resPlace>false</resPlace>
<initialMarking>
<value>0</value>
<graphics>
<offset x="0.0" y="0.0"/>
</graphics>
</initialMarking>
<capacity>
<value>0</value>
</capacity>
</place>
<place id="P46">
<graphics>
<position x="1320.0" y="15.0"/>
</graphics>
<name>
<value>rescueInfo</value>
<graphics>
<offset x="-5.0" y="35.0"/>
</graphics>
</name>
<msgPlace>true</msgPlace>
<resPlace>false</resPlace>
<initialMarking>
<value>0</value>
<graphics>
<offset x="0.0" y="0.0"/>
</graphics>
</initialMarking>
<capacity>
<value>0</value>
</capacity>
</place>
<place id="P47">
<graphics>
<position x="1035.0" y="165.0"/>
</graphics>
<name>
<value>rescueInfo</value>
<graphics>
<offset x="-5.0" y="35.0"/>
</graphics>
</name>
<msgPlace>true</msgPlace>
<resPlace>false</resPlace>
<initialMarking>
<value>0</value>
<graphics>
<offset x="0.0" y="0.0"/>
</graphics>
</initialMarking>
<capacity>
<value>0</value>
</capacity>
</place>
<place id="P48">
<graphics>
<position x="870.0" y="675.0"/>
</graphics>
<name>
<value>P48</value>
<graphics>
<offset x="-5.0" y="35.0"/>
</graphics>
</name>
<msgPlace>false</msgPlace>
<resPlace>false</resPlace>
<initialMarking>
<value>0</value>
<graphics>
<offset x="0.0" y="0.0"/>
</graphics>
</initialMarking>
<capacity>
<value>0</value>
</capacity>
</place>
<place id="P49">
<graphics>
<position x="960.0" y="795.0"/>
</graphics>
<name>
<value>fireResEmail</value>
<graphics>
<offset x="-5.0" y="35.0"/>
</graphics>
</name>
<msgPlace>true</msgPlace>
<resPlace>false</resPlace>
<initialMarking>
<value>0</value>
<graphics>
<offset x="0.0" y="0.0"/>
</graphics>
</initialMarking>
<capacity>
<value>0</value>
</capacity>
</place>
<place id="P5">
<graphics>
<position x="810.0" y="240.0"/>
</graphics>
<name>
<value>P5</value>
<graphics>
<offset x="-5.0" y="35.0"/>
</graphics>
</name>
<msgPlace>false</msgPlace>
<resPlace>false</resPlace>
<initialMarking>
<value>0</value>
<graphics>
<offset x="0.0" y="0.0"/>
</graphics>
</initialMarking>
<capacity>
<value>0</value>
</capacity>
</place>
<place id="P50">
<graphics>
<position x="1065.0" y="585.0"/>
</graphics>
<name>
<value>phone</value>
<graphics>
<offset x="69.0" y="33.0"/>
</graphics>
</name>
<msgPlace>false</msgPlace>
<resPlace>true</resPlace>
<initialMarking>
<value>1</value>
<graphics>
<offset x="0.0" y="0.0"/>
</graphics>
</initialMarking>
<capacity>
<value>0</value>
</capacity>
</place>
<place id="P51">
<graphics>
<position x="960.0" y="480.0"/>
</graphics>
<name>
<value>fireResFax</value>
<graphics>
<offset x="-5.0" y="35.0"/>
</graphics>
</name>
<msgPlace>true</msgPlace>
<resPlace>false</resPlace>
<initialMarking>
<value>0</value>
<graphics>
<offset x="0.0" y="0.0"/>
</graphics>
</initialMarking>
<capacity>
<value>0</value>
</capacity>
</place>
<place id="P52">
<graphics>
<position x="1020.0" y="825.0"/>
</graphics>
<name>
<value>hpResFax</value>
<graphics>
<offset x="-5.0" y="35.0"/>
</graphics>
</name>
<msgPlace>true</msgPlace>
<resPlace>false</resPlace>
<initialMarking>
<value>0</value>
<graphics>
<offset x="0.0" y="0.0"/>
</graphics>
</initialMarking>
<capacity>
<value>0</value>
</capacity>
</place>
<place id="P53">
<graphics>
<position x="1035.0" y="510.0"/>
</graphics>
<name>
<value>fax</value>
<graphics>
<offset x="26.0" y="42.0"/>
</graphics>
</name>
<msgPlace>false</msgPlace>
<resPlace>true</resPlace>
<initialMarking>
<value>0</value>
<graphics>
<offset x="0.0" y="0.0"/>
</graphics>
</initialMarking>
<capacity>
<value>0</value>
</capacity>
</place>
<place id="P54">
<graphics>
<position x="1110.0" y="855.0"/>
</graphics>
<name>
<value>fax</value>
<graphics>
<offset x="32.0" y="45.0"/>
</graphics>
</name>
<msgPlace>false</msgPlace>
<resPlace>true</resPlace>
<initialMarking>
<value>0</value>
<graphics>
<offset x="0.0" y="0.0"/>
</graphics>
</initialMarking>
<capacity>
<value>0</value>
</capacity>
</place>
<place id="P55">
<graphics>
<position x="675.0" y="360.0"/>
</graphics>
<name>
<value>P55</value>
<graphics>
<offset x="-5.0" y="35.0"/>
</graphics>
</name>
<msgPlace>false</msgPlace>
<resPlace>false</resPlace>
<initialMarking>
<value>0</value>
<graphics>
<offset x="0.0" y="0.0"/>
</graphics>
</initialMarking>
<capacity>
<value>0</value>
</capacity>
</place>
<place id="P56">
<graphics>
<position x="795.0" y="390.0"/>
</graphics>
<name>
<value>hpResFax</value>
<graphics>
<offset x="83.0" y="35.0"/>
</graphics>
</name>
<msgPlace>true</msgPlace>
<resPlace>false</resPlace>
<initialMarking>
<value>0</value>
<graphics>
<offset x="0.0" y="0.0"/>
</graphics>
</initialMarking>
<capacity>
<value>0</value>
</capacity>
</place>
<place id="P57">
<graphics>
<position x="765.0" y="435.0"/>
</graphics>
<name>
<value>fireResFax</value>
<graphics>
<offset x="98.0" y="10.0"/>
</graphics>
</name>
<msgPlace>true</msgPlace>
<resPlace>false</resPlace>
<initialMarking>
<value>0</value>
<graphics>
<offset x="0.0" y="0.0"/>
</graphics>
</initialMarking>
<capacity>
<value>0</value>
</capacity>
</place>
<place id="P6">
<graphics>
<position x="960.0" y="240.0"/>
</graphics>
<name>
<value>P6</value>
<graphics>
<offset x="-5.0" y="35.0"/>
</graphics>
</name>
<msgPlace>false</msgPlace>
<resPlace>false</resPlace>
<initialMarking>
<value>0</value>
<graphics>
<offset x="0.0" y="0.0"/>
</graphics>
</initialMarking>
<capacity>
<value>0</value>
</capacity>
</place>
<place id="P7">
<graphics>
<position x="1110.0" y="240.0"/>
</graphics>
<name>
<value>P7</value>
<graphics>
<offset x="-5.0" y="35.0"/>
</graphics>
</name>
<msgPlace>false</msgPlace>
<resPlace>false</resPlace>
<initialMarking>
<value>0</value>
<graphics>
<offset x="0.0" y="0.0"/>
</graphics>
</initialMarking>
<capacity>
<value>0</value>
</capacity>
</place>
<place id="P8">
<graphics>
<position x="240.0" y="675.0"/>
</graphics>
<name>
<value>P8</value>
<graphics>
<offset x="-5.0" y="35.0"/>
</graphics>
</name>
<msgPlace>false</msgPlace>
<resPlace>false</resPlace>
<initialMarking>
<value>1</value>
<graphics>
<offset x="0.0" y="0.0"/>
</graphics>
</initialMarking>
<capacity>
<value>0</value>
</capacity>
</place>
<place id="P9">
<graphics>
<position x="435.0" y="675.0"/>
</graphics>
<name>
<value>P9</value>
<graphics>
<offset x="-5.0" y="35.0"/>
</graphics>
</name>
<msgPlace>false</msgPlace>
<resPlace>false</resPlace>
<initialMarking>
<value>0</value>
<graphics>
<offset x="0.0" y="0.0"/>
</graphics>
</initialMarking>
<capacity>
<value>0</value>
</capacity>
</place>
<transition id="T0">
<graphics>
<position x="330.0" y="240.0"/>
</graphics>
<name>
<value>T0</value>
<graphics>
<offset x="-5.0" y="35.0"/>
</graphics>
</name>
<orientation>
<value>0</value>
</orientation>
<rate>
<value>1.0</value>
</rate>
<timed>
<value>false</value>
</timed>
<infiniteServer>
<value>false</value>
</infiniteServer>
<priority>
<value>1</value>
</priority>
</transition>
<transition id="T1">
<graphics>
<position x="450.0" y="240.0"/>
</graphics>
<name>
<value>T1</value>
<graphics>
<offset x="-5.0" y="35.0"/>
</graphics>
</name>
<orientation>
<value>0</value>
</orientation>
<rate>
<value>1.0</value>
</rate>
<timed>
<value>false</value>
</timed>
<infiniteServer>
<value>false</value>
</infiniteServer>
<priority>
<value>1</value>
</priority>
</transition>
<transition id="T10">
<graphics>
<position x="645.0" y="615.0"/>
</graphics>
<name>
<value>T10</value>
<graphics>
<offset x="-5.0" y="35.0"/>
</graphics>
</name>
<orientation>
<value>0</value>
</orientation>
<rate>
<value>1.0</value>
</rate>
<timed>
<value>false</value>
</timed>
<infiniteServer>
<value>false</value>
</infiniteServer>
<priority>
<value>1</value>
</priority>
</transition>
<transition id="T11">
<graphics>
<position x="645.0" y="720.0"/>
</graphics>
<name>
<value>T11</value>
<graphics>
<offset x="-5.0" y="35.0"/>
</graphics>
</name>
<orientation>
<value>0</value>
</orientation>
<rate>
<value>1.0</value>
</rate>
<timed>
<value>false</value>
</timed>
<infiniteServer>
<value>false</value>
</infiniteServer>
<priority>
<value>1</value>
</priority>
</transition>
<transition id="T12">
<graphics>
<position x="780.0" y="675.0"/>
</graphics>
<name>
<value>T12</value>
<graphics>
<offset x="-5.0" y="35.0"/>
</graphics>
</name>
<orientation>
<value>0</value>
</orientation>
<rate>
<value>1.0</value>
</rate>
<timed>
<value>false</value>
</timed>
<infiniteServer>
<value>false</value>
</infiniteServer>
<priority>
<value>1</value>
</priority>
</transition>
<transition id="T13">
<graphics>
<position x="330.0" y="1035.0"/>
</graphics>
<name>
<value>T13</value>
<graphics>
<offset x="-5.0" y="35.0"/>
</graphics>
</name>
<orientation>
<value>0</value>
</orientation>
<rate>
<value>1.0</value>
</rate>
<timed>
<value>false</value>
</timed>
<infiniteServer>
<value>false</value>
</infiniteServer>
<priority>
<value>1</value>
</priority>
</transition>
<transition id="T14">
<graphics>
<position x="480.0" y="1035.0"/>
</graphics>
<name>
<value>T14</value>
<graphics>
<offset x="-5.0" y="35.0"/>
</graphics>
</name>
<orientation>
<value>0</value>
</orientation>
<rate>
<value>1.0</value>
</rate>
<timed>
<value>false</value>
</timed>
<infiniteServer>
<value>false</value>
</infiniteServer>
<priority>
<value>1</value>
</priority>
</transition>
<transition id="T15">
<graphics>
<position x="615.0" y="975.0"/>
</graphics>
<name>
<value>T15</value>
<graphics>
<offset x="-5.0" y="35.0"/>
</graphics>
</name>
<orientation>
<value>0</value>
</orientation>
<rate>
<value>1.0</value>
</rate>
<timed>
<value>false</value>
</timed>
<infiniteServer>
<value>false</value>
</infiniteServer>
<priority>
<value>1</value>
</priority>
</transition>
<transition id="T16">
<graphics>
<position x="615.0" y="1095.0"/>
</graphics>
<name>
<value>T16</value>
<graphics>
<offset x="-5.0" y="35.0"/>
</graphics>
</name>
<orientation>
<value>0</value>
</orientation>
<rate>
<value>1.0</value>
</rate>
<timed>
<value>false</value>
</timed>
<infiniteServer>
<value>false</value>
</infiniteServer>
<priority>
<value>1</value>
</priority>
</transition>
<transition id="T17">
<graphics>
<position x="750.0" y="1020.0"/>
</graphics>
<name>
<value>T17</value>
<graphics>
<offset x="-5.0" y="35.0"/>
</graphics>
</name>
<orientation>
<value>0</value>
</orientation>
<rate>
<value>1.0</value>
</rate>
<timed>
<value>false</value>
</timed>
<infiniteServer>
<value>false</value>
</infiniteServer>
<priority>
<value>1</value>
</priority>
</transition>
<transition id="T18">
<graphics>
<position x="1020.0" y="990.0"/>
</graphics>
<name>
<value>T18</value>
<graphics>
<offset x="-5.0" y="18.0"/>
</graphics>
</name>
<orientation>
<value>0</value>
</orientation>
<rate>
<value>1.0</value>
</rate>
<timed>
<value>false</value>
</timed>
<infiniteServer>
<value>false</value>
</infiniteServer>
<priority>
<value>1</value>
</priority>
</transition>
<transition id="T19">
<graphics>
<position x="1020.0" y="1065.0"/>
</graphics>
<name>
<value>T19</value>
<graphics>
<offset x="-5.0" y="35.0"/>
</graphics>
</name>
<orientation>
<value>0</value>
</orientation>
<rate>
<value>1.0</value>
</rate>
<timed>
<value>false</value>
</timed>
<infiniteServer>
<value>false</value>
</infiniteServer>
<priority>
<value>1</value>
</priority>
</transition>
<transition id="T2">
<graphics>
<position x="615.0" y="180.0"/>
</graphics>
<name>
<value>T2</value>
<graphics>
<offset x="-5.0" y="35.0"/>
</graphics>
</name>
<orientation>
<value>0</value>
</orientation>
<rate>
<value>1.0</value>
</rate>
<timed>
<value>false</value>
</timed>
<infiniteServer>
<value>false</value>
</infiniteServer>
<priority>
<value>1</value>
</priority>
</transition>
<transition id="T20">
<graphics>
<position x="885.0" y="1020.0"/>
</graphics>
<name>
<value>T20</value>
<graphics>
<offset x="-5.0" y="35.0"/>
</graphics>
</name>
<orientation>
<value>0</value>
</orientation>
<rate>
<value>1.0</value>
</rate>
<timed>
<value>false</value>
</timed>
<infiniteServer>
<value>false</value>
</infiniteServer>
<priority>
<value>1</value>
</priority>
</transition>
<transition id="T21">
<graphics>
<position x="1320.0" y="90.0"/>
</graphics>
<name>
<value>T21</value>
<graphics>
<offset x="-5.0" y="35.0"/>
</graphics>
</name>
<orientation>
<value>0</value>
</orientation>
<rate>
<value>1.0</value>
</rate>
<timed>
<value>false</value>
</timed>
<infiniteServer>
<value>false</value>
</infiniteServer>
<priority>
<value>1</value>
</priority>
</transition>
<transition id="T22">
<graphics>
<position x="1470.0" y="90.0"/>
</graphics>
<name>
<value>T22</value>
<graphics>
<offset x="-5.0" y="35.0"/>
</graphics>
</name>
<orientation>
<value>0</value>
</orientation>
<rate>
<value>1.0</value>
</rate>
<timed>
<value>false</value>
</timed>
<infiniteServer>
<value>false</value>
</infiniteServer>
<priority>
<value>1</value>
</priority>
</transition>
<transition id="T23">
<graphics>
<position x="960.0" y="645.0"/>
</graphics>
<name>
<value>T23</value>
<graphics>
<offset x="-5.0" y="35.0"/>
</graphics>
</name>
<orientation>
<value>0</value>
</orientation>
<rate>
<value>1.0</value>
</rate>
<timed>
<value>false</value>
</timed>
<infiniteServer>
<value>false</value>
</infiniteServer>
<priority>
<value>1</value>
</priority>
</transition>
<transition id="T24">
<graphics>
<position x="960.0" y="720.0"/>
</graphics>
<name>
<value>T24</value>
<graphics>
<offset x="-5.0" y="35.0"/>
</graphics>
</name>
<orientation>
<value>0</value>
</orientation>
<rate>
<value>1.0</value>
</rate>
<timed>
<value>false</value>
</timed>
<infiniteServer>
<value>false</value>
</infiniteServer>
<priority>
<value>1</value>
</priority>
</transition>
<transition id="T25">
<graphics>
<position x="960.0" y="540.0"/>
</graphics>
<name>
<value>T25</value>
<graphics>
<offset x="-5.0" y="35.0"/>
</graphics>
</name>
<orientation>
<value>0</value>
</orientation>
<rate>
<value>1.0</value>
</rate>
<timed>
<value>false</value>
</timed>
<infiniteServer>
<value>false</value>
</infiniteServer>
<priority>
<value>1</value>
</priority>
</transition>
<transition id="T26">
<graphics>
<position x="1020.0" y="885.0"/>
</graphics>
<name>
<value>T26</value>
<graphics>
<offset x="-5.0" y="35.0"/>
</graphics>
</name>
<orientation>
<value>0</value>
</orientation>
<rate>
<value>1.0</value>
</rate>
<timed>
<value>false</value>
</timed>
<infiniteServer>
<value>false</value>
</infiniteServer>
<priority>
<value>1</value>
</priority>
</transition>
<transition id="T27">
<graphics>
<position x="600.0" y="360.0"/>
</graphics>
<name>
<value>T27</value>
<graphics>
<offset x="-5.0" y="35.0"/>
</graphics>
</name>
<orientation>
<value>0</value>
</orientation>
<rate>
<value>1.0</value>
</rate>
<timed>
<value>false</value>
</timed>
<infiniteServer>
<value>false</value>
</infiniteServer>
<priority>
<value>1</value>
</priority>
</transition>
<transition id="T28">
<graphics>
<position x="765.0" y="360.0"/>
</graphics>
<name>
<value>T28</value>
<graphics>
<offset x="-5.0" y="35.0"/>
</graphics>
</name>
<orientation>
<value>0</value>
</orientation>
<rate>
<value>1.0</value>
</rate>
<timed>
<value>false</value>
</timed>
<infiniteServer>
<value>false</value>
</infiniteServer>
<priority>
<value>1</value>
</priority>
</transition>
<transition id="T3">
<graphics>
<position x="600.0" y="300.0"/>
</graphics>
<name>
<value>T3</value>
<graphics>
<offset x="-5.0" y="35.0"/>
</graphics>
</name>
<orientation>
<value>0</value>
</orientation>
<rate>
<value>1.0</value>
</rate>
<timed>
<value>false</value>
</timed>
<infiniteServer>
<value>false</value>
</infiniteServer>
<priority>
<value>1</value>
</priority>
</transition>
<transition id="T4">
<graphics>
<position x="765.0" y="180.0"/>
</graphics>
<name>
<value>T4</value>
<graphics>
<offset x="-5.0" y="35.0"/>
</graphics>
</name>
<orientation>
<value>0</value>
</orientation>
<rate>
<value>1.0</value>
</rate>
<timed>
<value>false</value>
</timed>
<infiniteServer>
<value>false</value>
</infiniteServer>
<priority>
<value>1</value>
</priority>
</transition>
<transition id="T5">
<graphics>
<position x="750.0" y="300.0"/>
</graphics>
<name>
<value>T5</value>
<graphics>
<offset x="-5.0" y="35.0"/>
</graphics>
</name>
<orientation>
<value>0</value>
</orientation>
<rate>
<value>1.0</value>
</rate>
<timed>
<value>false</value>
</timed>
<infiniteServer>
<value>false</value>
</infiniteServer>
<priority>
<value>1</value>
</priority>
</transition>
<transition id="T6">
<graphics>
<position x="885.0" y="240.0"/>
</graphics>
<name>
<value>summary</value>
<graphics>
<offset x="50.0" y="41.0"/>
</graphics>
</name>
<orientation>
<value>0</value>
</orientation>
<rate>
<value>1.0</value>
</rate>
<timed>
<value>false</value>
</timed>
<infiniteServer>
<value>false</value>
</infiniteServer>
<priority>
<value>1</value>
</priority>
</transition>
<transition id="T7">
<graphics>
<position x="1035.0" y="240.0"/>
</graphics>
<name>
<value>reportRescue</value>
<graphics>
<offset x="49.0" y="50.0"/>
</graphics>
</name>
<orientation>
<value>0</value>
</orientation>
<rate>
<value>1.0</value>
</rate>
<timed>
<value>false</value>
</timed>
<infiniteServer>
<value>false</value>
</infiniteServer>
<priority>
<value>1</value>
</priority>
</transition>
<transition id="T8">
<graphics>
<position x="360.0" y="675.0"/>
</graphics>
<name>
<value>T8</value>
<graphics>
<offset x="-5.0" y="35.0"/>
</graphics>
</name>
<orientation>
<value>0</value>
</orientation>
<rate>
<value>1.0</value>
</rate>
<timed>
<value>false</value>
</timed>
<infiniteServer>
<value>false</value>
</infiniteServer>
<priority>
<value>1</value>
</priority>
</transition>
<transition id="T9">
<graphics>
<position x="510.0" y="675.0"/>
</graphics>
<name>
<value>T9</value>
<graphics>
<offset x="-5.0" y="35.0"/>
</graphics>
</name>
<orientation>
<value>0</value>
</orientation>
<rate>
<value>1.0</value>
</rate>
<timed>
<value>false</value>
</timed>
<infiniteServer>
<value>false</value>
</infiniteServer>
<priority>
<value>1</value>
</priority>
</transition>
<arc id="P0 to T0" source="P0" target="T0">
<graphics/>
<inscription>
<value>1</value>
<graphics/>
</inscription>
<tagged>
<value>false</value>
</tagged>
<arcpath id="000" x="281" y="252" curvePoint="false"/>
<arcpath id="001" x="336" y="252" curvePoint="false"/>
<type value="normal"/>
</arc>
<arc id="P10 to T10" source="P10" target="T10">
<graphics/>
<inscription>
<value>1</value>
<graphics/>
</inscription>
<tagged>
<value>false</value>
</tagged>
<arcpath id="000" x="581" y="627" curvePoint="false"/>
<arcpath id="001" x="651" y="627" curvePoint="false"/>
<type value="normal"/>
</arc>
<arc id="P11 to T11" source="P11" target="T11">
<graphics/>
<inscription>
<value>1</value>
<graphics/>
</inscription>
<tagged>
<value>false</value>
</tagged>
<arcpath id="000" x="581" y="732" curvePoint="false"/>
<arcpath id="001" x="651" y="732" curvePoint="false"/>
<type value="normal"/>
</arc>
<arc id="P12 to T12" source="P12" target="T12">
<graphics/>
<inscription>
<value>1</value>
<graphics/>
</inscription>
<tagged>
<value>false</value>
</tagged>
<arcpath id="000" x="742" y="638" curvePoint="false"/>
<arcpath id="001" x="787" y="682" curvePoint="false"/>
<type value="normal"/>
</arc>
<arc id="P13 to T12" source="P13" target="T12">
<graphics/>
<inscription>
<value>1</value>
<graphics/>
</inscription>
<tagged>
<value>false</value>
</tagged>
<arcpath id="000" x="757" y="721" curvePoint="false"/>
<arcpath id="001" x="786" y="692" curvePoint="false"/>
<type value="normal"/>
</arc>
<arc id="P15 to T13" source="P15" target="T13">
<graphics/>
<inscription>
<value>1</value>
<graphics/>
</inscription>
<tagged>
<value>false</value>
</tagged>
<arcpath id="000" x="251" y="1047" curvePoint="false"/>
<arcpath id="001" x="336" y="1047" curvePoint="false"/>
<type value="normal"/>
</arc>
<arc id="P16 to T14" source="P16" target="T14">
<graphics/>
<inscription>
<value>1</value>
<graphics/>
</inscription>
<tagged>
<value>false</value>
</tagged>
<arcpath id="000" x="431" y="1047" curvePoint="false"/>
<arcpath id="001" x="486" y="1047" curvePoint="false"/>
<type value="normal"/>
</arc>
<arc id="P17 to T15" source="P17" target="T15">
<graphics/>
<inscription>
<value>1</value>
<graphics/>
</inscription>
<tagged>
<value>false</value>
</tagged>
<arcpath id="000" x="551" y="987" curvePoint="false"/>
<arcpath id="001" x="621" y="987" curvePoint="false"/>
<type value="normal"/>
</arc>
<arc id="P18 to T16" source="P18" target="T16">
<graphics/>
<inscription>
<value>1</value>
<graphics/>
</inscription>
<tagged>
<value>false</value>
</tagged>
<arcpath id="000" x="566" y="1107" curvePoint="false"/>
<arcpath id="001" x="621" y="1107" curvePoint="false"/>
<type value="normal"/>
</arc>
<arc id="P19 to T17" source="P19" target="T17">
<graphics/>
<inscription>
<value>1</value>
<graphics/>
</inscription>
<tagged>
<value>false</value>
</tagged>
<arcpath id="000" x="726" y="998" curvePoint="false"/>
<arcpath id="001" x="756" y="1032" curvePoint="false"/>
<type value="normal"/>
</arc>
<arc id="P1 to T1" source="P1" target="T1">
<graphics/>
<inscription>
<value>1</value>
<graphics/>
</inscription>
<tagged>
<value>false</value>
</tagged>
<arcpath id="000" x="416" y="252" curvePoint="false"/>
<arcpath id="001" x="456" y="252" curvePoint="false"/>
<type value="normal"/>
</arc>
<arc id="P20 to T17" source="P20" target="T17">
<graphics/>
<inscription>
<value>1</value>
<graphics/>
</inscription>
<tagged>
<value>false</value>
</tagged>
<arcpath id="000" x="738" y="1093" curvePoint="false"/>
<arcpath id="001" x="762" y="1047" curvePoint="false"/>
<type value="normal"/>
</arc>
<arc id="P21 to T18" source="P21" target="T18">
<graphics/>
<inscription>
<value>1</value>
<graphics/>
</inscription>
<tagged>
<value>false</value>
</tagged>
<arcpath id="000" x="970" y="1026" curvePoint="false"/>
<arcpath id="001" x="1026" y="1002" curvePoint="false"/>
<type value="normal"/>
</arc>
<arc id="P21 to T19" source="P21" target="T19">
<graphics/>
<inscription>
<value>1</value>
<graphics/>
</inscription>
<tagged>
<value>false</value>
</tagged>
<arcpath id="000" x="969" y="1040" curvePoint="false"/>
<arcpath id="001" x="1026" y="1077" curvePoint="false"/>
<type value="normal"/>
</arc>
<arc id="P21 to T26" source="P21" target="T26">
<graphics/>
<inscription>
<value>1</value>
<graphics/>
</inscription>
<tagged>
<value>false</value>
</tagged>
<arcpath id="000" x="964" y="1019" curvePoint="false"/>
<arcpath id="001" x="1032" y="912" curvePoint="false"/>
<type value="normal"/>
</arc>
<arc id="P25 to T4" source="P25" target="T4">
<graphics/>
<inscription>
<value>1</value>
<graphics/>
</inscription>
<tagged>
<value>false</value>
</tagged>
<arcpath id="000" x="741" y="128" curvePoint="false"/>
<arcpath id="001" x="777" y="177" curvePoint="false"/>
<type value="normal"/>
</arc>
<arc id="P26 to T4" source="P26" target="T4">
<graphics/>
<inscription>
<value>1</value>
<graphics/>
</inscription>
<tagged>
<value>false</value>
</tagged>
<arcpath id="000" x="813" y="129" curvePoint="false"/>
<arcpath id="001" x="777" y="177" curvePoint="false"/>
<type value="normal"/>
</arc>
<arc id="P27 to T5" source="P27" target="T5">
<graphics/>
<inscription>
<value>1</value>
<graphics/>
</inscription>
<tagged>
<value>false</value>
</tagged>
<arcpath id="000" x="810" y="347" curvePoint="false"/>
<arcpath id="001" x="766" y="318" curvePoint="false"/>
<type value="normal"/>
</arc>
<arc id="P28 to T5" source="P28" target="T5">
<graphics/>
<inscription>
<value>1</value>
<graphics/>
</inscription>
<tagged>
<value>false</value>
</tagged>
<arcpath id="000" x="822" y="310" curvePoint="false"/>
<arcpath id="001" x="767" y="311" curvePoint="false"/>
<type value="normal"/>
</arc>
<arc id="P29 to T8" source="P29" target="T8">
<graphics/>
<inscription>
<value>1</value>
<graphics/>
</inscription>
<tagged>
<value>false</value>
</tagged>
<arcpath id="000" x="372" y="747" curvePoint="false"/>
<arcpath id="001" x="372" y="702" curvePoint="false"/>
<type value="normal"/>
</arc>
<arc id="P2 to T2" source="P2" target="T2">
<graphics/>
<inscription>
<value>1</value>
<graphics/>
</inscription>
<tagged>
<value>false</value>
</tagged>
<arcpath id="000" x="577" y="240" curvePoint="false"/>
<arcpath id="001" x="621" y="197" curvePoint="false"/>
<type value="normal"/>
</arc>
<arc id="P2 to T27" source="P2" target="T27">
<graphics/>
<inscription>
<value>1</value>
<graphics/>
</inscription>
<tagged>
<value>false</value>
</tagged>
<arcpath id="000" x="572" y="265" curvePoint="false"/>
<arcpath id="001" x="612" y="357" curvePoint="false"/>
<type value="normal"/>
</arc>
<arc id="P2 to T3" source="P2" target="T3">
<graphics/>
<inscription>
<value>1</value>
<graphics/>
</inscription>
<tagged>
<value>false</value>
</tagged>
<arcpath id="000" x="575" y="264" curvePoint="false"/>
<arcpath id="001" x="607" y="307" curvePoint="false"/>
<type value="normal"/>
</arc>
<arc id="P30 to T8" source="P30" target="T8">
<graphics/>
<inscription>
<value>1</value>
<graphics/>
</inscription>
<tagged>
<value>false</value>
</tagged>
<arcpath id="000" x="372" y="611" curvePoint="false"/>
<arcpath id="001" x="372" y="672" curvePoint="false"/>
<type value="normal"/>
</arc>
<arc id="P32 to T13" source="P32" target="T13">
<graphics/>
<inscription>
<value>1</value>
<graphics/>
</inscription>
<tagged>
<value>false</value>
</tagged>
<arcpath id="000" x="342" y="971" curvePoint="false"/>
<arcpath id="001" x="342" y="1032" curvePoint="false"/>
<type value="normal"/>
</arc>
<arc id="P33 to T13" source="P33" target="T13">
<graphics/>
<inscription>
<value>1</value>
<graphics/>
</inscription>
<tagged>
<value>false</value>
</tagged>
<arcpath id="000" x="342" y="1107" curvePoint="false"/>
<arcpath id="001" x="342" y="1062" curvePoint="false"/>
<type value="normal"/>
</arc>
<arc id="P38 to T12" source="P38" target="T12">
<graphics/>
<inscription>
<value>1</value>
<graphics/>
</inscription>
<tagged>
<value>false</value>
</tagged>
<arcpath id="000" x="792" y="581" curvePoint="false"/>
<arcpath id="001" x="792" y="672" curvePoint="false"/>
<type value="normal"/>
</arc>
<arc id="P39 to T20" source="P39" target="T20">
<graphics/>
<inscription>
<value>1</value>
<graphics/>
</inscription>
<tagged>
<value>false</value>
</tagged>
<arcpath id="000" x="836" y="1032" curvePoint="false"/>
<arcpath id="001" x="891" y="1032" curvePoint="false"/>
<type value="normal"/>
</arc>
<arc id="P3 to T4" source="P3" target="T4">
<graphics/>
<inscription>
<value>1</value>
<graphics/>
</inscription>
<tagged>
<value>false</value>
</tagged>
<arcpath id="000" x="716" y="192" curvePoint="false"/>
<arcpath id="001" x="771" y="192" curvePoint="false"/>
<type value="normal"/>
</arc>
<arc id="P40 to T20" source="P40" target="T20">
<graphics/>
<inscription>
<value>1</value>
<graphics/>
</inscription>
<tagged>
<value>false</value>
</tagged>
<arcpath id="000" x="897" y="941" curvePoint="false"/>
<arcpath id="001" x="897" y="1017" curvePoint="false"/>
<type value="normal"/>
</arc>
<arc id="P41 to T18" source="P41" target="T18">
<graphics/>
<inscription>
<value>1</value>
<graphics/>
</inscription>
<tagged>
<value>false</value>
</tagged>
<arcpath id="000" x="1120" y="956" curvePoint="false"/>
<arcpath id="001" x="1094" y="1005" curvePoint="true"/>
<arcpath id="002" x="1037" y="1001" curvePoint="false"/>
<type value="normal"/>
</arc>
<arc id="P41 to T19" source="P41" target="T19">
<graphics/>
<inscription>
<value>1</value>
<graphics/>
</inscription>
<tagged>
<value>false</value>
</tagged>
<arcpath id="000" x="1113" y="954" curvePoint="false"/>
<arcpath id="001" x="1110" y="960" curvePoint="false"/>
<arcpath id="002" x="1046" y="1034" curvePoint="true"/>
<arcpath id="003" x="1032" y="1062" curvePoint="false"/>
<type value="normal"/>
</arc>
<arc id="P43 to T21" source="P43" target="T21">
<graphics/>
<inscription>
<value>1</value>
<graphics/>
</inscription>
<tagged>
<value>false</value>
</tagged>
<arcpath id="000" x="1286" y="102" curvePoint="false"/>
<arcpath id="001" x="1326" y="102" curvePoint="false"/>
<type value="normal"/>
</arc>
<arc id="P44 to T22" source="P44" target="T22">
<graphics/>
<inscription>
<value>1</value>
<graphics/>
</inscription>
<tagged>
<value>false</value>
</tagged>
<arcpath id="000" x="1421" y="102" curvePoint="false"/>
<arcpath id="001" x="1476" y="102" curvePoint="false"/>
<type value="normal"/>
</arc>
<arc id="P46 to T21" source="P46" target="T21">
<graphics/>
<inscription>
<value>1</value>
<graphics/>
</inscription>
<tagged>
<value>false</value>
</tagged>
<arcpath id="000" x="1332" y="41" curvePoint="false"/>
<arcpath id="001" x="1332" y="87" curvePoint="false"/>
<type value="normal"/>
</arc>
<arc id="P48 to T23" source="P48" target="T23">
<graphics/>
<inscription>
<value>1</value>
<graphics/>
</inscription>
<tagged>
<value>false</value>
</tagged>
<arcpath id="000" x="896" y="682" curvePoint="false"/>
<arcpath id="001" x="966" y="657" curvePoint="false"/>
<type value="normal"/>
</arc>
<arc id="P48 to T24" source="P48" target="T24">
<graphics/>
<inscription>
<value>1</value>
<graphics/>
</inscription>
<tagged>
<value>false</value>
</tagged>
<arcpath id="000" x="895" y="694" curvePoint="false"/>
<arcpath id="001" x="966" y="732" curvePoint="false"/>
<type value="normal"/>
</arc>
<arc id="P48 to T25" source="P48" target="T25">
<graphics/>
<inscription>
<value>1</value>
<graphics/>
</inscription>
<tagged>
<value>false</value>
</tagged>
<arcpath id="000" x="890" y="674" curvePoint="false"/>
<arcpath id="001" x="966" y="552" curvePoint="false"/>
<type value="normal"/>
</arc>
<arc id="P4 to T5" source="P4" target="T5">
<graphics/>
<inscription>
<value>1</value>
<graphics/>
</inscription>
<tagged>
<value>false</value>
</tagged>
<arcpath id="000" x="716" y="312" curvePoint="false"/>
<arcpath id="001" x="756" y="312" curvePoint="false"/>
<type value="normal"/>
</arc>
<arc id="P50 to T23" source="P50" target="T23">
<graphics/>
<inscription>
<value>1</value>
<graphics/>
</inscription>
<tagged>
<value>false</value>
</tagged>
<arcpath id="000" x="1064" y="604" curvePoint="false"/>
<arcpath id="001" x="977" y="656" curvePoint="false"/>
<type value="normal"/>
</arc>
<arc id="P50 to T24" source="P50" target="T24">
<graphics/>
<inscription>
<value>1</value>
<graphics/>
</inscription>
<tagged>
<value>false</value>
</tagged>
<arcpath id="000" x="1076" y="611" curvePoint="false"/>
<arcpath id="001" x="1047" y="692" curvePoint="true"/>
<arcpath id="002" x="977" y="731" curvePoint="false"/>
<type value="normal"/>
</arc>
<arc id="P53 to T25" source="P53" target="T25">
<graphics/>
<inscription>
<value>1</value>
<graphics/>
</inscription>
<tagged>
<value>false</value>
</tagged>
<arcpath id="000" x="1032" y="517" curvePoint="false"/>
<arcpath id="001" x="1002" y="523" curvePoint="true"/>
<arcpath id="002" x="977" y="544" curvePoint="false"/>
<type value="normal"/>
</arc>
<arc id="P54 to T26" source="P54" target="T26">
<graphics/>
<inscription>
<value>1</value>
<graphics/>
</inscription>
<tagged>
<value>false</value>
</tagged>
<arcpath id="000" x="1114" y="880" curvePoint="false"/>
<arcpath id="001" x="1090" y="898" curvePoint="true"/>
<arcpath id="002" x="1037" y="896" curvePoint="false"/>
<type value="normal"/>
</arc>
<arc id="P55 to T28" source="P55" target="T28">
<graphics/>
<inscription>
<value>1</value>
<graphics/>
</inscription>
<tagged>
<value>false</value>
</tagged>
<arcpath id="000" x="701" y="372" curvePoint="false"/>
<arcpath id="001" x="771" y="372" curvePoint="false"/>
<type value="normal"/>
</arc>
<arc id="P56 to T28" source="P56" target="T28">
<graphics/>
<inscription>
<value>1</value>
<graphics/>
</inscription>
<tagged>
<value>false</value>
</tagged>
<arcpath id="000" x="797" y="390" curvePoint="false"/>
<arcpath id="001" x="781" y="372" curvePoint="false"/>
<type value="normal"/>
</arc>
<arc id="P57 to T28" source="P57" target="T28">
<graphics/>
<inscription>
<value>1</value>
<graphics/>
</inscription>
<tagged>
<value>false</value>
</tagged>
<arcpath id="000" x="777" y="432" curvePoint="false"/>
<arcpath id="001" x="777" y="387" curvePoint="false"/>
<type value="normal"/>
</arc>
<arc id="P5 to T6" source="P5" target="T6">
<graphics/>
<inscription>
<value>1</value>
<graphics/>
</inscription>
<tagged>
<value>false</value>
</tagged>
<arcpath id="000" x="836" y="252" curvePoint="false"/>
<arcpath id="001" x="891" y="252" curvePoint="false"/>
<type value="normal"/>
</arc>
<arc id="P6 to T7" source="P6" target="T7">
<graphics/>
<inscription>
<value>1</value>
<graphics/>
</inscription>
<tagged>
<value>false</value>
</tagged>
<arcpath id="000" x="986" y="252" curvePoint="false"/>
<arcpath id="001" x="1041" y="252" curvePoint="false"/>
<type value="normal"/>
</arc>
<arc id="P8 to T8" source="P8" target="T8">
<graphics/>
<inscription>
<value>1</value>
<graphics/>
</inscription>
<tagged>
<value>false</value>
</tagged>
<arcpath id="000" x="266" y="687" curvePoint="false"/>
<arcpath id="001" x="366" y="687" curvePoint="false"/>
<type value="normal"/>
</arc>
<arc id="P9 to T9" source="P9" target="T9">
<graphics/>
<inscription>
<value>1</value>
<graphics/>
</inscription>
<tagged>
<value>false</value>
</tagged>
<arcpath id="000" x="461" y="687" curvePoint="false"/>
<arcpath id="001" x="516" y="687" curvePoint="false"/>
<type value="normal"/>
</arc>
<arc id="T0 to P1" source="T0" target="P1">
<graphics/>
<inscription>
<value>1</value>
<graphics/>
</inscription>
<tagged>
<value>false</value>
</tagged>
<arcpath id="000" x="346" y="252" curvePoint="false"/>
<arcpath id="001" x="387" y="252" curvePoint="false"/>
<type value="normal"/>
</arc>
<arc id="T10 to P12" source="T10" target="P12">
<graphics/>
<inscription>
<value>1</value>
<graphics/>
</inscription>
<tagged>
<value>false</value>
</tagged>
<arcpath id="000" x="661" y="627" curvePoint="false"/>
<arcpath id="001" x="717" y="627" curvePoint="false"/>
<type value="normal"/>
</arc>
<arc id="T11 to P13" source="T11" target="P13">
<graphics/>
<inscription>
<value>1</value>
<graphics/>
</inscription>
<tagged>
<value>false</value>
</tagged>
<arcpath id="000" x="661" y="732" curvePoint="false"/>
<arcpath id="001" x="732" y="732" curvePoint="false"/>
<type value="normal"/>
</arc>
<arc id="T12 to P48" source="T12" target="P48">
<graphics/>
<inscription>
<value>1</value>
<graphics/>
</inscription>
<tagged>
<value>false</value>
</tagged>
<arcpath id="000" x="796" y="687" curvePoint="false"/>
<arcpath id="001" x="867" y="687" curvePoint="false"/>
<type value="normal"/>
</arc>
<arc id="T13 to P16" source="T13" target="P16">
<graphics/>
<inscription>
<value>1</value>
<graphics/>
</inscription>
<tagged>
<value>false</value>
</tagged>
<arcpath id="000" x="346" y="1047" curvePoint="false"/>
<arcpath id="001" x="402" y="1047" curvePoint="false"/>
<type value="normal"/>
</arc>
<arc id="T13 to P33" source="T13" target="P33">
<graphics/>
<inscription>
<value>1</value>
<graphics/>
</inscription>
<tagged>
<value>false</value>
</tagged>
<arcpath id="000" x="342" y="1062" curvePoint="false"/>
<arcpath id="001" x="342" y="1107" curvePoint="false"/>
<type value="normal"/>
</arc>
<arc id="T14 to P17" source="T14" target="P17">
<graphics/>
<inscription>
<value>1</value>
<graphics/>
</inscription>
<tagged>
<value>false</value>
</tagged>
<arcpath id="000" x="497" y="1042" curvePoint="false"/>
<arcpath id="001" x="528" y="999" curvePoint="false"/>
<type value="normal"/>
</arc>
<arc id="T14 to P18" source="T14" target="P18">
<graphics/>
<inscription>
<value>1</value>
<graphics/>
</inscription>
<tagged>
<value>false</value>
</tagged>
<arcpath id="000" x="496" y="1052" curvePoint="false"/>
<arcpath id="001" x="541" y="1096" curvePoint="false"/>
<type value="normal"/>
</arc>
<arc id="T15 to P19" source="T15" target="P19">
<graphics/>
<inscription>
<value>1</value>
<graphics/>
</inscription>
<tagged>
<value>false</value>
</tagged>
<arcpath id="000" x="631" y="987" curvePoint="false"/>
<arcpath id="001" x="702" y="987" curvePoint="false"/>
<type value="normal"/>
</arc>
<arc id="T16 to P20" source="T16" target="P20">
<graphics/>
<inscription>
<value>1</value>
<graphics/>
</inscription>
<tagged>
<value>false</value>
</tagged>
<arcpath id="000" x="631" y="1107" curvePoint="false"/>
<arcpath id="001" x="717" y="1107" curvePoint="false"/>
<type value="normal"/>
</arc>
<arc id="T17 to P39" source="T17" target="P39">
<graphics/>
<inscription>
<value>1</value>
<graphics/>
</inscription>
<tagged>
<value>false</value>
</tagged>
<arcpath id="000" x="766" y="1032" curvePoint="false"/>
<arcpath id="001" x="807" y="1032" curvePoint="false"/>
<type value="normal"/>
</arc>
<arc id="T18 to P22" source="T18" target="P22">
<graphics/>
<inscription>
<value>1</value>
<graphics/>
</inscription>
<tagged>
<value>false</value>
</tagged>
<arcpath id="000" x="1036" y="1008" curvePoint="false"/>
<arcpath id="001" x="1122" y="1028" curvePoint="false"/>
<type value="normal"/>
</arc>
<arc id="T18 to P34" source="T18" target="P34">
<graphics/>
<inscription>
<value>1</value>
<graphics/>
</inscription>
<tagged>
<value>false</value>
</tagged>
<arcpath id="000" x="1032" y="987" curvePoint="false"/>
<arcpath id="001" x="1032" y="971" curvePoint="false"/>
<type value="normal"/>
</arc>
<arc id="T18 to P41" source="T18" target="P41">
<graphics/>
<inscription>
<value>1</value>
<graphics/>
</inscription>
<tagged>
<value>false</value>
</tagged>
<arcpath id="000" x="1037" y="994" curvePoint="false"/>
<arcpath id="001" x="1055" y="968" curvePoint="true"/>
<arcpath id="002" x="1108" y="947" curvePoint="false"/>
<type value="normal"/>
</arc>
<arc id="T19 to P22" source="T19" target="P22">
<graphics/>
<inscription>
<value>1</value>
<graphics/>
</inscription>
<tagged>
<value>false</value>
</tagged>
<arcpath id="000" x="1036" y="1082" curvePoint="false"/>
<arcpath id="001" x="1123" y="1038" curvePoint="false"/>
<type value="normal"/>
</arc>
<arc id="T19 to P35" source="T19" target="P35">
<graphics/>
<inscription>
<value>1</value>
<graphics/>
</inscription>
<tagged>
<value>false</value>
</tagged>
<arcpath id="000" x="1032" y="1092" curvePoint="false"/>
<arcpath id="001" x="1032" y="1137" curvePoint="false"/>
<type value="normal"/>
</arc>
<arc id="T19 to P41" source="T19" target="P41">
<graphics/>
<inscription>
<value>1</value>
<graphics/>
</inscription>
<tagged>
<value>false</value>
</tagged>
<arcpath id="000" x="1037" y="1072" curvePoint="false"/>
<arcpath id="001" x="1089" y="1034" curvePoint="true"/>
<arcpath id="002" x="1116" y="956" curvePoint="false"/>
<type value="normal"/>
</arc>
<arc id="T1 to P2" source="T1" target="P2">
<graphics/>
<inscription>
<value>1</value>
<graphics/>
</inscription>
<tagged>
<value>false</value>
</tagged>
<arcpath id="000" x="466" y="252" curvePoint="false"/>
<arcpath id="001" x="552" y="252" curvePoint="false"/>
<type value="normal"/>
</arc>
<arc id="T1 to P23" source="T1" target="P23">
<graphics/>
<inscription>
<value>1</value>
<graphics/>
</inscription>
<tagged>
<value>false</value>
</tagged>
<arcpath id="000" x="462" y="237" curvePoint="false"/>
<arcpath id="001" x="462" y="191" curvePoint="false"/>
<type value="normal"/>
</arc>
<arc id="T1 to P24" source="T1" target="P24">
<graphics/>
<inscription>
<value>1</value>
<graphics/>
</inscription>
<tagged>
<value>false</value>
</tagged>
<arcpath id="000" x="462" y="267" curvePoint="false"/>
<arcpath id="001" x="462" y="312" curvePoint="false"/>
<type value="normal"/>
</arc>
<arc id="T20 to P21" source="T20" target="P21">
<graphics/>
<inscription>
<value>1</value>
<graphics/>
</inscription>
<tagged>
<value>false</value>
</tagged>
<arcpath id="000" x="901" y="1032" curvePoint="false"/>
<arcpath id="001" x="942" y="1032" curvePoint="false"/>
<type value="normal"/>
</arc>
<arc id="T21 to P44" source="T21" target="P44">
<graphics/>
<inscription>
<value>1</value>
<graphics/>
</inscription>
<tagged>
<value>false</value>
</tagged>
<arcpath id="000" x="1336" y="102" curvePoint="false"/>
<arcpath id="001" x="1392" y="102" curvePoint="false"/>
<type value="normal"/>
</arc>
<arc id="T22 to P45" source="T22" target="P45">
<graphics/>
<inscription>
<value>1</value>
<graphics/>
</inscription>
<tagged>
<value>false</value>
</tagged>
<arcpath id="000" x="1486" y="102" curvePoint="false"/>
<arcpath id="001" x="1542" y="102" curvePoint="false"/>
<type value="normal"/>
</arc>
<arc id="T23 to P14" source="T23" target="P14">
<graphics/>
<inscription>
<value>1</value>
<graphics/>
</inscription>
<tagged>
<value>false</value>
</tagged>
<arcpath id="000" x="976" y="663" curvePoint="false"/>
<arcpath id="001" x="1077" y="683" curvePoint="false"/>
<type value="normal"/>
</arc>
<arc id="T23 to P31" source="T23" target="P31">
<graphics/>
<inscription>
<value>1</value>
<graphics/>
</inscription>
<tagged>
<value>false</value>
</tagged>
<arcpath id="000" x="972" y="642" curvePoint="false"/>
<arcpath id="001" x="972" y="611" curvePoint="false"/>
<type value="normal"/>
</arc>
<arc id="T23 to P50" source="T23" target="P50">
<graphics/>
<inscription>
<value>1</value>
<graphics/>
</inscription>
<tagged>
<value>false</value>
</tagged>
<arcpath id="000" x="977" y="649" curvePoint="false"/>
<arcpath id="001" x="1012" y="628" curvePoint="true"/>
<arcpath id="002" x="1063" y="603" curvePoint="false"/>
<type value="normal"/>
</arc>
<arc id="T24 to P14" source="T24" target="P14">
<graphics/>
<inscription>
<value>1</value>
<graphics/>
</inscription>
<tagged>
<value>false</value>
</tagged>
<arcpath id="000" x="976" y="738" curvePoint="false"/>
<arcpath id="001" x="1078" y="692" curvePoint="false"/>
<type value="normal"/>
</arc>
<arc id="T24 to P49" source="T24" target="P49">
<graphics/>
<inscription>
<value>1</value>
<graphics/>
</inscription>
<tagged>
<value>false</value>
</tagged>
<arcpath id="000" x="972" y="747" curvePoint="false"/>
<arcpath id="001" x="972" y="792" curvePoint="false"/>
<type value="normal"/>
</arc>
<arc id="T24 to P50" source="T24" target="P50">
<graphics/>
<inscription>
<value>1</value>
<graphics/>
</inscription>
<tagged>
<value>false</value>
</tagged>
<arcpath id="000" x="977" y="724" curvePoint="false"/>
<arcpath id="001" x="1002" y="684" curvePoint="true"/>
<arcpath id="002" x="1067" y="608" curvePoint="false"/>
<type value="normal"/>
</arc>
<arc id="T25 to P14" source="T25" target="P14">
<graphics/>
<inscription>
<value>1</value>
<graphics/>
</inscription>
<tagged>
<value>false</value>
</tagged>
<arcpath id="000" x="976" y="558" curvePoint="false"/>
<arcpath id="001" x="1082" y="675" curvePoint="false"/>
<type value="normal"/>
</arc>
<arc id="T25 to P51" source="T25" target="P51">
<graphics/>
<inscription>
<value>1</value>
<graphics/>
</inscription>
<tagged>
<value>false</value>
</tagged>
<arcpath id="000" x="972" y="537" curvePoint="false"/>
<arcpath id="001" x="972" y="506" curvePoint="false"/>
<type value="normal"/>
</arc>
<arc id="T25 to P53" source="T25" target="P53">
<graphics/>
<inscription>
<value>1</value>
<graphics/>
</inscription>
<tagged>
<value>false</value>
</tagged>
<arcpath id="000" x="977" y="551" curvePoint="false"/>
<arcpath id="001" x="1015" y="560" curvePoint="true"/>
<arcpath id="002" x="1037" y="533" curvePoint="false"/>
<type value="normal"/>
</arc>
<arc id="T26 to P22" source="T26" target="P22">
<graphics/>
<inscription>
<value>1</value>
<graphics/>
</inscription>
<tagged>
<value>false</value>
</tagged>
<arcpath id="000" x="1036" y="903" curvePoint="false"/>
<arcpath id="001" x="1127" y="1020" curvePoint="false"/>
<type value="normal"/>
</arc>
<arc id="T26 to P52" source="T26" target="P52">
<graphics/>
<inscription>
<value>1</value>
<graphics/>
</inscription>
<tagged>
<value>false</value>
</tagged>
<arcpath id="000" x="1032" y="882" curvePoint="false"/>
<arcpath id="001" x="1032" y="851" curvePoint="false"/>
<type value="normal"/>
</arc>
<arc id="T26 to P54" source="T26" target="P54">
<graphics/>
<inscription>
<value>1</value>
<graphics/>
</inscription>
<tagged>
<value>false</value>
</tagged>
<arcpath id="000" x="1037" y="889" curvePoint="false"/>
<arcpath id="001" x="1074" y="869" curvePoint="true"/>
<arcpath id="002" x="1107" y="867" curvePoint="false"/>
<type value="normal"/>
</arc>
<arc id="T27 to P36" source="T27" target="P36">
<graphics/>
<inscription>
<value>1</value>
<graphics/>
</inscription>
<tagged>
<value>false</value>
</tagged>
<arcpath id="000" x="617" y="367" curvePoint="false"/>
<arcpath id="001" x="665" y="284" curvePoint="true"/>
<arcpath id="002" x="630" y="116" curvePoint="false"/>
<type value="normal"/>
</arc>
<arc id="T27 to P37" source="T27" target="P37">
<graphics/>
<inscription>
<value>1</value>
<graphics/>
</inscription>
<tagged>
<value>false</value>
</tagged>
<arcpath id="000" x="606" y="372" curvePoint="false"/>
<arcpath id="001" x="517" y="257" curvePoint="true"/>
<arcpath id="002" x="521" y="116" curvePoint="false"/>
<type value="normal"/>
</arc>
<arc id="T27 to P55" source="T27" target="P55">
<graphics/>
<inscription>
<value>1</value>
<graphics/>
</inscription>
<tagged>
<value>false</value>
</tagged>
<arcpath id="000" x="616" y="377" curvePoint="false"/>
<arcpath id="001" x="672" y="373" curvePoint="false"/>
<type value="normal"/>
</arc>
<arc id="T28 to P5" source="T28" target="P5">
<graphics/>
<inscription>
<value>1</value>
<graphics/>
</inscription>
<tagged>
<value>false</value>
</tagged>
<arcpath id="000" x="777" y="357" curvePoint="false"/>
<arcpath id="001" x="816" y="265" curvePoint="false"/>
<type value="normal"/>
</arc>
<arc id="T2 to P3" source="T2" target="P3">
<graphics/>
<inscription>
<value>1</value>
<graphics/>
</inscription>
<tagged>
<value>false</value>
</tagged>
<arcpath id="000" x="631" y="192" curvePoint="false"/>
<arcpath id="001" x="687" y="192" curvePoint="false"/>
<type value="normal"/>
</arc>
<arc id="T2 to P36" source="T2" target="P36">
<graphics/>
<inscription>
<value>1</value>
<graphics/>
</inscription>
<tagged>
<value>false</value>
</tagged>
<arcpath id="000" x="627" y="177" curvePoint="false"/>
<arcpath id="001" x="627" y="116" curvePoint="false"/>
<type value="normal"/>
</arc>
<arc id="T2 to P37" source="T2" target="P37">
<graphics/>
<inscription>
<value>1</value>
<graphics/>
</inscription>
<tagged>
<value>false</value>
</tagged>
<arcpath id="000" x="622" y="187" curvePoint="false"/>
<arcpath id="001" x="533" y="111" curvePoint="false"/>
<type value="normal"/>
</arc>
<arc id="T3 to P36" source="T3" target="P36">
<graphics/>
<inscription>
<value>1</value>
<graphics/>
</inscription>
<tagged>
<value>false</value>
</tagged>
<arcpath id="000" x="612" y="297" curvePoint="false"/>
<arcpath id="001" x="647" y="219" curvePoint="true"/>
<arcpath id="002" x="629" y="116" curvePoint="false"/>
<type value="normal"/>
</arc>
<arc id="T3 to P37" source="T3" target="P37">
<graphics/>
<inscription>
<value>1</value>
<graphics/>
</inscription>
<tagged>
<value>false</value>
</tagged>
<arcpath id="000" x="606" y="317" curvePoint="false"/>
<arcpath id="001" x="531" y="240" curvePoint="true"/>
<arcpath id="002" x="522" y="116" curvePoint="false"/>
<type value="normal"/>
</arc>
<arc id="T3 to P4" source="T3" target="P4">
<graphics/>
<inscription>
<value>1</value>
<graphics/>
</inscription>
<tagged>
<value>false</value>
</tagged>
<arcpath id="000" x="616" y="312" curvePoint="false"/>
<arcpath id="001" x="687" y="312" curvePoint="false"/>
<type value="normal"/>
</arc>
<arc id="T4 to P5" source="T4" target="P5">
<graphics/>
<inscription>
<value>1</value>
<graphics/>
</inscription>
<tagged>
<value>false</value>
</tagged>
<arcpath id="000" x="781" y="192" curvePoint="false"/>
<arcpath id="001" x="813" y="239" curvePoint="false"/>
<type value="normal"/>
</arc>
<arc id="T5 to P5" source="T5" target="P5">
<graphics/>
<inscription>
<value>1</value>
<graphics/>
</inscription>
<tagged>
<value>false</value>
</tagged>
<arcpath id="000" x="767" y="304" curvePoint="false"/>
<arcpath id="001" x="811" y="262" curvePoint="false"/>
<type value="normal"/>
</arc>
<arc id="T6 to P6" source="T6" target="P6">
<graphics/>
<inscription>
<value>1</value>
<graphics/>
</inscription>
<tagged>
<value>false</value>
</tagged>
<arcpath id="000" x="901" y="252" curvePoint="false"/>
<arcpath id="001" x="957" y="252" curvePoint="false"/>
<type value="normal"/>
</arc>
<arc id="T7 to P47" source="T7" target="P47">
<graphics/>
<inscription>
<value>1</value>
<graphics/>
</inscription>
<tagged>
<value>false</value>
</tagged>
<arcpath id="000" x="1047" y="237" curvePoint="false"/>
<arcpath id="001" x="1047" y="191" curvePoint="false"/>
<type value="normal"/>
</arc>
<arc id="T7 to P7" source="T7" target="P7">
<graphics/>
<inscription>
<value>1</value>
<graphics/>
</inscription>
<tagged>
<value>false</value>
</tagged>
<arcpath id="000" x="1051" y="252" curvePoint="false"/>
<arcpath id="001" x="1107" y="252" curvePoint="false"/>
<type value="normal"/>
</arc>
<arc id="T8 to P29" source="T8" target="P29">
<graphics/>
<inscription>
<value>1</value>
<graphics/>
</inscription>
<tagged>
<value>false</value>
</tagged>
<arcpath id="000" x="372" y="702" curvePoint="false"/>
<arcpath id="001" x="372" y="747" curvePoint="false"/>
<type value="normal"/>
</arc>
<arc id="T8 to P9" source="T8" target="P9">
<graphics/>
<inscription>
<value>1</value>
<graphics/>
</inscription>
<tagged>
<value>false</value>
</tagged>
<arcpath id="000" x="376" y="687" curvePoint="false"/>
<arcpath id="001" x="432" y="687" curvePoint="false"/>
<type value="normal"/>
</arc>
<arc id="T9 to P10" source="T9" target="P10">
<graphics/>
<inscription>
<value>1</value>
<graphics/>
</inscription>
<tagged>
<value>false</value>
</tagged>
<arcpath id="000" x="527" y="682" curvePoint="false"/>
<arcpath id="001" x="558" y="639" curvePoint="false"/>
<type value="normal"/>
</arc>
<arc id="T9 to P11" source="T9" target="P11">
<graphics/>
<inscription>
<value>1</value>
<graphics/>
</inscription>
<tagged>
<value>false</value>
</tagged>
<arcpath id="000" x="526" y="692" curvePoint="false"/>
<arcpath id="001" x="556" y="721" curvePoint="false"/>
<type value="normal"/>
</arc>
</net>
</pnml>
