<?xml version="1.0" encoding="iso-8859-1"?><pnml>
<net id="Net-One" type="P/T net">
<labels x="909" y="641" width="112" height="28" border="true">
<text>1*P22</text>
<finalMarings>true</finalMarings>
</labels>
<labels x="1350" y="72" width="110" height="26" border="true">
<text>1*P27</text>
<finalMarings>true</finalMarings>
</labels>
<labels x="909" y="187" width="112" height="28" border="true">
<text>1*P7</text>
<finalMarings>true</finalMarings>
</labels>
<labels x="255" y="178" width="127" height="42" border="true">
<text>Emergency Command Center</text>
<finalMarings>false</finalMarings>
</labels>
<labels x="246" y="642" width="112" height="28" border="true">
<text>Hospital</text>
<finalMarings>false</finalMarings>
</labels>
<labels x="1111" y="201" width="110" height="26" border="true">
<text>Media</text>
<finalMarings>false</finalMarings>
</labels>
<place id="P0">
<graphics>
<position x="255.0" y="240.0"/>
</graphics>
<name>
<value>P0</value>
<graphics>
<offset x="-5.0" y="35.0"/>
</graphics>
</name>
<msgPlace>false</msgPlace>
<resPlace>false</resPlace>
<initialMarking>
<value>1</value>
<graphics>
<offset x="0.0" y="0.0"/>
</graphics>
</initialMarking>
<capacity>
<value>0</value>
</capacity>
</place>
<place id="P1">
<graphics>
<position x="405.0" y="240.0"/>
</graphics>
<name>
<value>P1</value>
<graphics>
<offset x="-5.0" y="35.0"/>
</graphics>
</name>
<msgPlace>false</msgPlace>
<resPlace>false</resPlace>
<initialMarking>
<value>0</value>
<graphics>
<offset x="0.0" y="0.0"/>
</graphics>
</initialMarking>
<capacity>
<value>0</value>
</capacity>
</place>
<place id="P15">
<graphics>
<position x="300.0" y="690.0"/>
</graphics>
<name>
<value>P15</value>
<graphics>
<offset x="-5.0" y="35.0"/>
</graphics>
</name>
<msgPlace>false</msgPlace>
<resPlace>false</resPlace>
<initialMarking>
<value>1</value>
<graphics>
<offset x="0.0" y="0.0"/>
</graphics>
</initialMarking>
<capacity>
<value>0</value>
</capacity>
</place>
<place id="P16">
<graphics>
<position x="480.0" y="690.0"/>
</graphics>
<name>
<value>P16</value>
<graphics>
<offset x="-5.0" y="35.0"/>
</graphics>
</name>
<msgPlace>false</msgPlace>
<resPlace>false</resPlace>
<initialMarking>
<value>0</value>
<graphics>
<offset x="0.0" y="0.0"/>
</graphics>
</initialMarking>
<capacity>
<value>0</value>
</capacity>
</place>
<place id="P2">
<graphics>
<position x="555.0" y="240.0"/>
</graphics>
<name>
<value>P2</value>
<graphics>
<offset x="-5.0" y="35.0"/>
</graphics>
</name>
<msgPlace>false</msgPlace>
<resPlace>false</resPlace>
<initialMarking>
<value>0</value>
<graphics>
<offset x="0.0" y="0.0"/>
</graphics>
</initialMarking>
<capacity>
<value>0</value>
</capacity>
</place>
<place id="P21">
<graphics>
<position x="750.0" y="690.0"/>
</graphics>
<name>
<value>P21</value>
<graphics>
<offset x="-5.0" y="35.0"/>
</graphics>
</name>
<msgPlace>false</msgPlace>
<resPlace>false</resPlace>
<initialMarking>
<value>0</value>
<graphics>
<offset x="0.0" y="0.0"/>
</graphics>
</initialMarking>
<capacity>
<value>0</value>
</capacity>
</place>
<place id="P22">
<graphics>
<position x="885.0" y="690.0"/>
</graphics>
<name>
<value>P22</value>
<graphics>
<offset x="24.0" y="39.0"/>
</graphics>
</name>
<msgPlace>false</msgPlace>
<resPlace>false</resPlace>
<initialMarking>
<value>0</value>
<graphics>
<offset x="0.0" y="0.0"/>
</graphics>
</initialMarking>
<capacity>
<value>0</value>
</capacity>
</place>
<place id="P23">
<graphics>
<position x="1125.0" y="120.0"/>
</graphics>
<name>
<value>P23</value>
<graphics>
<offset x="-5.0" y="35.0"/>
</graphics>
</name>
<msgPlace>false</msgPlace>
<resPlace>false</resPlace>
<initialMarking>
<value>1</value>
<graphics>
<offset x="0.0" y="0.0"/>
</graphics>
</initialMarking>
<capacity>
<value>0</value>
</capacity>
</place>
<place id="P24">
<graphics>
<position x="480.0" y="300.0"/>
</graphics>
<name>
<value>hoptialDisposal</value>
<graphics>
<offset x="-5.0" y="35.0"/>
</graphics>
</name>
<msgPlace>true</msgPlace>
<resPlace>false</resPlace>
<initialMarking>
<value>0</value>
<graphics>
<offset x="0.0" y="0.0"/>
</graphics>
</initialMarking>
<capacity>
<value>0</value>
</capacity>
</place>
<place id="P25">
<graphics>
<position x="1260.0" y="120.0"/>
</graphics>
<name>
<value>P25</value>
<graphics>
<offset x="-5.0" y="35.0"/>
</graphics>
</name>
<msgPlace>false</msgPlace>
<resPlace>false</resPlace>
<initialMarking>
<value>0</value>
<graphics>
<offset x="0.0" y="0.0"/>
</graphics>
</initialMarking>
<capacity>
<value>0</value>
</capacity>
</place>
<place id="P26">
<graphics>
<position x="765.0" y="120.0"/>
</graphics>
<name>
<value>hpResPhone</value>
<graphics>
<offset x="112.0" y="-2.0"/>
</graphics>
</name>
<msgPlace>true</msgPlace>
<resPlace>false</resPlace>
<initialMarking>
<value>0</value>
<graphics>
<offset x="0.0" y="0.0"/>
</graphics>
</initialMarking>
<capacity>
<value>0</value>
</capacity>
</place>
<place id="P27">
<graphics>
<position x="1380.0" y="120.0"/>
</graphics>
<name>
<value>P27</value>
<graphics>
<offset x="-5.0" y="35.0"/>
</graphics>
</name>
<msgPlace>false</msgPlace>
<resPlace>false</resPlace>
<initialMarking>
<value>0</value>
<graphics>
<offset x="0.0" y="0.0"/>
</graphics>
</initialMarking>
<capacity>
<value>0</value>
</capacity>
</place>
<place id="P28">
<graphics>
<position x="765.0" y="375.0"/>
</graphics>
<name>
<value>hpResFax</value>
<graphics>
<offset x="96.0" y="24.0"/>
</graphics>
</name>
<msgPlace>true</msgPlace>
<resPlace>false</resPlace>
<initialMarking>
<value>0</value>
<graphics>
<offset x="0.0" y="0.0"/>
</graphics>
</initialMarking>
<capacity>
<value>0</value>
</capacity>
</place>
<place id="P29">
<graphics>
<position x="885.0" y="300.0"/>
</graphics>
<name>
<value>rescueInfo</value>
<graphics>
<offset x="-5.0" y="35.0"/>
</graphics>
</name>
<msgPlace>true</msgPlace>
<resPlace>false</resPlace>
<initialMarking>
<value>0</value>
<graphics>
<offset x="0.0" y="0.0"/>
</graphics>
</initialMarking>
<capacity>
<value>0</value>
</capacity>
</place>
<place id="P3">
<graphics>
<position x="690.0" y="180.0"/>
</graphics>
<name>
<value>P3</value>
<graphics>
<offset x="-5.0" y="35.0"/>
</graphics>
</name>
<msgPlace>false</msgPlace>
<resPlace>false</resPlace>
<initialMarking>
<value>0</value>
<graphics>
<offset x="0.0" y="0.0"/>
</graphics>
</initialMarking>
<capacity>
<value>0</value>
</capacity>
</place>
<place id="P30">
<graphics>
<position x="1200.0" y="45.0"/>
</graphics>
<name>
<value>rescueInfo</value>
<graphics>
<offset x="-5.0" y="35.0"/>
</graphics>
</name>
<msgPlace>true</msgPlace>
<resPlace>false</resPlace>
<initialMarking>
<value>0</value>
<graphics>
<offset x="0.0" y="0.0"/>
</graphics>
</initialMarking>
<capacity>
<value>0</value>
</capacity>
</place>
<place id="P32">
<graphics>
<position x="405.0" y="600.0"/>
</graphics>
<name>
<value>hoptialDisposal</value>
<graphics>
<offset x="-5.0" y="14.0"/>
</graphics>
</name>
<msgPlace>true</msgPlace>
<resPlace>false</resPlace>
<initialMarking>
<value>0</value>
<graphics>
<offset x="0.0" y="0.0"/>
</graphics>
</initialMarking>
<capacity>
<value>0</value>
</capacity>
</place>
<place id="P33">
<graphics>
<position x="405.0" y="765.0"/>
</graphics>
<name>
<value>ambulance</value>
<graphics>
<offset x="-5.0" y="35.0"/>
</graphics>
</name>
<msgPlace>false</msgPlace>
<resPlace>true</resPlace>
<initialMarking>
<value>1</value>
<graphics>
<offset x="0.0" y="0.0"/>
</graphics>
</initialMarking>
<capacity>
<value>0</value>
</capacity>
</place>
<place id="P34">
<graphics>
<position x="810.0" y="570.0"/>
</graphics>
<name>
<value>hpResPhone</value>
<graphics>
<offset x="-5.0" y="35.0"/>
</graphics>
</name>
<msgPlace>true</msgPlace>
<resPlace>false</resPlace>
<initialMarking>
<value>0</value>
<graphics>
<offset x="0.0" y="0.0"/>
</graphics>
</initialMarking>
<capacity>
<value>0</value>
</capacity>
</place>
<place id="P35">
<graphics>
<position x="765.0" y="825.0"/>
</graphics>
<name>
<value>hpResFax</value>
<graphics>
<offset x="-5.0" y="35.0"/>
</graphics>
</name>
<msgPlace>true</msgPlace>
<resPlace>false</resPlace>
<initialMarking>
<value>0</value>
<graphics>
<offset x="0.0" y="0.0"/>
</graphics>
</initialMarking>
<capacity>
<value>0</value>
</capacity>
</place>
<place id="P37">
<graphics>
<position x="615.0" y="120.0"/>
</graphics>
<name>
<value>reqHpRes</value>
<graphics>
<offset x="55.0" y="-12.0"/>
</graphics>
</name>
<msgPlace>true</msgPlace>
<resPlace>false</resPlace>
<initialMarking>
<value>0</value>
<graphics>
<offset x="0.0" y="0.0"/>
</graphics>
</initialMarking>
<capacity>
<value>0</value>
</capacity>
</place>
<place id="P39">
<graphics>
<position x="615.0" y="690.0"/>
</graphics>
<name>
<value>P39</value>
<graphics>
<offset x="-5.0" y="35.0"/>
</graphics>
</name>
<msgPlace>false</msgPlace>
<resPlace>false</resPlace>
<initialMarking>
<value>0</value>
<graphics>
<offset x="0.0" y="0.0"/>
</graphics>
</initialMarking>
<capacity>
<value>0</value>
</capacity>
</place>
<place id="P4">
<graphics>
<position x="690.0" y="315.0"/>
</graphics>
<name>
<value>P4</value>
<graphics>
<offset x="-5.0" y="35.0"/>
</graphics>
</name>
<msgPlace>false</msgPlace>
<resPlace>false</resPlace>
<initialMarking>
<value>0</value>
<graphics>
<offset x="0.0" y="0.0"/>
</graphics>
</initialMarking>
<capacity>
<value>0</value>
</capacity>
</place>
<place id="P41">
<graphics>
<position x="675.0" y="600.0"/>
</graphics>
<name>
<value>reqHpRes</value>
<graphics>
<offset x="-5.0" y="35.0"/>
</graphics>
</name>
<msgPlace>true</msgPlace>
<resPlace>false</resPlace>
<initialMarking>
<value>0</value>
<graphics>
<offset x="0.0" y="0.0"/>
</graphics>
</initialMarking>
<capacity>
<value>0</value>
</capacity>
</place>
<place id="P42">
<graphics>
<position x="840.0" y="825.0"/>
</graphics>
<name>
<value>fax</value>
<graphics>
<offset x="-5.0" y="35.0"/>
</graphics>
</name>
<msgPlace>false</msgPlace>
<resPlace>true</resPlace>
<initialMarking>
<value>0</value>
<graphics>
<offset x="0.0" y="0.0"/>
</graphics>
</initialMarking>
<capacity>
<value>0</value>
</capacity>
</place>
<place id="P5">
<graphics>
<position x="810.0" y="240.0"/>
</graphics>
<name>
<value>P5</value>
<graphics>
<offset x="28.0" y="44.0"/>
</graphics>
</name>
<msgPlace>false</msgPlace>
<resPlace>false</resPlace>
<initialMarking>
<value>0</value>
<graphics>
<offset x="0.0" y="0.0"/>
</graphics>
</initialMarking>
<capacity>
<value>0</value>
</capacity>
</place>
<place id="P7">
<graphics>
<position x="975.0" y="240.0"/>
</graphics>
<name>
<value>P7</value>
<graphics>
<offset x="-5.0" y="35.0"/>
</graphics>
</name>
<msgPlace>false</msgPlace>
<resPlace>false</resPlace>
<initialMarking>
<value>0</value>
<graphics>
<offset x="0.0" y="0.0"/>
</graphics>
</initialMarking>
<capacity>
<value>0</value>
</capacity>
</place>
<transition id="T0">
<graphics>
<position x="330.0" y="240.0"/>
</graphics>
<name>
<value>T0</value>
<graphics>
<offset x="-5.0" y="35.0"/>
</graphics>
</name>
<orientation>
<value>0</value>
</orientation>
<rate>
<value>1.0</value>
</rate>
<timed>
<value>false</value>
</timed>
<infiniteServer>
<value>false</value>
</infiniteServer>
<priority>
<value>1</value>
</priority>
</transition>
<transition id="T1">
<graphics>
<position x="480.0" y="240.0"/>
</graphics>
<name>
<value>T1</value>
<graphics>
<offset x="-5.0" y="35.0"/>
</graphics>
</name>
<orientation>
<value>0</value>
</orientation>
<rate>
<value>1.0</value>
</rate>
<timed>
<value>false</value>
</timed>
<infiniteServer>
<value>false</value>
</infiniteServer>
<priority>
<value>1</value>
</priority>
</transition>
<transition id="T12">
<graphics>
<position x="1200.0" y="120.0"/>
</graphics>
<name>
<value>T12</value>
<graphics>
<offset x="-5.0" y="35.0"/>
</graphics>
</name>
<orientation>
<value>0</value>
</orientation>
<rate>
<value>1.0</value>
</rate>
<timed>
<value>false</value>
</timed>
<infiniteServer>
<value>false</value>
</infiniteServer>
<priority>
<value>1</value>
</priority>
</transition>
<transition id="T13">
<graphics>
<position x="405.0" y="690.0"/>
</graphics>
<name>
<value>T13</value>
<graphics>
<offset x="-5.0" y="35.0"/>
</graphics>
</name>
<orientation>
<value>0</value>
</orientation>
<rate>
<value>1.0</value>
</rate>
<timed>
<value>false</value>
</timed>
<infiniteServer>
<value>false</value>
</infiniteServer>
<priority>
<value>1</value>
</priority>
</transition>
<transition id="T14">
<graphics>
<position x="555.0" y="690.0"/>
</graphics>
<name>
<value>T14</value>
<graphics>
<offset x="-5.0" y="35.0"/>
</graphics>
</name>
<orientation>
<value>0</value>
</orientation>
<rate>
<value>1.0</value>
</rate>
<timed>
<value>false</value>
</timed>
<infiniteServer>
<value>false</value>
</infiniteServer>
<priority>
<value>1</value>
</priority>
</transition>
<transition id="T15">
<graphics>
<position x="1320.0" y="120.0"/>
</graphics>
<name>
<value>coverage</value>
<graphics>
<offset x="42.0" y="51.0"/>
</graphics>
</name>
<orientation>
<value>0</value>
</orientation>
<rate>
<value>1.0</value>
</rate>
<timed>
<value>false</value>
</timed>
<infiniteServer>
<value>false</value>
</infiniteServer>
<priority>
<value>1</value>
</priority>
</transition>
<transition id="T16">
<graphics>
<position x="675.0" y="690.0"/>
</graphics>
<name>
<value>T16</value>
<graphics>
<offset x="-5.0" y="35.0"/>
</graphics>
</name>
<orientation>
<value>0</value>
</orientation>
<rate>
<value>1.0</value>
</rate>
<timed>
<value>false</value>
</timed>
<infiniteServer>
<value>false</value>
</infiniteServer>
<priority>
<value>1</value>
</priority>
</transition>
<transition id="T18">
<graphics>
<position x="810.0" y="645.0"/>
</graphics>
<name>
<value>T18</value>
<graphics>
<offset x="-5.0" y="18.0"/>
</graphics>
</name>
<orientation>
<value>0</value>
</orientation>
<rate>
<value>1.0</value>
</rate>
<timed>
<value>false</value>
</timed>
<infiniteServer>
<value>false</value>
</infiniteServer>
<priority>
<value>1</value>
</priority>
</transition>
<transition id="T19">
<graphics>
<position x="810.0" y="750.0"/>
</graphics>
<name>
<value>T19</value>
<graphics>
<offset x="-5.0" y="35.0"/>
</graphics>
</name>
<orientation>
<value>0</value>
</orientation>
<rate>
<value>1.0</value>
</rate>
<timed>
<value>false</value>
</timed>
<infiniteServer>
<value>false</value>
</infiniteServer>
<priority>
<value>1</value>
</priority>
</transition>
<transition id="T2">
<graphics>
<position x="615.0" y="180.0"/>
</graphics>
<name>
<value>T2</value>
<graphics>
<offset x="-6.0" y="14.0"/>
</graphics>
</name>
<orientation>
<value>0</value>
</orientation>
<rate>
<value>1.0</value>
</rate>
<timed>
<value>false</value>
</timed>
<infiniteServer>
<value>false</value>
</infiniteServer>
<priority>
<value>1</value>
</priority>
</transition>
<transition id="T3">
<graphics>
<position x="615.0" y="315.0"/>
</graphics>
<name>
<value>T3</value>
<graphics>
<offset x="-5.0" y="35.0"/>
</graphics>
</name>
<orientation>
<value>0</value>
</orientation>
<rate>
<value>1.0</value>
</rate>
<timed>
<value>false</value>
</timed>
<infiniteServer>
<value>false</value>
</infiniteServer>
<priority>
<value>1</value>
</priority>
</transition>
<transition id="T4">
<graphics>
<position x="765.0" y="180.0"/>
</graphics>
<name>
<value>T4</value>
<graphics>
<offset x="-5.0" y="35.0"/>
</graphics>
</name>
<orientation>
<value>0</value>
</orientation>
<rate>
<value>1.0</value>
</rate>
<timed>
<value>false</value>
</timed>
<infiniteServer>
<value>false</value>
</infiniteServer>
<priority>
<value>1</value>
</priority>
</transition>
<transition id="T5">
<graphics>
<position x="765.0" y="315.0"/>
</graphics>
<name>
<value>T5</value>
<graphics>
<offset x="-5.0" y="35.0"/>
</graphics>
</name>
<orientation>
<value>0</value>
</orientation>
<rate>
<value>1.0</value>
</rate>
<timed>
<value>false</value>
</timed>
<infiniteServer>
<value>false</value>
</infiniteServer>
<priority>
<value>1</value>
</priority>
</transition>
<transition id="T7">
<graphics>
<position x="885.0" y="240.0"/>
</graphics>
<name>
<value>reportRescue</value>
<graphics>
<offset x="61.0" y="-11.0"/>
</graphics>
</name>
<orientation>
<value>0</value>
</orientation>
<rate>
<value>1.0</value>
</rate>
<timed>
<value>false</value>
</timed>
<infiniteServer>
<value>false</value>
</infiniteServer>
<priority>
<value>1</value>
</priority>
</transition>
<arc id="P0 to T0" source="P0" target="T0">
<graphics/>
<inscription>
<value>1</value>
<graphics/>
</inscription>
<tagged>
<value>false</value>
</tagged>
<arcpath id="000" x="281" y="252" curvePoint="false"/>
<arcpath id="001" x="336" y="252" curvePoint="false"/>
<type value="normal"/>
</arc>
<arc id="P15 to T13" source="P15" target="T13">
<graphics/>
<inscription>
<value>1</value>
<graphics/>
</inscription>
<tagged>
<value>false</value>
</tagged>
<arcpath id="000" x="326" y="702" curvePoint="false"/>
<arcpath id="001" x="411" y="702" curvePoint="false"/>
<type value="normal"/>
</arc>
<arc id="P16 to T14" source="P16" target="T14">
<graphics/>
<inscription>
<value>1</value>
<graphics/>
</inscription>
<tagged>
<value>false</value>
</tagged>
<arcpath id="000" x="506" y="702" curvePoint="false"/>
<arcpath id="001" x="561" y="702" curvePoint="false"/>
<type value="normal"/>
</arc>
<arc id="P1 to T1" source="P1" target="T1">
<graphics/>
<inscription>
<value>1</value>
<graphics/>
</inscription>
<tagged>
<value>false</value>
</tagged>
<arcpath id="000" x="431" y="252" curvePoint="false"/>
<arcpath id="001" x="486" y="252" curvePoint="false"/>
<type value="normal"/>
</arc>
<arc id="P21 to T18" source="P21" target="T18">
<graphics/>
<inscription>
<value>1</value>
<graphics/>
</inscription>
<tagged>
<value>false</value>
</tagged>
<arcpath id="000" x="773" y="692" curvePoint="false"/>
<arcpath id="001" x="816" y="657" curvePoint="false"/>
<type value="normal"/>
</arc>
<arc id="P21 to T19" source="P21" target="T19">
<graphics/>
<inscription>
<value>1</value>
<graphics/>
</inscription>
<tagged>
<value>false</value>
</tagged>
<arcpath id="000" x="772" y="713" curvePoint="false"/>
<arcpath id="001" x="817" y="757" curvePoint="false"/>
<type value="normal"/>
</arc>
<arc id="P23 to T12" source="P23" target="T12">
<graphics/>
<inscription>
<value>1</value>
<graphics/>
</inscription>
<tagged>
<value>false</value>
</tagged>
<arcpath id="000" x="1151" y="132" curvePoint="false"/>
<arcpath id="001" x="1206" y="132" curvePoint="false"/>
<type value="normal"/>
</arc>
<arc id="P25 to T15" source="P25" target="T15">
<graphics/>
<inscription>
<value>1</value>
<graphics/>
</inscription>
<tagged>
<value>false</value>
</tagged>
<arcpath id="000" x="1286" y="132" curvePoint="false"/>
<arcpath id="001" x="1326" y="132" curvePoint="false"/>
<type value="normal"/>
</arc>
<arc id="P26 to T4" source="P26" target="T4">
<graphics/>
<inscription>
<value>1</value>
<graphics/>
</inscription>
<tagged>
<value>false</value>
</tagged>
<arcpath id="000" x="777" y="146" curvePoint="false"/>
<arcpath id="001" x="777" y="177" curvePoint="false"/>
<type value="normal"/>
</arc>
<arc id="P28 to T5" source="P28" target="T5">
<graphics/>
<inscription>
<value>1</value>
<graphics/>
</inscription>
<tagged>
<value>false</value>
</tagged>
<arcpath id="000" x="777" y="372" curvePoint="false"/>
<arcpath id="001" x="777" y="342" curvePoint="false"/>
<type value="normal"/>
</arc>
<arc id="P2 to T2" source="P2" target="T2">
<graphics/>
<inscription>
<value>1</value>
<graphics/>
</inscription>
<tagged>
<value>false</value>
</tagged>
<arcpath id="000" x="577" y="240" curvePoint="false"/>
<arcpath id="001" x="621" y="192" curvePoint="false"/>
<type value="normal"/>
</arc>
<arc id="P2 to T3" source="P2" target="T3">
<graphics/>
<inscription>
<value>1</value>
<graphics/>
</inscription>
<tagged>
<value>false</value>
</tagged>
<arcpath id="000" x="575" y="264" curvePoint="false"/>
<arcpath id="001" x="621" y="327" curvePoint="false"/>
<type value="normal"/>
</arc>
<arc id="P30 to T12" source="P30" target="T12">
<graphics/>
<inscription>
<value>1</value>
<graphics/>
</inscription>
<tagged>
<value>false</value>
</tagged>
<arcpath id="000" x="1212" y="71" curvePoint="false"/>
<arcpath id="001" x="1212" y="117" curvePoint="false"/>
<type value="normal"/>
</arc>
<arc id="P32 to T13" source="P32" target="T13">
<graphics/>
<inscription>
<value>1</value>
<graphics/>
</inscription>
<tagged>
<value>false</value>
</tagged>
<arcpath id="000" x="417" y="626" curvePoint="false"/>
<arcpath id="001" x="417" y="687" curvePoint="false"/>
<type value="normal"/>
</arc>
<arc id="P33 to T13" source="P33" target="T13">
<graphics/>
<inscription>
<value>1</value>
<graphics/>
</inscription>
<tagged>
<value>false</value>
</tagged>
<arcpath id="000" x="417" y="762" curvePoint="false"/>
<arcpath id="001" x="417" y="717" curvePoint="false"/>
<type value="normal"/>
</arc>
<arc id="P39 to T16" source="P39" target="T16">
<graphics/>
<inscription>
<value>1</value>
<graphics/>
</inscription>
<tagged>
<value>false</value>
</tagged>
<arcpath id="000" x="641" y="702" curvePoint="false"/>
<arcpath id="001" x="681" y="702" curvePoint="false"/>
<type value="normal"/>
</arc>
<arc id="P3 to T4" source="P3" target="T4">
<graphics/>
<inscription>
<value>1</value>
<graphics/>
</inscription>
<tagged>
<value>false</value>
</tagged>
<arcpath id="000" x="716" y="192" curvePoint="false"/>
<arcpath id="001" x="771" y="192" curvePoint="false"/>
<type value="normal"/>
</arc>
<arc id="P41 to T16" source="P41" target="T16">
<graphics/>
<inscription>
<value>1</value>
<graphics/>
</inscription>
<tagged>
<value>false</value>
</tagged>
<arcpath id="000" x="687" y="626" curvePoint="false"/>
<arcpath id="001" x="687" y="687" curvePoint="false"/>
<type value="normal"/>
</arc>
<arc id="P42 to T19" source="P42" target="T19">
<graphics/>
<inscription>
<value>1</value>
<graphics/>
</inscription>
<tagged>
<value>false</value>
</tagged>
<arcpath id="000" x="858" y="823" curvePoint="false"/>
<arcpath id="001" x="857" y="792" curvePoint="true"/>
<arcpath id="002" x="826" y="767" curvePoint="false"/>
<type value="normal"/>
</arc>
<arc id="P4 to T5" source="P4" target="T5">
<graphics/>
<inscription>
<value>1</value>
<graphics/>
</inscription>
<tagged>
<value>false</value>
</tagged>
<arcpath id="000" x="716" y="327" curvePoint="false"/>
<arcpath id="001" x="771" y="327" curvePoint="false"/>
<type value="normal"/>
</arc>
<arc id="P5 to T7" source="P5" target="T7">
<graphics/>
<inscription>
<value>1</value>
<graphics/>
</inscription>
<tagged>
<value>false</value>
</tagged>
<arcpath id="000" x="836" y="252" curvePoint="false"/>
<arcpath id="001" x="891" y="252" curvePoint="false"/>
<type value="normal"/>
</arc>
<arc id="T0 to P1" source="T0" target="P1">
<graphics/>
<inscription>
<value>1</value>
<graphics/>
</inscription>
<tagged>
<value>false</value>
</tagged>
<arcpath id="000" x="346" y="252" curvePoint="false"/>
<arcpath id="001" x="402" y="252" curvePoint="false"/>
<type value="normal"/>
</arc>
<arc id="T12 to P25" source="T12" target="P25">
<graphics/>
<inscription>
<value>1</value>
<graphics/>
</inscription>
<tagged>
<value>false</value>
</tagged>
<arcpath id="000" x="1216" y="132" curvePoint="false"/>
<arcpath id="001" x="1257" y="132" curvePoint="false"/>
<type value="normal"/>
</arc>
<arc id="T13 to P16" source="T13" target="P16">
<graphics/>
<inscription>
<value>1</value>
<graphics/>
</inscription>
<tagged>
<value>false</value>
</tagged>
<arcpath id="000" x="421" y="702" curvePoint="false"/>
<arcpath id="001" x="477" y="702" curvePoint="false"/>
<type value="normal"/>
</arc>
<arc id="T13 to P33" source="T13" target="P33">
<graphics/>
<inscription>
<value>1</value>
<graphics/>
</inscription>
<tagged>
<value>false</value>
</tagged>
<arcpath id="000" x="417" y="717" curvePoint="false"/>
<arcpath id="001" x="417" y="762" curvePoint="false"/>
<type value="normal"/>
</arc>
<arc id="T14 to P39" source="T14" target="P39">
<graphics/>
<inscription>
<value>1</value>
<graphics/>
</inscription>
<tagged>
<value>false</value>
</tagged>
<arcpath id="000" x="571" y="702" curvePoint="false"/>
<arcpath id="001" x="612" y="702" curvePoint="false"/>
<type value="normal"/>
</arc>
<arc id="T15 to P27" source="T15" target="P27">
<graphics/>
<inscription>
<value>1</value>
<graphics/>
</inscription>
<tagged>
<value>false</value>
</tagged>
<arcpath id="000" x="1336" y="132" curvePoint="false"/>
<arcpath id="001" x="1377" y="132" curvePoint="false"/>
<type value="normal"/>
</arc>
<arc id="T16 to P21" source="T16" target="P21">
<graphics/>
<inscription>
<value>1</value>
<graphics/>
</inscription>
<tagged>
<value>false</value>
</tagged>
<arcpath id="000" x="691" y="702" curvePoint="false"/>
<arcpath id="001" x="747" y="702" curvePoint="false"/>
<type value="normal"/>
</arc>
<arc id="T18 to P22" source="T18" target="P22">
<graphics/>
<inscription>
<value>1</value>
<graphics/>
</inscription>
<tagged>
<value>false</value>
</tagged>
<arcpath id="000" x="826" y="657" curvePoint="false"/>
<arcpath id="001" x="884" y="693" curvePoint="false"/>
<type value="normal"/>
</arc>
<arc id="T18 to P34" source="T18" target="P34">
<graphics/>
<inscription>
<value>1</value>
<graphics/>
</inscription>
<tagged>
<value>false</value>
</tagged>
<arcpath id="000" x="822" y="642" curvePoint="false"/>
<arcpath id="001" x="822" y="596" curvePoint="false"/>
<type value="normal"/>
</arc>
<arc id="T19 to P22" source="T19" target="P22">
<graphics/>
<inscription>
<value>1</value>
<graphics/>
</inscription>
<tagged>
<value>false</value>
</tagged>
<arcpath id="000" x="827" y="757" curvePoint="false"/>
<arcpath id="001" x="885" y="711" curvePoint="false"/>
<type value="normal"/>
</arc>
<arc id="T19 to P35" source="T19" target="P35">
<graphics/>
<inscription>
<value>1</value>
<graphics/>
</inscription>
<tagged>
<value>false</value>
</tagged>
<arcpath id="000" x="816" y="767" curvePoint="false"/>
<arcpath id="001" x="784" y="823" curvePoint="false"/>
<type value="normal"/>
</arc>
<arc id="T19 to P42" source="T19" target="P42">
<graphics/>
<inscription>
<value>1</value>
<graphics/>
</inscription>
<tagged>
<value>false</value>
</tagged>
<arcpath id="000" x="822" y="777" curvePoint="false"/>
<arcpath id="001" x="821" y="817" curvePoint="true"/>
<arcpath id="002" x="839" y="828" curvePoint="false"/>
<type value="normal"/>
</arc>
<arc id="T1 to P2" source="T1" target="P2">
<graphics/>
<inscription>
<value>1</value>
<graphics/>
</inscription>
<tagged>
<value>false</value>
</tagged>
<arcpath id="000" x="496" y="252" curvePoint="false"/>
<arcpath id="001" x="552" y="252" curvePoint="false"/>
<type value="normal"/>
</arc>
<arc id="T1 to P24" source="T1" target="P24">
<graphics/>
<inscription>
<value>1</value>
<graphics/>
</inscription>
<tagged>
<value>false</value>
</tagged>
<arcpath id="000" x="492" y="267" curvePoint="false"/>
<arcpath id="001" x="492" y="297" curvePoint="false"/>
<type value="normal"/>
</arc>
<arc id="T2 to P3" source="T2" target="P3">
<graphics/>
<inscription>
<value>1</value>
<graphics/>
</inscription>
<tagged>
<value>false</value>
</tagged>
<arcpath id="000" x="631" y="192" curvePoint="false"/>
<arcpath id="001" x="687" y="192" curvePoint="false"/>
<type value="normal"/>
</arc>
<arc id="T2 to P37" source="T2" target="P37">
<graphics/>
<inscription>
<value>1</value>
<graphics/>
</inscription>
<tagged>
<value>false</value>
</tagged>
<arcpath id="000" x="627" y="177" curvePoint="false"/>
<arcpath id="001" x="627" y="146" curvePoint="false"/>
<type value="normal"/>
</arc>
<arc id="T3 to P37" source="T3" target="P37">
<graphics/>
<inscription>
<value>1</value>
<graphics/>
</inscription>
<tagged>
<value>false</value>
</tagged>
<arcpath id="000" x="627" y="312" curvePoint="false"/>
<arcpath id="001" x="665" y="260" curvePoint="true"/>
<arcpath id="002" x="631" y="146" curvePoint="false"/>
<type value="normal"/>
</arc>
<arc id="T3 to P4" source="T3" target="P4">
<graphics/>
<inscription>
<value>1</value>
<graphics/>
</inscription>
<tagged>
<value>false</value>
</tagged>
<arcpath id="000" x="631" y="327" curvePoint="false"/>
<arcpath id="001" x="687" y="327" curvePoint="false"/>
<type value="normal"/>
</arc>
<arc id="T4 to P5" source="T4" target="P5">
<graphics/>
<inscription>
<value>1</value>
<graphics/>
</inscription>
<tagged>
<value>false</value>
</tagged>
<arcpath id="000" x="781" y="192" curvePoint="false"/>
<arcpath id="001" x="813" y="239" curvePoint="false"/>
<type value="normal"/>
</arc>
<arc id="T5 to P5" source="T5" target="P5">
<graphics/>
<inscription>
<value>1</value>
<graphics/>
</inscription>
<tagged>
<value>false</value>
</tagged>
<arcpath id="000" x="781" y="327" curvePoint="false"/>
<arcpath id="001" x="814" y="265" curvePoint="false"/>
<type value="normal"/>
</arc>
<arc id="T7 to P29" source="T7" target="P29">
<graphics/>
<inscription>
<value>1</value>
<graphics/>
</inscription>
<tagged>
<value>false</value>
</tagged>
<arcpath id="000" x="897" y="267" curvePoint="false"/>
<arcpath id="001" x="897" y="297" curvePoint="false"/>
<type value="normal"/>
</arc>
<arc id="T7 to P7" source="T7" target="P7">
<graphics/>
<inscription>
<value>1</value>
<graphics/>
</inscription>
<tagged>
<value>false</value>
</tagged>
<arcpath id="000" x="901" y="252" curvePoint="false"/>
<arcpath id="001" x="972" y="252" curvePoint="false"/>
<type value="normal"/>
</arc>
</net>
</pnml>
