<?xml version="1.0" encoding="iso-8859-1"?><pnml>
<net id="Net-One" type="P/T net">
<labels x="995" y="79" width="112" height="28" border="true">
<text>1*P12</text>
<finalMarings>true</finalMarings>
</labels>
<labels x="1100" y="577" width="112" height="28" border="true">
<text>1*P23</text>
<finalMarings>true</finalMarings>
</labels>
<labels x="703" y="1034" width="112" height="28" border="true">
<text>1*P31</text>
<finalMarings>true</finalMarings>
</labels>
<labels x="1046" y="1399" width="112" height="28" border="true">
<text>1*P42</text>
<finalMarings>true</finalMarings>
</labels>
<labels x="1226" y="1950" width="112" height="28" border="true">
<text>1*P69</text>
<finalMarings>true</finalMarings>
</labels>
<labels x="38" y="578" width="112" height="40" border="true">
<text>Emergency Command Center</text>
<finalMarings>false</finalMarings>
</labels>
<labels x="37" y="1013" width="157" height="41" border="true">
<text>Explosive Ordnance Disposal Team</text>
<finalMarings>false</finalMarings>
</labels>
<labels x="88" y="1463" width="112" height="24" border="true">
<text>Fire Brigade</text>
<finalMarings>false</finalMarings>
</labels>
<labels x="37" y="1823" width="112" height="24" border="true">
<text>Hospital</text>
<finalMarings>false</finalMarings>
</labels>
<labels x="38" y="211" width="112" height="24" border="true">
<text>Police Station</text>
<finalMarings>false</finalMarings>
</labels>
<place id="P0">
<graphics>
<position x="90.0" y="120.0"/>
</graphics>
<name>
<value>P0</value>
<graphics>
<offset x="-5.0" y="35.0"/>
</graphics>
</name>
<msgPlace>false</msgPlace>
<resPlace>false</resPlace>
<initialMarking>
<value>1</value>
<graphics>
<offset x="0.0" y="0.0"/>
</graphics>
</initialMarking>
<capacity>
<value>0</value>
</capacity>
</place>
<place id="P1">
<graphics>
<position x="240.0" y="120.0"/>
</graphics>
<name>
<value>P1</value>
<graphics>
<offset x="-5.0" y="35.0"/>
</graphics>
</name>
<msgPlace>false</msgPlace>
<resPlace>false</resPlace>
<initialMarking>
<value>0</value>
<graphics>
<offset x="0.0" y="0.0"/>
</graphics>
</initialMarking>
<capacity>
<value>0</value>
</capacity>
</place>
<place id="P10">
<graphics>
<position x="825.0" y="210.0"/>
</graphics>
<name>
<value>siteCond</value>
<graphics>
<offset x="36.0" y="47.0"/>
</graphics>
</name>
<msgPlace>true</msgPlace>
<resPlace>false</resPlace>
<initialMarking>
<value>0</value>
<graphics>
<offset x="0.0" y="0.0"/>
</graphics>
</initialMarking>
<capacity>
<value>0</value>
</capacity>
</place>
<place id="P11">
<graphics>
<position x="915.0" y="120.0"/>
</graphics>
<name>
<value>P11</value>
<graphics>
<offset x="-5.0" y="35.0"/>
</graphics>
</name>
<msgPlace>false</msgPlace>
<resPlace>false</resPlace>
<initialMarking>
<value>0</value>
<graphics>
<offset x="0.0" y="0.0"/>
</graphics>
</initialMarking>
<capacity>
<value>0</value>
</capacity>
</place>
<place id="P12">
<graphics>
<position x="1065.0" y="120.0"/>
</graphics>
<name>
<value>P12</value>
<graphics>
<offset x="-5.0" y="35.0"/>
</graphics>
</name>
<msgPlace>false</msgPlace>
<resPlace>false</resPlace>
<initialMarking>
<value>0</value>
<graphics>
<offset x="0.0" y="0.0"/>
</graphics>
</initialMarking>
<capacity>
<value>0</value>
</capacity>
</place>
<place id="P13">
<graphics>
<position x="105.0" y="645.0"/>
</graphics>
<name>
<value>P13</value>
<graphics>
<offset x="-5.0" y="35.0"/>
</graphics>
</name>
<msgPlace>false</msgPlace>
<resPlace>false</resPlace>
<initialMarking>
<value>1</value>
<graphics>
<offset x="0.0" y="0.0"/>
</graphics>
</initialMarking>
<capacity>
<value>0</value>
</capacity>
</place>
<place id="P14">
<graphics>
<position x="255.0" y="645.0"/>
</graphics>
<name>
<value>P14</value>
<graphics>
<offset x="-5.0" y="35.0"/>
</graphics>
</name>
<msgPlace>false</msgPlace>
<resPlace>false</resPlace>
<initialMarking>
<value>0</value>
<graphics>
<offset x="0.0" y="0.0"/>
</graphics>
</initialMarking>
<capacity>
<value>0</value>
</capacity>
</place>
<place id="P15">
<graphics>
<position x="180.0" y="570.0"/>
</graphics>
<name>
<value>emeInfo</value>
<graphics>
<offset x="33.0" y="-13.0"/>
</graphics>
</name>
<msgPlace>true</msgPlace>
<resPlace>false</resPlace>
<initialMarking>
<value>0</value>
<graphics>
<offset x="0.0" y="0.0"/>
</graphics>
</initialMarking>
<capacity>
<value>0</value>
</capacity>
</place>
<place id="P16">
<graphics>
<position x="450.0" y="645.0"/>
</graphics>
<name>
<value>P16</value>
<graphics>
<offset x="-5.0" y="35.0"/>
</graphics>
</name>
<msgPlace>false</msgPlace>
<resPlace>false</resPlace>
<initialMarking>
<value>0</value>
<graphics>
<offset x="0.0" y="0.0"/>
</graphics>
</initialMarking>
<capacity>
<value>0</value>
</capacity>
</place>
<place id="P17">
<graphics>
<position x="270.0" y="735.0"/>
</graphics>
<name>
<value>seaEODIns</value>
<graphics>
<offset x="45.0" y="43.0"/>
</graphics>
</name>
<msgPlace>true</msgPlace>
<resPlace>false</resPlace>
<initialMarking>
<value>0</value>
<graphics>
<offset x="0.0" y="0.0"/>
</graphics>
</initialMarking>
<capacity>
<value>0</value>
</capacity>
</place>
<place id="P18">
<graphics>
<position x="345.0" y="735.0"/>
</graphics>
<name>
<value>fireResIns</value>
<graphics>
<offset x="46.0" y="47.0"/>
</graphics>
</name>
<msgPlace>true</msgPlace>
<resPlace>false</resPlace>
<initialMarking>
<value>0</value>
<graphics>
<offset x="0.0" y="0.0"/>
</graphics>
</initialMarking>
<capacity>
<value>0</value>
</capacity>
</place>
<place id="P19">
<graphics>
<position x="420.0" y="735.0"/>
</graphics>
<name>
<value>medResIns</value>
<graphics>
<offset x="61.0" y="41.0"/>
</graphics>
</name>
<msgPlace>true</msgPlace>
<resPlace>false</resPlace>
<initialMarking>
<value>0</value>
<graphics>
<offset x="0.0" y="0.0"/>
</graphics>
</initialMarking>
<capacity>
<value>0</value>
</capacity>
</place>
<place id="P2">
<graphics>
<position x="405.0" y="120.0"/>
</graphics>
<name>
<value>P2</value>
<graphics>
<offset x="-5.0" y="35.0"/>
</graphics>
</name>
<msgPlace>false</msgPlace>
<resPlace>false</resPlace>
<initialMarking>
<value>0</value>
<graphics>
<offset x="0.0" y="0.0"/>
</graphics>
</initialMarking>
<capacity>
<value>0</value>
</capacity>
</place>
<place id="P20">
<graphics>
<position x="615.0" y="645.0"/>
</graphics>
<name>
<value>P20</value>
<graphics>
<offset x="-5.0" y="35.0"/>
</graphics>
</name>
<msgPlace>false</msgPlace>
<resPlace>false</resPlace>
<initialMarking>
<value>0</value>
<graphics>
<offset x="0.0" y="0.0"/>
</graphics>
</initialMarking>
<capacity>
<value>0</value>
</capacity>
</place>
<place id="P21">
<graphics>
<position x="795.0" y="645.0"/>
</graphics>
<name>
<value>P21</value>
<graphics>
<offset x="-5.0" y="35.0"/>
</graphics>
</name>
<msgPlace>false</msgPlace>
<resPlace>false</resPlace>
<initialMarking>
<value>0</value>
<graphics>
<offset x="0.0" y="0.0"/>
</graphics>
</initialMarking>
<capacity>
<value>0</value>
</capacity>
</place>
<place id="P22">
<graphics>
<position x="960.0" y="645.0"/>
</graphics>
<name>
<value>P22</value>
<graphics>
<offset x="-5.0" y="35.0"/>
</graphics>
</name>
<msgPlace>false</msgPlace>
<resPlace>false</resPlace>
<initialMarking>
<value>0</value>
<graphics>
<offset x="0.0" y="0.0"/>
</graphics>
</initialMarking>
<capacity>
<value>0</value>
</capacity>
</place>
<place id="P23">
<graphics>
<position x="1125.0" y="645.0"/>
</graphics>
<name>
<value>P23</value>
<graphics>
<offset x="-5.0" y="35.0"/>
</graphics>
</name>
<msgPlace>false</msgPlace>
<resPlace>false</resPlace>
<initialMarking>
<value>0</value>
<graphics>
<offset x="0.0" y="0.0"/>
</graphics>
</initialMarking>
<capacity>
<value>0</value>
</capacity>
</place>
<place id="P24">
<graphics>
<position x="465.0" y="570.0"/>
</graphics>
<name>
<value>EODSeaRes</value>
<graphics>
<offset x="52.0" y="43.0"/>
</graphics>
</name>
<msgPlace>true</msgPlace>
<resPlace>false</resPlace>
<initialMarking>
<value>0</value>
<graphics>
<offset x="0.0" y="0.0"/>
</graphics>
</initialMarking>
<capacity>
<value>0</value>
</capacity>
</place>
<place id="P25">
<graphics>
<position x="615.0" y="570.0"/>
</graphics>
<name>
<value>fireResRes</value>
<graphics>
<offset x="62.0" y="40.0"/>
</graphics>
</name>
<msgPlace>true</msgPlace>
<resPlace>false</resPlace>
<initialMarking>
<value>0</value>
<graphics>
<offset x="0.0" y="0.0"/>
</graphics>
</initialMarking>
<capacity>
<value>0</value>
</capacity>
</place>
<place id="P26">
<graphics>
<position x="345.0" y="555.0"/>
</graphics>
<name>
<value>siteCond</value>
<graphics>
<offset x="48.0" y="-17.0"/>
</graphics>
</name>
<msgPlace>true</msgPlace>
<resPlace>false</resPlace>
<initialMarking>
<value>0</value>
<graphics>
<offset x="0.0" y="0.0"/>
</graphics>
</initialMarking>
<capacity>
<value>0</value>
</capacity>
</place>
<place id="P27">
<graphics>
<position x="135.0" y="1080.0"/>
</graphics>
<name>
<value>P27</value>
<graphics>
<offset x="-5.0" y="35.0"/>
</graphics>
</name>
<msgPlace>false</msgPlace>
<resPlace>false</resPlace>
<initialMarking>
<value>1</value>
<graphics>
<offset x="0.0" y="0.0"/>
</graphics>
</initialMarking>
<capacity>
<value>0</value>
</capacity>
</place>
<place id="P28">
<graphics>
<position x="225.0" y="1005.0"/>
</graphics>
<name>
<value>seaEODIns</value>
<graphics>
<offset x="93.0" y="28.0"/>
</graphics>
</name>
<msgPlace>true</msgPlace>
<resPlace>false</resPlace>
<initialMarking>
<value>0</value>
<graphics>
<offset x="0.0" y="0.0"/>
</graphics>
</initialMarking>
<capacity>
<value>0</value>
</capacity>
</place>
<place id="P29">
<graphics>
<position x="315.0" y="1080.0"/>
</graphics>
<name>
<value>P29</value>
<graphics>
<offset x="-5.0" y="35.0"/>
</graphics>
</name>
<msgPlace>false</msgPlace>
<resPlace>false</resPlace>
<initialMarking>
<value>0</value>
<graphics>
<offset x="0.0" y="0.0"/>
</graphics>
</initialMarking>
<capacity>
<value>0</value>
</capacity>
</place>
<place id="P3">
<graphics>
<position x="315.0" y="195.0"/>
</graphics>
<name>
<value>emeInfo</value>
<graphics>
<offset x="-5.0" y="35.0"/>
</graphics>
</name>
<msgPlace>true</msgPlace>
<resPlace>false</resPlace>
<initialMarking>
<value>0</value>
<graphics>
<offset x="0.0" y="0.0"/>
</graphics>
</initialMarking>
<capacity>
<value>0</value>
</capacity>
</place>
<place id="P30">
<graphics>
<position x="495.0" y="1080.0"/>
</graphics>
<name>
<value>P30</value>
<graphics>
<offset x="-5.0" y="35.0"/>
</graphics>
</name>
<msgPlace>false</msgPlace>
<resPlace>false</resPlace>
<initialMarking>
<value>0</value>
<graphics>
<offset x="0.0" y="0.0"/>
</graphics>
</initialMarking>
<capacity>
<value>0</value>
</capacity>
</place>
<place id="P31">
<graphics>
<position x="690.0" y="1080.0"/>
</graphics>
<name>
<value>P31</value>
<graphics>
<offset x="-5.0" y="35.0"/>
</graphics>
</name>
<msgPlace>false</msgPlace>
<resPlace>false</resPlace>
<initialMarking>
<value>0</value>
<graphics>
<offset x="0.0" y="0.0"/>
</graphics>
</initialMarking>
<capacity>
<value>0</value>
</capacity>
</place>
<place id="P32">
<graphics>
<position x="600.0" y="1005.0"/>
</graphics>
<name>
<value>EODSeaRes</value>
<graphics>
<offset x="-5.0" y="35.0"/>
</graphics>
</name>
<msgPlace>true</msgPlace>
<resPlace>false</resPlace>
<initialMarking>
<value>0</value>
<graphics>
<offset x="0.0" y="0.0"/>
</graphics>
</initialMarking>
<capacity>
<value>0</value>
</capacity>
</place>
<place id="P33">
<graphics>
<position x="240.0" y="1455.0"/>
</graphics>
<name>
<value>P33</value>
<graphics>
<offset x="-5.0" y="35.0"/>
</graphics>
</name>
<msgPlace>false</msgPlace>
<resPlace>false</resPlace>
<initialMarking>
<value>1</value>
<graphics>
<offset x="0.0" y="0.0"/>
</graphics>
</initialMarking>
<capacity>
<value>0</value>
</capacity>
</place>
<place id="P34">
<graphics>
<position x="315.0" y="1380.0"/>
</graphics>
<name>
<value>fireResIns</value>
<graphics>
<offset x="-5.0" y="35.0"/>
</graphics>
</name>
<msgPlace>true</msgPlace>
<resPlace>false</resPlace>
<initialMarking>
<value>0</value>
<graphics>
<offset x="0.0" y="0.0"/>
</graphics>
</initialMarking>
<capacity>
<value>0</value>
</capacity>
</place>
<place id="P35">
<graphics>
<position x="390.0" y="1455.0"/>
</graphics>
<name>
<value>P35</value>
<graphics>
<offset x="-5.0" y="35.0"/>
</graphics>
</name>
<msgPlace>false</msgPlace>
<resPlace>false</resPlace>
<initialMarking>
<value>0</value>
<graphics>
<offset x="0.0" y="0.0"/>
</graphics>
</initialMarking>
<capacity>
<value>0</value>
</capacity>
</place>
<place id="P36">
<graphics>
<position x="525.0" y="1395.0"/>
</graphics>
<name>
<value>P36</value>
<graphics>
<offset x="-6.0" y="21.0"/>
</graphics>
</name>
<msgPlace>false</msgPlace>
<resPlace>false</resPlace>
<initialMarking>
<value>0</value>
<graphics>
<offset x="0.0" y="0.0"/>
</graphics>
</initialMarking>
<capacity>
<value>0</value>
</capacity>
</place>
<place id="P37">
<graphics>
<position x="525.0" y="1515.0"/>
</graphics>
<name>
<value>P37</value>
<graphics>
<offset x="-5.0" y="35.0"/>
</graphics>
</name>
<msgPlace>false</msgPlace>
<resPlace>false</resPlace>
<initialMarking>
<value>0</value>
<graphics>
<offset x="0.0" y="0.0"/>
</graphics>
</initialMarking>
<capacity>
<value>0</value>
</capacity>
</place>
<place id="P38">
<graphics>
<position x="705.0" y="1395.0"/>
</graphics>
<name>
<value>P38</value>
<graphics>
<offset x="-5.0" y="35.0"/>
</graphics>
</name>
<msgPlace>false</msgPlace>
<resPlace>false</resPlace>
<initialMarking>
<value>0</value>
<graphics>
<offset x="0.0" y="0.0"/>
</graphics>
</initialMarking>
<capacity>
<value>0</value>
</capacity>
</place>
<place id="P39">
<graphics>
<position x="705.0" y="1515.0"/>
</graphics>
<name>
<value>P39</value>
<graphics>
<offset x="-5.0" y="35.0"/>
</graphics>
</name>
<msgPlace>false</msgPlace>
<resPlace>false</resPlace>
<initialMarking>
<value>0</value>
<graphics>
<offset x="0.0" y="0.0"/>
</graphics>
</initialMarking>
<capacity>
<value>0</value>
</capacity>
</place>
<place id="P4">
<graphics>
<position x="555.0" y="15.0"/>
</graphics>
<name>
<value>P4</value>
<graphics>
<offset x="-5.0" y="35.0"/>
</graphics>
</name>
<msgPlace>false</msgPlace>
<resPlace>false</resPlace>
<initialMarking>
<value>0</value>
<graphics>
<offset x="0.0" y="0.0"/>
</graphics>
</initialMarking>
<capacity>
<value>0</value>
</capacity>
</place>
<place id="P40">
<graphics>
<position x="765.0" y="1365.0"/>
</graphics>
<name>
<value>fireResRes</value>
<graphics>
<offset x="83.0" y="49.0"/>
</graphics>
</name>
<msgPlace>true</msgPlace>
<resPlace>false</resPlace>
<initialMarking>
<value>0</value>
<graphics>
<offset x="0.0" y="0.0"/>
</graphics>
</initialMarking>
<capacity>
<value>0</value>
</capacity>
</place>
<place id="P41">
<graphics>
<position x="870.0" y="1455.0"/>
</graphics>
<name>
<value>P41</value>
<graphics>
<offset x="-5.0" y="35.0"/>
</graphics>
</name>
<msgPlace>false</msgPlace>
<resPlace>false</resPlace>
<initialMarking>
<value>0</value>
<graphics>
<offset x="0.0" y="0.0"/>
</graphics>
</initialMarking>
<capacity>
<value>0</value>
</capacity>
</place>
<place id="P42">
<graphics>
<position x="1050.0" y="1455.0"/>
</graphics>
<name>
<value>P42</value>
<graphics>
<offset x="-5.0" y="35.0"/>
</graphics>
</name>
<msgPlace>false</msgPlace>
<resPlace>false</resPlace>
<initialMarking>
<value>0</value>
<graphics>
<offset x="0.0" y="0.0"/>
</graphics>
</initialMarking>
<capacity>
<value>0</value>
</capacity>
</place>
<place id="P5">
<graphics>
<position x="555.0" y="120.0"/>
</graphics>
<name>
<value>P5</value>
<graphics>
<offset x="-5.0" y="35.0"/>
</graphics>
</name>
<msgPlace>false</msgPlace>
<resPlace>false</resPlace>
<initialMarking>
<value>0</value>
<graphics>
<offset x="0.0" y="0.0"/>
</graphics>
</initialMarking>
<capacity>
<value>0</value>
</capacity>
</place>
<place id="P56">
<graphics>
<position x="990.0" y="735.0"/>
</graphics>
<name>
<value>HdoMedCov</value>
<graphics>
<offset x="-5.0" y="35.0"/>
</graphics>
</name>
<msgPlace>true</msgPlace>
<resPlace>false</resPlace>
<initialMarking>
<value>0</value>
<graphics>
<offset x="0.0" y="0.0"/>
</graphics>
</initialMarking>
<capacity>
<value>0</value>
</capacity>
</place>
<place id="P57">
<graphics>
<position x="1125.0" y="735.0"/>
</graphics>
<name>
<value>FdoMedCov</value>
<graphics>
<offset x="-5.0" y="35.0"/>
</graphics>
</name>
<msgPlace>true</msgPlace>
<resPlace>false</resPlace>
<initialMarking>
<value>0</value>
<graphics>
<offset x="0.0" y="0.0"/>
</graphics>
</initialMarking>
<capacity>
<value>0</value>
</capacity>
</place>
<place id="P58">
<graphics>
<position x="135.0" y="1875.0"/>
</graphics>
<name>
<value>P58</value>
<graphics>
<offset x="-5.0" y="35.0"/>
</graphics>
</name>
<msgPlace>false</msgPlace>
<resPlace>false</resPlace>
<initialMarking>
<value>1</value>
<graphics>
<offset x="0.0" y="0.0"/>
</graphics>
</initialMarking>
<capacity>
<value>0</value>
</capacity>
</place>
<place id="P59">
<graphics>
<position x="330.0" y="1875.0"/>
</graphics>
<name>
<value>P59</value>
<graphics>
<offset x="-5.0" y="35.0"/>
</graphics>
</name>
<msgPlace>false</msgPlace>
<resPlace>false</resPlace>
<initialMarking>
<value>0</value>
<graphics>
<offset x="0.0" y="0.0"/>
</graphics>
</initialMarking>
<capacity>
<value>0</value>
</capacity>
</place>
<place id="P6">
<graphics>
<position x="555.0" y="225.0"/>
</graphics>
<name>
<value>P6</value>
<graphics>
<offset x="-5.0" y="35.0"/>
</graphics>
</name>
<msgPlace>false</msgPlace>
<resPlace>false</resPlace>
<initialMarking>
<value>0</value>
<graphics>
<offset x="0.0" y="0.0"/>
</graphics>
</initialMarking>
<capacity>
<value>0</value>
</capacity>
</place>
<place id="P60">
<graphics>
<position x="225.0" y="1800.0"/>
</graphics>
<name>
<value>medResIns</value>
<graphics>
<offset x="-5.0" y="35.0"/>
</graphics>
</name>
<msgPlace>true</msgPlace>
<resPlace>false</resPlace>
<initialMarking>
<value>0</value>
<graphics>
<offset x="0.0" y="0.0"/>
</graphics>
</initialMarking>
<capacity>
<value>0</value>
</capacity>
</place>
<place id="P61">
<graphics>
<position x="435.0" y="1800.0"/>
</graphics>
<name>
<value>P61</value>
<graphics>
<offset x="-5.0" y="35.0"/>
</graphics>
</name>
<msgPlace>false</msgPlace>
<resPlace>false</resPlace>
<initialMarking>
<value>0</value>
<graphics>
<offset x="0.0" y="0.0"/>
</graphics>
</initialMarking>
<capacity>
<value>0</value>
</capacity>
</place>
<place id="P62">
<graphics>
<position x="435.0" y="1950.0"/>
</graphics>
<name>
<value>P62</value>
<graphics>
<offset x="-5.0" y="35.0"/>
</graphics>
</name>
<msgPlace>false</msgPlace>
<resPlace>false</resPlace>
<initialMarking>
<value>0</value>
<graphics>
<offset x="0.0" y="0.0"/>
</graphics>
</initialMarking>
<capacity>
<value>0</value>
</capacity>
</place>
<place id="P63">
<graphics>
<position x="645.0" y="1800.0"/>
</graphics>
<name>
<value>P63</value>
<graphics>
<offset x="-5.0" y="35.0"/>
</graphics>
</name>
<msgPlace>false</msgPlace>
<resPlace>false</resPlace>
<initialMarking>
<value>0</value>
<graphics>
<offset x="0.0" y="0.0"/>
</graphics>
</initialMarking>
<capacity>
<value>0</value>
</capacity>
</place>
<place id="P64">
<graphics>
<position x="645.0" y="1950.0"/>
</graphics>
<name>
<value>P64</value>
<graphics>
<offset x="-5.0" y="35.0"/>
</graphics>
</name>
<msgPlace>false</msgPlace>
<resPlace>false</resPlace>
<initialMarking>
<value>0</value>
<graphics>
<offset x="0.0" y="0.0"/>
</graphics>
</initialMarking>
<capacity>
<value>0</value>
</capacity>
</place>
<place id="P65">
<graphics>
<position x="780.0" y="1860.0"/>
</graphics>
<name>
<value>P65</value>
<graphics>
<offset x="-5.0" y="35.0"/>
</graphics>
</name>
<msgPlace>false</msgPlace>
<resPlace>false</resPlace>
<initialMarking>
<value>0</value>
<graphics>
<offset x="0.0" y="0.0"/>
</graphics>
</initialMarking>
<capacity>
<value>0</value>
</capacity>
</place>
<place id="P66">
<graphics>
<position x="945.0" y="1860.0"/>
</graphics>
<name>
<value>P66</value>
<graphics>
<offset x="-5.0" y="35.0"/>
</graphics>
</name>
<msgPlace>false</msgPlace>
<resPlace>false</resPlace>
<initialMarking>
<value>0</value>
<graphics>
<offset x="0.0" y="0.0"/>
</graphics>
</initialMarking>
<capacity>
<value>0</value>
</capacity>
</place>
<place id="P67">
<graphics>
<position x="1050.0" y="1785.0"/>
</graphics>
<name>
<value>medResRes</value>
<graphics>
<offset x="-5.0" y="35.0"/>
</graphics>
</name>
<msgPlace>true</msgPlace>
<resPlace>false</resPlace>
<initialMarking>
<value>0</value>
<graphics>
<offset x="0.0" y="0.0"/>
</graphics>
</initialMarking>
<capacity>
<value>0</value>
</capacity>
</place>
<place id="P68">
<graphics>
<position x="1140.0" y="1860.0"/>
</graphics>
<name>
<value>P68</value>
<graphics>
<offset x="-5.0" y="35.0"/>
</graphics>
</name>
<msgPlace>false</msgPlace>
<resPlace>false</resPlace>
<initialMarking>
<value>0</value>
<graphics>
<offset x="0.0" y="0.0"/>
</graphics>
</initialMarking>
<capacity>
<value>0</value>
</capacity>
</place>
<place id="P69">
<graphics>
<position x="1305.0" y="1860.0"/>
</graphics>
<name>
<value>P69</value>
<graphics>
<offset x="-5.0" y="35.0"/>
</graphics>
</name>
<msgPlace>false</msgPlace>
<resPlace>false</resPlace>
<initialMarking>
<value>0</value>
<graphics>
<offset x="0.0" y="0.0"/>
</graphics>
</initialMarking>
<capacity>
<value>0</value>
</capacity>
</place>
<place id="P7">
<graphics>
<position x="750.0" y="15.0"/>
</graphics>
<name>
<value>P7</value>
<graphics>
<offset x="-5.0" y="35.0"/>
</graphics>
</name>
<msgPlace>false</msgPlace>
<resPlace>false</resPlace>
<initialMarking>
<value>0</value>
<graphics>
<offset x="0.0" y="0.0"/>
</graphics>
</initialMarking>
<capacity>
<value>0</value>
</capacity>
</place>
<place id="P70">
<graphics>
<position x="540.0" y="540.0"/>
</graphics>
<name>
<value>medResRes</value>
<graphics>
<offset x="52.0" y="43.0"/>
</graphics>
</name>
<msgPlace>true</msgPlace>
<resPlace>false</resPlace>
<initialMarking>
<value>0</value>
<graphics>
<offset x="0.0" y="0.0"/>
</graphics>
</initialMarking>
<capacity>
<value>0</value>
</capacity>
</place>
<place id="P71">
<graphics>
<position x="975.0" y="1365.0"/>
</graphics>
<name>
<value>FdoMedCov</value>
<graphics>
<offset x="-5.0" y="35.0"/>
</graphics>
</name>
<msgPlace>true</msgPlace>
<resPlace>false</resPlace>
<initialMarking>
<value>0</value>
<graphics>
<offset x="0.0" y="0.0"/>
</graphics>
</initialMarking>
<capacity>
<value>0</value>
</capacity>
</place>
<place id="P72">
<graphics>
<position x="1230.0" y="1770.0"/>
</graphics>
<name>
<value>HdoMedCov</value>
<graphics>
<offset x="-5.0" y="35.0"/>
</graphics>
</name>
<msgPlace>true</msgPlace>
<resPlace>false</resPlace>
<initialMarking>
<value>0</value>
<graphics>
<offset x="0.0" y="0.0"/>
</graphics>
</initialMarking>
<capacity>
<value>0</value>
</capacity>
</place>
<place id="P73">
<graphics>
<position x="225.0" y="1155.0"/>
</graphics>
<name>
<value>pubTranVehicle</value>
<graphics>
<offset x="-5.0" y="35.0"/>
</graphics>
</name>
<msgPlace>false</msgPlace>
<resPlace>true</resPlace>
<initialMarking>
<value>1</value>
<graphics>
<offset x="0.0" y="0.0"/>
</graphics>
</initialMarking>
<capacity>
<value>0</value>
</capacity>
</place>
<place id="P74">
<graphics>
<position x="315.0" y="1545.0"/>
</graphics>
<name>
<value>pubTranVehicle</value>
<graphics>
<offset x="-5.0" y="35.0"/>
</graphics>
</name>
<msgPlace>false</msgPlace>
<resPlace>true</resPlace>
<initialMarking>
<value>1</value>
<graphics>
<offset x="0.0" y="0.0"/>
</graphics>
</initialMarking>
<capacity>
<value>0</value>
</capacity>
</place>
<place id="P75">
<graphics>
<position x="225.0" y="1965.0"/>
</graphics>
<name>
<value>pubTranVehicle</value>
<graphics>
<offset x="-5.0" y="35.0"/>
</graphics>
</name>
<msgPlace>false</msgPlace>
<resPlace>true</resPlace>
<initialMarking>
<value>1</value>
<graphics>
<offset x="0.0" y="0.0"/>
</graphics>
</initialMarking>
<capacity>
<value>0</value>
</capacity>
</place>
<place id="P8">
<graphics>
<position x="750.0" y="120.0"/>
</graphics>
<name>
<value>P8</value>
<graphics>
<offset x="-5.0" y="35.0"/>
</graphics>
</name>
<msgPlace>false</msgPlace>
<resPlace>false</resPlace>
<initialMarking>
<value>0</value>
<graphics>
<offset x="0.0" y="0.0"/>
</graphics>
</initialMarking>
<capacity>
<value>0</value>
</capacity>
</place>
<place id="P9">
<graphics>
<position x="750.0" y="225.0"/>
</graphics>
<name>
<value>P9</value>
<graphics>
<offset x="-5.0" y="35.0"/>
</graphics>
</name>
<msgPlace>false</msgPlace>
<resPlace>false</resPlace>
<initialMarking>
<value>0</value>
<graphics>
<offset x="0.0" y="0.0"/>
</graphics>
</initialMarking>
<capacity>
<value>0</value>
</capacity>
</place>
<transition id="T0">
<graphics>
<position x="165.0" y="120.0"/>
</graphics>
<name>
<value>alaReceipt</value>
<graphics>
<offset x="37.0" y="62.0"/>
</graphics>
</name>
<orientation>
<value>0</value>
</orientation>
<rate>
<value>1.0</value>
</rate>
<timed>
<value>false</value>
</timed>
<infiniteServer>
<value>false</value>
</infiniteServer>
<priority>
<value>1</value>
</priority>
</transition>
<transition id="T1">
<graphics>
<position x="315.0" y="120.0"/>
</graphics>
<name>
<value>!repEmerInf</value>
<graphics>
<offset x="50.0" y="-17.0"/>
</graphics>
</name>
<orientation>
<value>0</value>
</orientation>
<rate>
<value>1.0</value>
</rate>
<timed>
<value>false</value>
</timed>
<infiniteServer>
<value>false</value>
</infiniteServer>
<priority>
<value>1</value>
</priority>
</transition>
<transition id="T10">
<graphics>
<position x="540.0" y="645.0"/>
</graphics>
<name>
<value>?emeSumAndEva</value>
<graphics>
<offset x="63.0" y="44.0"/>
</graphics>
</name>
<orientation>
<value>0</value>
</orientation>
<rate>
<value>1.0</value>
</rate>
<timed>
<value>false</value>
</timed>
<infiniteServer>
<value>false</value>
</infiniteServer>
<priority>
<value>1</value>
</priority>
</transition>
<transition id="T11">
<graphics>
<position x="705.0" y="645.0"/>
</graphics>
<name>
<value>fileArc</value>
<graphics>
<offset x="30.0" y="48.0"/>
</graphics>
</name>
<orientation>
<value>0</value>
</orientation>
<rate>
<value>1.0</value>
</rate>
<timed>
<value>false</value>
</timed>
<infiniteServer>
<value>false</value>
</infiniteServer>
<priority>
<value>1</value>
</priority>
</transition>
<transition id="T12">
<graphics>
<position x="885.0" y="645.0"/>
</graphics>
<name>
<value>arrMedCov</value>
<graphics>
<offset x="48.0" y="46.0"/>
</graphics>
</name>
<orientation>
<value>0</value>
</orientation>
<rate>
<value>1.0</value>
</rate>
<timed>
<value>false</value>
</timed>
<infiniteServer>
<value>false</value>
</infiniteServer>
<priority>
<value>1</value>
</priority>
</transition>
<transition id="T13">
<graphics>
<position x="1050.0" y="645.0"/>
</graphics>
<name>
<value>doMedCov</value>
<graphics>
<offset x="49.0" y="-10.0"/>
</graphics>
</name>
<orientation>
<value>0</value>
</orientation>
<rate>
<value>1.0</value>
</rate>
<timed>
<value>false</value>
</timed>
<infiniteServer>
<value>false</value>
</infiniteServer>
<priority>
<value>1</value>
</priority>
</transition>
<transition id="T14">
<graphics>
<position x="225.0" y="1080.0"/>
</graphics>
<name>
<value>?rushToTheSite</value>
<graphics>
<offset x="43.0" y="48.0"/>
</graphics>
</name>
<orientation>
<value>0</value>
</orientation>
<rate>
<value>1.0</value>
</rate>
<timed>
<value>false</value>
</timed>
<infiniteServer>
<value>false</value>
</infiniteServer>
<priority>
<value>1</value>
</priority>
</transition>
<transition id="T15">
<graphics>
<position x="405.0" y="1080.0"/>
</graphics>
<name>
<value>seaTheEOD</value>
<graphics>
<offset x="43.0" y="52.0"/>
</graphics>
</name>
<orientation>
<value>0</value>
</orientation>
<rate>
<value>1.0</value>
</rate>
<timed>
<value>false</value>
</timed>
<infiniteServer>
<value>false</value>
</infiniteServer>
<priority>
<value>1</value>
</priority>
</transition>
<transition id="T16">
<graphics>
<position x="600.0" y="1080.0"/>
</graphics>
<name>
<value>!repTheEODSeaResu</value>
<graphics>
<offset x="68.0" y="44.0"/>
</graphics>
</name>
<orientation>
<value>0</value>
</orientation>
<rate>
<value>1.0</value>
</rate>
<timed>
<value>false</value>
</timed>
<infiniteServer>
<value>false</value>
</infiniteServer>
<priority>
<value>1</value>
</priority>
</transition>
<transition id="T17">
<graphics>
<position x="315.0" y="1455.0"/>
</graphics>
<name>
<value>?ruToTheSite</value>
<graphics>
<offset x="53.0" y="44.0"/>
</graphics>
</name>
<orientation>
<value>0</value>
</orientation>
<rate>
<value>1.0</value>
</rate>
<timed>
<value>false</value>
</timed>
<infiniteServer>
<value>false</value>
</infiniteServer>
<priority>
<value>1</value>
</priority>
</transition>
<transition id="T18">
<graphics>
<position x="480.0" y="1455.0"/>
</graphics>
<name>
<value>fightTheFire</value>
<graphics>
<offset x="43.0" y="51.0"/>
</graphics>
</name>
<orientation>
<value>0</value>
</orientation>
<rate>
<value>1.0</value>
</rate>
<timed>
<value>false</value>
</timed>
<infiniteServer>
<value>false</value>
</infiniteServer>
<priority>
<value>1</value>
</priority>
</transition>
<transition id="T19">
<graphics>
<position x="615.0" y="1395.0"/>
</graphics>
<name>
<value>recoTheSite</value>
<graphics>
<offset x="65.0" y="48.0"/>
</graphics>
</name>
<orientation>
<value>0</value>
</orientation>
<rate>
<value>1.0</value>
</rate>
<timed>
<value>false</value>
</timed>
<infiniteServer>
<value>false</value>
</infiniteServer>
<priority>
<value>1</value>
</priority>
</transition>
<transition id="T2">
<graphics>
<position x="495.0" y="120.0"/>
</graphics>
<name>
<value>rushToTheSite</value>
<graphics>
<offset x="57.0" y="54.0"/>
</graphics>
</name>
<orientation>
<value>0</value>
</orientation>
<rate>
<value>1.0</value>
</rate>
<timed>
<value>false</value>
</timed>
<infiniteServer>
<value>false</value>
</infiniteServer>
<priority>
<value>1</value>
</priority>
</transition>
<transition id="T20">
<graphics>
<position x="615.0" y="1515.0"/>
</graphics>
<name>
<value>conMitOper</value>
<graphics>
<offset x="54.0" y="42.0"/>
</graphics>
</name>
<orientation>
<value>0</value>
</orientation>
<rate>
<value>1.0</value>
</rate>
<timed>
<value>false</value>
</timed>
<infiniteServer>
<value>false</value>
</infiniteServer>
<priority>
<value>1</value>
</priority>
</transition>
<transition id="T21">
<graphics>
<position x="765.0" y="1455.0"/>
</graphics>
<name>
<value>!repTheFireRes</value>
<graphics>
<offset x="73.0" y="50.0"/>
</graphics>
</name>
<orientation>
<value>0</value>
</orientation>
<rate>
<value>1.0</value>
</rate>
<timed>
<value>false</value>
</timed>
<infiniteServer>
<value>false</value>
</infiniteServer>
<priority>
<value>1</value>
</priority>
</transition>
<transition id="T22">
<graphics>
<position x="975.0" y="1455.0"/>
</graphics>
<name>
<value>!FdoMedCov</value>
<graphics>
<offset x="45.0" y="46.0"/>
</graphics>
</name>
<orientation>
<value>0</value>
</orientation>
<rate>
<value>1.0</value>
</rate>
<timed>
<value>false</value>
</timed>
<infiniteServer>
<value>false</value>
</infiniteServer>
<priority>
<value>1</value>
</priority>
</transition>
<transition id="T3">
<graphics>
<position x="660.0" y="15.0"/>
</graphics>
<name>
<value>dealWithTheScene</value>
<graphics>
<offset x="59.0" y="51.0"/>
</graphics>
</name>
<orientation>
<value>0</value>
</orientation>
<rate>
<value>1.0</value>
</rate>
<timed>
<value>false</value>
</timed>
<infiniteServer>
<value>false</value>
</infiniteServer>
<priority>
<value>1</value>
</priority>
</transition>
<transition id="T32">
<graphics>
<position x="1230.0" y="1860.0"/>
</graphics>
<name>
<value>!HdoMedCov</value>
<graphics>
<offset x="49.0" y="45.0"/>
</graphics>
</name>
<orientation>
<value>0</value>
</orientation>
<rate>
<value>1.0</value>
</rate>
<timed>
<value>false</value>
</timed>
<infiniteServer>
<value>false</value>
</infiniteServer>
<priority>
<value>1</value>
</priority>
</transition>
<transition id="T33">
<graphics>
<position x="1050.0" y="1860.0"/>
</graphics>
<name>
<value>!repTheMedRes</value>
<graphics>
<offset x="53.0" y="52.0"/>
</graphics>
</name>
<orientation>
<value>0</value>
</orientation>
<rate>
<value>1.0</value>
</rate>
<timed>
<value>false</value>
</timed>
<infiniteServer>
<value>false</value>
</infiniteServer>
<priority>
<value>1</value>
</priority>
</transition>
<transition id="T34">
<graphics>
<position x="870.0" y="1860.0"/>
</graphics>
<name>
<value>soilQuaDete</value>
<graphics>
<offset x="49.0" y="46.0"/>
</graphics>
</name>
<orientation>
<value>0</value>
</orientation>
<rate>
<value>1.0</value>
</rate>
<timed>
<value>false</value>
</timed>
<infiniteServer>
<value>false</value>
</infiniteServer>
<priority>
<value>1</value>
</priority>
</transition>
<transition id="T35">
<graphics>
<position x="690.0" y="1860.0"/>
</graphics>
<name>
<value>airQuaDete</value>
<graphics>
<offset x="49.0" y="64.0"/>
</graphics>
</name>
<orientation>
<value>0</value>
</orientation>
<rate>
<value>1.0</value>
</rate>
<timed>
<value>false</value>
</timed>
<infiniteServer>
<value>false</value>
</infiniteServer>
<priority>
<value>1</value>
</priority>
</transition>
<transition id="T36">
<graphics>
<position x="555.0" y="1800.0"/>
</graphics>
<name>
<value>treTheSevInjPeo</value>
<graphics>
<offset x="65.0" y="51.0"/>
</graphics>
</name>
<orientation>
<value>0</value>
</orientation>
<rate>
<value>1.0</value>
</rate>
<timed>
<value>false</value>
</timed>
<infiniteServer>
<value>false</value>
</infiniteServer>
<priority>
<value>1</value>
</priority>
</transition>
<transition id="T37">
<graphics>
<position x="540.0" y="1950.0"/>
</graphics>
<name>
<value>treTheSliInjPeo</value>
<graphics>
<offset x="65.0" y="47.0"/>
</graphics>
</name>
<orientation>
<value>0</value>
</orientation>
<rate>
<value>1.0</value>
</rate>
<timed>
<value>false</value>
</timed>
<infiniteServer>
<value>false</value>
</infiniteServer>
<priority>
<value>1</value>
</priority>
</transition>
<transition id="T38">
<graphics>
<position x="405.0" y="1875.0"/>
</graphics>
<name>
<value>shuTheWounded</value>
<graphics>
<offset x="33.0" y="51.0"/>
</graphics>
</name>
<orientation>
<value>0</value>
</orientation>
<rate>
<value>1.0</value>
</rate>
<timed>
<value>false</value>
</timed>
<infiniteServer>
<value>false</value>
</infiniteServer>
<priority>
<value>1</value>
</priority>
</transition>
<transition id="T39">
<graphics>
<position x="225.0" y="1875.0"/>
</graphics>
<name>
<value>?rToTheSite</value>
<graphics>
<offset x="53.0" y="42.0"/>
</graphics>
</name>
<orientation>
<value>0</value>
</orientation>
<rate>
<value>1.0</value>
</rate>
<timed>
<value>false</value>
</timed>
<infiniteServer>
<value>false</value>
</infiniteServer>
<priority>
<value>1</value>
</priority>
</transition>
<transition id="T4">
<graphics>
<position x="660.0" y="120.0"/>
</graphics>
<name>
<value>evacuation</value>
<graphics>
<offset x="47.0" y="55.0"/>
</graphics>
</name>
<orientation>
<value>0</value>
</orientation>
<rate>
<value>1.0</value>
</rate>
<timed>
<value>false</value>
</timed>
<infiniteServer>
<value>false</value>
</infiniteServer>
<priority>
<value>1</value>
</priority>
</transition>
<transition id="T5">
<graphics>
<position x="660.0" y="225.0"/>
</graphics>
<name>
<value>resTheWounded</value>
<graphics>
<offset x="51.0" y="49.0"/>
</graphics>
</name>
<orientation>
<value>0</value>
</orientation>
<rate>
<value>1.0</value>
</rate>
<timed>
<value>false</value>
</timed>
<infiniteServer>
<value>false</value>
</infiniteServer>
<priority>
<value>1</value>
</priority>
</transition>
<transition id="T6">
<graphics>
<position x="825.0" y="120.0"/>
</graphics>
<name>
<value>!alaReceipt</value>
<graphics>
<offset x="54.0" y="-29.0"/>
</graphics>
</name>
<orientation>
<value>0</value>
</orientation>
<rate>
<value>1.0</value>
</rate>
<timed>
<value>false</value>
</timed>
<infiniteServer>
<value>false</value>
</infiniteServer>
<priority>
<value>1</value>
</priority>
</transition>
<transition id="T7">
<graphics>
<position x="990.0" y="120.0"/>
</graphics>
<name>
<value>seaTheSuspect</value>
<graphics>
<offset x="61.0" y="58.0"/>
</graphics>
</name>
<orientation>
<value>0</value>
</orientation>
<rate>
<value>1.0</value>
</rate>
<timed>
<value>false</value>
</timed>
<infiniteServer>
<value>false</value>
</infiniteServer>
<priority>
<value>1</value>
</priority>
</transition>
<transition id="T8">
<graphics>
<position x="180.0" y="645.0"/>
</graphics>
<name>
<value>?estTemEmerCenter</value>
<graphics>
<offset x="73.0" y="51.0"/>
</graphics>
</name>
<orientation>
<value>0</value>
</orientation>
<rate>
<value>1.0</value>
</rate>
<timed>
<value>false</value>
</timed>
<infiniteServer>
<value>false</value>
</infiniteServer>
<priority>
<value>1</value>
</priority>
</transition>
<transition id="T9">
<graphics>
<position x="345.0" y="645.0"/>
</graphics>
<name>
<value>makAndIssEmeCer</value>
<graphics>
<offset x="70.0" y="-22.0"/>
</graphics>
</name>
<orientation>
<value>0</value>
</orientation>
<rate>
<value>1.0</value>
</rate>
<timed>
<value>false</value>
</timed>
<infiniteServer>
<value>false</value>
</infiniteServer>
<priority>
<value>1</value>
</priority>
</transition>
<arc id="P0 to T0" source="P0" target="T0">
<graphics/>
<inscription>
<value>1</value>
<graphics/>
</inscription>
<tagged>
<value>false</value>
</tagged>
<arcpath id="000" x="116" y="132" curvePoint="false"/>
<arcpath id="001" x="171" y="132" curvePoint="false"/>
<type value="normal"/>
</arc>
<arc id="P11 to T7" source="P11" target="T7">
<graphics/>
<inscription>
<value>1</value>
<graphics/>
</inscription>
<tagged>
<value>false</value>
</tagged>
<arcpath id="000" x="941" y="132" curvePoint="false"/>
<arcpath id="001" x="996" y="132" curvePoint="false"/>
<type value="normal"/>
</arc>
<arc id="P13 to T8" source="P13" target="T8">
<graphics/>
<inscription>
<value>1</value>
<graphics/>
</inscription>
<tagged>
<value>false</value>
</tagged>
<arcpath id="000" x="131" y="657" curvePoint="false"/>
<arcpath id="001" x="186" y="657" curvePoint="false"/>
<type value="normal"/>
</arc>
<arc id="P14 to T9" source="P14" target="T9">
<graphics/>
<inscription>
<value>1</value>
<graphics/>
</inscription>
<tagged>
<value>false</value>
</tagged>
<arcpath id="000" x="281" y="657" curvePoint="false"/>
<arcpath id="001" x="351" y="657" curvePoint="false"/>
<type value="normal"/>
</arc>
<arc id="P15 to T8" source="P15" target="T8">
<graphics/>
<inscription>
<value>1</value>
<graphics/>
</inscription>
<tagged>
<value>false</value>
</tagged>
<arcpath id="000" x="192" y="596" curvePoint="false"/>
<arcpath id="001" x="192" y="642" curvePoint="false"/>
<type value="normal"/>
</arc>
<arc id="P16 to T10" source="P16" target="T10">
<graphics/>
<inscription>
<value>1</value>
<graphics/>
</inscription>
<tagged>
<value>false</value>
</tagged>
<arcpath id="000" x="476" y="657" curvePoint="false"/>
<arcpath id="001" x="546" y="657" curvePoint="false"/>
<type value="normal"/>
</arc>
<arc id="P1 to T1" source="P1" target="T1">
<graphics/>
<inscription>
<value>1</value>
<graphics/>
</inscription>
<tagged>
<value>false</value>
</tagged>
<arcpath id="000" x="266" y="132" curvePoint="false"/>
<arcpath id="001" x="321" y="132" curvePoint="false"/>
<type value="normal"/>
</arc>
<arc id="P20 to T11" source="P20" target="T11">
<graphics/>
<inscription>
<value>1</value>
<graphics/>
</inscription>
<tagged>
<value>false</value>
</tagged>
<arcpath id="000" x="641" y="657" curvePoint="false"/>
<arcpath id="001" x="711" y="657" curvePoint="false"/>
<type value="normal"/>
</arc>
<arc id="P21 to T12" source="P21" target="T12">
<graphics/>
<inscription>
<value>1</value>
<graphics/>
</inscription>
<tagged>
<value>false</value>
</tagged>
<arcpath id="000" x="821" y="657" curvePoint="false"/>
<arcpath id="001" x="891" y="657" curvePoint="false"/>
<type value="normal"/>
</arc>
<arc id="P22 to T13" source="P22" target="T13">
<graphics/>
<inscription>
<value>1</value>
<graphics/>
</inscription>
<tagged>
<value>false</value>
</tagged>
<arcpath id="000" x="986" y="657" curvePoint="false"/>
<arcpath id="001" x="1056" y="657" curvePoint="false"/>
<type value="normal"/>
</arc>
<arc id="P24 to T10" source="P24" target="T10">
<graphics/>
<inscription>
<value>1</value>
<graphics/>
</inscription>
<tagged>
<value>false</value>
</tagged>
<arcpath id="000" x="491" y="584" curvePoint="false"/>
<arcpath id="001" x="531" y="606" curvePoint="true"/>
<arcpath id="002" x="552" y="642" curvePoint="false"/>
<type value="normal"/>
</arc>
<arc id="P25 to T10" source="P25" target="T10">
<graphics/>
<inscription>
<value>1</value>
<graphics/>
</inscription>
<tagged>
<value>false</value>
</tagged>
<arcpath id="000" x="612" y="582" curvePoint="false"/>
<arcpath id="001" x="570" y="603" curvePoint="true"/>
<arcpath id="002" x="552" y="642" curvePoint="false"/>
<type value="normal"/>
</arc>
<arc id="P26 to T9" source="P26" target="T9">
<graphics/>
<inscription>
<value>1</value>
<graphics/>
</inscription>
<tagged>
<value>false</value>
</tagged>
<arcpath id="000" x="357" y="581" curvePoint="false"/>
<arcpath id="001" x="357" y="642" curvePoint="false"/>
<type value="normal"/>
</arc>
<arc id="P27 to T14" source="P27" target="T14">
<graphics/>
<inscription>
<value>1</value>
<graphics/>
</inscription>
<tagged>
<value>false</value>
</tagged>
<arcpath id="000" x="161" y="1092" curvePoint="false"/>
<arcpath id="001" x="231" y="1092" curvePoint="false"/>
<type value="normal"/>
</arc>
<arc id="P28 to T14" source="P28" target="T14">
<graphics/>
<inscription>
<value>1</value>
<graphics/>
</inscription>
<tagged>
<value>false</value>
</tagged>
<arcpath id="000" x="237" y="1031" curvePoint="false"/>
<arcpath id="001" x="237" y="1077" curvePoint="false"/>
<type value="normal"/>
</arc>
<arc id="P29 to T15" source="P29" target="T15">
<graphics/>
<inscription>
<value>1</value>
<graphics/>
</inscription>
<tagged>
<value>false</value>
</tagged>
<arcpath id="000" x="341" y="1092" curvePoint="false"/>
<arcpath id="001" x="411" y="1092" curvePoint="false"/>
<type value="normal"/>
</arc>
<arc id="P2 to T2" source="P2" target="T2">
<graphics/>
<inscription>
<value>1</value>
<graphics/>
</inscription>
<tagged>
<value>false</value>
</tagged>
<arcpath id="000" x="431" y="132" curvePoint="false"/>
<arcpath id="001" x="501" y="132" curvePoint="false"/>
<type value="normal"/>
</arc>
<arc id="P30 to T16" source="P30" target="T16">
<graphics/>
<inscription>
<value>1</value>
<graphics/>
</inscription>
<tagged>
<value>false</value>
</tagged>
<arcpath id="000" x="521" y="1092" curvePoint="false"/>
<arcpath id="001" x="606" y="1092" curvePoint="false"/>
<type value="normal"/>
</arc>
<arc id="P33 to T17" source="P33" target="T17">
<graphics/>
<inscription>
<value>1</value>
<graphics/>
</inscription>
<tagged>
<value>false</value>
</tagged>
<arcpath id="000" x="266" y="1467" curvePoint="false"/>
<arcpath id="001" x="321" y="1467" curvePoint="false"/>
<type value="normal"/>
</arc>
<arc id="P34 to T17" source="P34" target="T17">
<graphics/>
<inscription>
<value>1</value>
<graphics/>
</inscription>
<tagged>
<value>false</value>
</tagged>
<arcpath id="000" x="327" y="1406" curvePoint="false"/>
<arcpath id="001" x="327" y="1452" curvePoint="false"/>
<type value="normal"/>
</arc>
<arc id="P35 to T18" source="P35" target="T18">
<graphics/>
<inscription>
<value>1</value>
<graphics/>
</inscription>
<tagged>
<value>false</value>
</tagged>
<arcpath id="000" x="416" y="1467" curvePoint="false"/>
<arcpath id="001" x="486" y="1467" curvePoint="false"/>
<type value="normal"/>
</arc>
<arc id="P36 to T19" source="P36" target="T19">
<graphics/>
<inscription>
<value>1</value>
<graphics/>
</inscription>
<tagged>
<value>false</value>
</tagged>
<arcpath id="000" x="551" y="1407" curvePoint="false"/>
<arcpath id="001" x="621" y="1407" curvePoint="false"/>
<type value="normal"/>
</arc>
<arc id="P37 to T20" source="P37" target="T20">
<graphics/>
<inscription>
<value>1</value>
<graphics/>
</inscription>
<tagged>
<value>false</value>
</tagged>
<arcpath id="000" x="551" y="1527" curvePoint="false"/>
<arcpath id="001" x="621" y="1527" curvePoint="false"/>
<type value="normal"/>
</arc>
<arc id="P38 to T21" source="P38" target="T21">
<graphics/>
<inscription>
<value>1</value>
<graphics/>
</inscription>
<tagged>
<value>false</value>
</tagged>
<arcpath id="000" x="727" y="1418" curvePoint="false"/>
<arcpath id="001" x="772" y="1462" curvePoint="false"/>
<type value="normal"/>
</arc>
<arc id="P39 to T21" source="P39" target="T21">
<graphics/>
<inscription>
<value>1</value>
<graphics/>
</inscription>
<tagged>
<value>false</value>
</tagged>
<arcpath id="000" x="727" y="1516" curvePoint="false"/>
<arcpath id="001" x="771" y="1472" curvePoint="false"/>
<type value="normal"/>
</arc>
<arc id="P41 to T22" source="P41" target="T22">
<graphics/>
<inscription>
<value>1</value>
<graphics/>
</inscription>
<tagged>
<value>false</value>
</tagged>
<arcpath id="000" x="896" y="1467" curvePoint="false"/>
<arcpath id="001" x="981" y="1467" curvePoint="false"/>
<type value="normal"/>
</arc>
<arc id="P4 to T3" source="P4" target="T3">
<graphics/>
<inscription>
<value>1</value>
<graphics/>
</inscription>
<tagged>
<value>false</value>
</tagged>
<arcpath id="000" x="581" y="27" curvePoint="false"/>
<arcpath id="001" x="666" y="27" curvePoint="false"/>
<type value="normal"/>
</arc>
<arc id="P56 to T13" source="P56" target="T13">
<graphics/>
<inscription>
<value>1</value>
<graphics/>
</inscription>
<tagged>
<value>false</value>
</tagged>
<arcpath id="000" x="1016" y="748" curvePoint="false"/>
<arcpath id="001" x="1058" y="735" curvePoint="true"/>
<arcpath id="002" x="1062" y="672" curvePoint="false"/>
<type value="normal"/>
</arc>
<arc id="P57 to T13" source="P57" target="T13">
<graphics/>
<inscription>
<value>1</value>
<graphics/>
</inscription>
<tagged>
<value>false</value>
</tagged>
<arcpath id="000" x="1122" y="748" curvePoint="false"/>
<arcpath id="001" x="1079" y="734" curvePoint="true"/>
<arcpath id="002" x="1062" y="672" curvePoint="false"/>
<type value="normal"/>
</arc>
<arc id="P58 to T39" source="P58" target="T39">
<graphics/>
<inscription>
<value>1</value>
<graphics/>
</inscription>
<tagged>
<value>false</value>
</tagged>
<arcpath id="000" x="161" y="1887" curvePoint="false"/>
<arcpath id="001" x="231" y="1887" curvePoint="false"/>
<type value="normal"/>
</arc>
<arc id="P59 to T38" source="P59" target="T38">
<graphics/>
<inscription>
<value>1</value>
<graphics/>
</inscription>
<tagged>
<value>false</value>
</tagged>
<arcpath id="000" x="356" y="1887" curvePoint="false"/>
<arcpath id="001" x="411" y="1887" curvePoint="false"/>
<type value="normal"/>
</arc>
<arc id="P5 to T4" source="P5" target="T4">
<graphics/>
<inscription>
<value>1</value>
<graphics/>
</inscription>
<tagged>
<value>false</value>
</tagged>
<arcpath id="000" x="581" y="132" curvePoint="false"/>
<arcpath id="001" x="666" y="132" curvePoint="false"/>
<type value="normal"/>
</arc>
<arc id="P60 to T39" source="P60" target="T39">
<graphics/>
<inscription>
<value>1</value>
<graphics/>
</inscription>
<tagged>
<value>false</value>
</tagged>
<arcpath id="000" x="237" y="1826" curvePoint="false"/>
<arcpath id="001" x="237" y="1872" curvePoint="false"/>
<type value="normal"/>
</arc>
<arc id="P61 to T36" source="P61" target="T36">
<graphics/>
<inscription>
<value>1</value>
<graphics/>
</inscription>
<tagged>
<value>false</value>
</tagged>
<arcpath id="000" x="461" y="1812" curvePoint="false"/>
<arcpath id="001" x="561" y="1812" curvePoint="false"/>
<type value="normal"/>
</arc>
<arc id="P62 to T37" source="P62" target="T37">
<graphics/>
<inscription>
<value>1</value>
<graphics/>
</inscription>
<tagged>
<value>false</value>
</tagged>
<arcpath id="000" x="461" y="1962" curvePoint="false"/>
<arcpath id="001" x="546" y="1962" curvePoint="false"/>
<type value="normal"/>
</arc>
<arc id="P63 to T35" source="P63" target="T35">
<graphics/>
<inscription>
<value>1</value>
<graphics/>
</inscription>
<tagged>
<value>false</value>
</tagged>
<arcpath id="000" x="665" y="1824" curvePoint="false"/>
<arcpath id="001" x="696" y="1872" curvePoint="false"/>
<type value="normal"/>
</arc>
<arc id="P64 to T35" source="P64" target="T35">
<graphics/>
<inscription>
<value>1</value>
<graphics/>
</inscription>
<tagged>
<value>false</value>
</tagged>
<arcpath id="000" x="664" y="1949" curvePoint="false"/>
<arcpath id="001" x="702" y="1887" curvePoint="false"/>
<type value="normal"/>
</arc>
<arc id="P65 to T34" source="P65" target="T34">
<graphics/>
<inscription>
<value>1</value>
<graphics/>
</inscription>
<tagged>
<value>false</value>
</tagged>
<arcpath id="000" x="806" y="1872" curvePoint="false"/>
<arcpath id="001" x="876" y="1872" curvePoint="false"/>
<type value="normal"/>
</arc>
<arc id="P66 to T33" source="P66" target="T33">
<graphics/>
<inscription>
<value>1</value>
<graphics/>
</inscription>
<tagged>
<value>false</value>
</tagged>
<arcpath id="000" x="971" y="1872" curvePoint="false"/>
<arcpath id="001" x="1056" y="1872" curvePoint="false"/>
<type value="normal"/>
</arc>
<arc id="P68 to T32" source="P68" target="T32">
<graphics/>
<inscription>
<value>1</value>
<graphics/>
</inscription>
<tagged>
<value>false</value>
</tagged>
<arcpath id="000" x="1166" y="1872" curvePoint="false"/>
<arcpath id="001" x="1236" y="1872" curvePoint="false"/>
<type value="normal"/>
</arc>
<arc id="P6 to T5" source="P6" target="T5">
<graphics/>
<inscription>
<value>1</value>
<graphics/>
</inscription>
<tagged>
<value>false</value>
</tagged>
<arcpath id="000" x="581" y="237" curvePoint="false"/>
<arcpath id="001" x="666" y="237" curvePoint="false"/>
<type value="normal"/>
</arc>
<arc id="P70 to T10" source="P70" target="T10">
<graphics/>
<inscription>
<value>1</value>
<graphics/>
</inscription>
<tagged>
<value>false</value>
</tagged>
<arcpath id="000" x="552" y="566" curvePoint="false"/>
<arcpath id="001" x="552" y="642" curvePoint="false"/>
<type value="normal"/>
</arc>
<arc id="P73 to T14" source="P73" target="T14">
<graphics/>
<inscription>
<value>1</value>
<graphics/>
</inscription>
<tagged>
<value>false</value>
</tagged>
<arcpath id="000" x="237" y="1152" curvePoint="false"/>
<arcpath id="001" x="237" y="1107" curvePoint="false"/>
<type value="normal"/>
</arc>
<arc id="P74 to T17" source="P74" target="T17">
<graphics/>
<inscription>
<value>1</value>
<graphics/>
</inscription>
<tagged>
<value>false</value>
</tagged>
<arcpath id="000" x="327" y="1542" curvePoint="false"/>
<arcpath id="001" x="327" y="1482" curvePoint="false"/>
<type value="normal"/>
</arc>
<arc id="P75 to T39" source="P75" target="T39">
<graphics/>
<inscription>
<value>1</value>
<graphics/>
</inscription>
<tagged>
<value>false</value>
</tagged>
<arcpath id="000" x="237" y="1962" curvePoint="false"/>
<arcpath id="001" x="237" y="1902" curvePoint="false"/>
<type value="normal"/>
</arc>
<arc id="P7 to T6" source="P7" target="T6">
<graphics/>
<inscription>
<value>1</value>
<graphics/>
</inscription>
<tagged>
<value>false</value>
</tagged>
<arcpath id="000" x="770" y="39" curvePoint="false"/>
<arcpath id="001" x="832" y="126" curvePoint="false"/>
<type value="normal"/>
</arc>
<arc id="P8 to T6" source="P8" target="T6">
<graphics/>
<inscription>
<value>1</value>
<graphics/>
</inscription>
<tagged>
<value>false</value>
</tagged>
<arcpath id="000" x="776" y="133" curvePoint="false"/>
<arcpath id="001" x="831" y="133" curvePoint="false"/>
<type value="normal"/>
</arc>
<arc id="P9 to T6" source="P9" target="T6">
<graphics/>
<inscription>
<value>1</value>
<graphics/>
</inscription>
<tagged>
<value>false</value>
</tagged>
<arcpath id="000" x="770" y="224" curvePoint="false"/>
<arcpath id="001" x="831" y="140" curvePoint="false"/>
<type value="normal"/>
</arc>
<arc id="T0 to P1" source="T0" target="P1">
<graphics/>
<inscription>
<value>1</value>
<graphics/>
</inscription>
<tagged>
<value>false</value>
</tagged>
<arcpath id="000" x="181" y="132" curvePoint="false"/>
<arcpath id="001" x="237" y="132" curvePoint="false"/>
<type value="normal"/>
</arc>
<arc id="T10 to P20" source="T10" target="P20">
<graphics/>
<inscription>
<value>1</value>
<graphics/>
</inscription>
<tagged>
<value>false</value>
</tagged>
<arcpath id="000" x="556" y="657" curvePoint="false"/>
<arcpath id="001" x="612" y="657" curvePoint="false"/>
<type value="normal"/>
</arc>
<arc id="T11 to P21" source="T11" target="P21">
<graphics/>
<inscription>
<value>1</value>
<graphics/>
</inscription>
<tagged>
<value>false</value>
</tagged>
<arcpath id="000" x="721" y="657" curvePoint="false"/>
<arcpath id="001" x="792" y="657" curvePoint="false"/>
<type value="normal"/>
</arc>
<arc id="T12 to P22" source="T12" target="P22">
<graphics/>
<inscription>
<value>1</value>
<graphics/>
</inscription>
<tagged>
<value>false</value>
</tagged>
<arcpath id="000" x="901" y="657" curvePoint="false"/>
<arcpath id="001" x="957" y="657" curvePoint="false"/>
<type value="normal"/>
</arc>
<arc id="T13 to P23" source="T13" target="P23">
<graphics/>
<inscription>
<value>1</value>
<graphics/>
</inscription>
<tagged>
<value>false</value>
</tagged>
<arcpath id="000" x="1066" y="657" curvePoint="false"/>
<arcpath id="001" x="1122" y="657" curvePoint="false"/>
<type value="normal"/>
</arc>
<arc id="T14 to P29" source="T14" target="P29">
<graphics/>
<inscription>
<value>1</value>
<graphics/>
</inscription>
<tagged>
<value>false</value>
</tagged>
<arcpath id="000" x="241" y="1092" curvePoint="false"/>
<arcpath id="001" x="312" y="1092" curvePoint="false"/>
<type value="normal"/>
</arc>
<arc id="T14 to P73" source="T14" target="P73">
<graphics/>
<inscription>
<value>1</value>
<graphics/>
</inscription>
<tagged>
<value>false</value>
</tagged>
<arcpath id="000" x="237" y="1107" curvePoint="false"/>
<arcpath id="001" x="237" y="1152" curvePoint="false"/>
<type value="normal"/>
</arc>
<arc id="T15 to P30" source="T15" target="P30">
<graphics/>
<inscription>
<value>1</value>
<graphics/>
</inscription>
<tagged>
<value>false</value>
</tagged>
<arcpath id="000" x="421" y="1092" curvePoint="false"/>
<arcpath id="001" x="492" y="1092" curvePoint="false"/>
<type value="normal"/>
</arc>
<arc id="T16 to P31" source="T16" target="P31">
<graphics/>
<inscription>
<value>1</value>
<graphics/>
</inscription>
<tagged>
<value>false</value>
</tagged>
<arcpath id="000" x="616" y="1092" curvePoint="false"/>
<arcpath id="001" x="687" y="1092" curvePoint="false"/>
<type value="normal"/>
</arc>
<arc id="T16 to P32" source="T16" target="P32">
<graphics/>
<inscription>
<value>1</value>
<graphics/>
</inscription>
<tagged>
<value>false</value>
</tagged>
<arcpath id="000" x="612" y="1077" curvePoint="false"/>
<arcpath id="001" x="612" y="1031" curvePoint="false"/>
<type value="normal"/>
</arc>
<arc id="T17 to P35" source="T17" target="P35">
<graphics/>
<inscription>
<value>1</value>
<graphics/>
</inscription>
<tagged>
<value>false</value>
</tagged>
<arcpath id="000" x="331" y="1467" curvePoint="false"/>
<arcpath id="001" x="387" y="1467" curvePoint="false"/>
<type value="normal"/>
</arc>
<arc id="T17 to P74" source="T17" target="P74">
<graphics/>
<inscription>
<value>1</value>
<graphics/>
</inscription>
<tagged>
<value>false</value>
</tagged>
<arcpath id="000" x="327" y="1482" curvePoint="false"/>
<arcpath id="001" x="327" y="1542" curvePoint="false"/>
<type value="normal"/>
</arc>
<arc id="T18 to P36" source="T18" target="P36">
<graphics/>
<inscription>
<value>1</value>
<graphics/>
</inscription>
<tagged>
<value>false</value>
</tagged>
<arcpath id="000" x="497" y="1462" curvePoint="false"/>
<arcpath id="001" x="528" y="1419" curvePoint="false"/>
<type value="normal"/>
</arc>
<arc id="T18 to P37" source="T18" target="P37">
<graphics/>
<inscription>
<value>1</value>
<graphics/>
</inscription>
<tagged>
<value>false</value>
</tagged>
<arcpath id="000" x="496" y="1472" curvePoint="false"/>
<arcpath id="001" x="528" y="1514" curvePoint="false"/>
<type value="normal"/>
</arc>
<arc id="T19 to P38" source="T19" target="P38">
<graphics/>
<inscription>
<value>1</value>
<graphics/>
</inscription>
<tagged>
<value>false</value>
</tagged>
<arcpath id="000" x="631" y="1407" curvePoint="false"/>
<arcpath id="001" x="702" y="1407" curvePoint="false"/>
<type value="normal"/>
</arc>
<arc id="T1 to P2" source="T1" target="P2">
<graphics/>
<inscription>
<value>1</value>
<graphics/>
</inscription>
<tagged>
<value>false</value>
</tagged>
<arcpath id="000" x="331" y="132" curvePoint="false"/>
<arcpath id="001" x="402" y="132" curvePoint="false"/>
<type value="normal"/>
</arc>
<arc id="T1 to P3" source="T1" target="P3">
<graphics/>
<inscription>
<value>1</value>
<graphics/>
</inscription>
<tagged>
<value>false</value>
</tagged>
<arcpath id="000" x="327" y="147" curvePoint="false"/>
<arcpath id="001" x="327" y="192" curvePoint="false"/>
<type value="normal"/>
</arc>
<arc id="T20 to P39" source="T20" target="P39">
<graphics/>
<inscription>
<value>1</value>
<graphics/>
</inscription>
<tagged>
<value>false</value>
</tagged>
<arcpath id="000" x="631" y="1527" curvePoint="false"/>
<arcpath id="001" x="702" y="1527" curvePoint="false"/>
<type value="normal"/>
</arc>
<arc id="T21 to P40" source="T21" target="P40">
<graphics/>
<inscription>
<value>1</value>
<graphics/>
</inscription>
<tagged>
<value>false</value>
</tagged>
<arcpath id="000" x="777" y="1452" curvePoint="false"/>
<arcpath id="001" x="777" y="1391" curvePoint="false"/>
<type value="normal"/>
</arc>
<arc id="T21 to P41" source="T21" target="P41">
<graphics/>
<inscription>
<value>1</value>
<graphics/>
</inscription>
<tagged>
<value>false</value>
</tagged>
<arcpath id="000" x="781" y="1467" curvePoint="false"/>
<arcpath id="001" x="867" y="1467" curvePoint="false"/>
<type value="normal"/>
</arc>
<arc id="T22 to P42" source="T22" target="P42">
<graphics/>
<inscription>
<value>1</value>
<graphics/>
</inscription>
<tagged>
<value>false</value>
</tagged>
<arcpath id="000" x="991" y="1467" curvePoint="false"/>
<arcpath id="001" x="1047" y="1467" curvePoint="false"/>
<type value="normal"/>
</arc>
<arc id="T22 to P71" source="T22" target="P71">
<graphics/>
<inscription>
<value>1</value>
<graphics/>
</inscription>
<tagged>
<value>false</value>
</tagged>
<arcpath id="000" x="987" y="1452" curvePoint="false"/>
<arcpath id="001" x="987" y="1391" curvePoint="false"/>
<type value="normal"/>
</arc>
<arc id="T2 to P4" source="T2" target="P4">
<graphics/>
<inscription>
<value>1</value>
<graphics/>
</inscription>
<tagged>
<value>false</value>
</tagged>
<arcpath id="000" x="507" y="117" curvePoint="false"/>
<arcpath id="001" x="558" y="39" curvePoint="false"/>
<type value="normal"/>
</arc>
<arc id="T2 to P5" source="T2" target="P5">
<graphics/>
<inscription>
<value>1</value>
<graphics/>
</inscription>
<tagged>
<value>false</value>
</tagged>
<arcpath id="000" x="511" y="132" curvePoint="false"/>
<arcpath id="001" x="552" y="132" curvePoint="false"/>
<type value="normal"/>
</arc>
<arc id="T2 to P6" source="T2" target="P6">
<graphics/>
<inscription>
<value>1</value>
<graphics/>
</inscription>
<tagged>
<value>false</value>
</tagged>
<arcpath id="000" x="507" y="147" curvePoint="false"/>
<arcpath id="001" x="558" y="224" curvePoint="false"/>
<type value="normal"/>
</arc>
<arc id="T32 to P69" source="T32" target="P69">
<graphics/>
<inscription>
<value>1</value>
<graphics/>
</inscription>
<tagged>
<value>false</value>
</tagged>
<arcpath id="000" x="1246" y="1872" curvePoint="false"/>
<arcpath id="001" x="1302" y="1872" curvePoint="false"/>
<type value="normal"/>
</arc>
<arc id="T32 to P72" source="T32" target="P72">
<graphics/>
<inscription>
<value>1</value>
<graphics/>
</inscription>
<tagged>
<value>false</value>
</tagged>
<arcpath id="000" x="1242" y="1857" curvePoint="false"/>
<arcpath id="001" x="1242" y="1796" curvePoint="false"/>
<type value="normal"/>
</arc>
<arc id="T33 to P67" source="T33" target="P67">
<graphics/>
<inscription>
<value>1</value>
<graphics/>
</inscription>
<tagged>
<value>false</value>
</tagged>
<arcpath id="000" x="1062" y="1857" curvePoint="false"/>
<arcpath id="001" x="1062" y="1811" curvePoint="false"/>
<type value="normal"/>
</arc>
<arc id="T33 to P68" source="T33" target="P68">
<graphics/>
<inscription>
<value>1</value>
<graphics/>
</inscription>
<tagged>
<value>false</value>
</tagged>
<arcpath id="000" x="1066" y="1872" curvePoint="false"/>
<arcpath id="001" x="1137" y="1872" curvePoint="false"/>
<type value="normal"/>
</arc>
<arc id="T34 to P66" source="T34" target="P66">
<graphics/>
<inscription>
<value>1</value>
<graphics/>
</inscription>
<tagged>
<value>false</value>
</tagged>
<arcpath id="000" x="886" y="1872" curvePoint="false"/>
<arcpath id="001" x="942" y="1872" curvePoint="false"/>
<type value="normal"/>
</arc>
<arc id="T35 to P65" source="T35" target="P65">
<graphics/>
<inscription>
<value>1</value>
<graphics/>
</inscription>
<tagged>
<value>false</value>
</tagged>
<arcpath id="000" x="706" y="1872" curvePoint="false"/>
<arcpath id="001" x="777" y="1872" curvePoint="false"/>
<type value="normal"/>
</arc>
<arc id="T36 to P63" source="T36" target="P63">
<graphics/>
<inscription>
<value>1</value>
<graphics/>
</inscription>
<tagged>
<value>false</value>
</tagged>
<arcpath id="000" x="571" y="1812" curvePoint="false"/>
<arcpath id="001" x="642" y="1812" curvePoint="false"/>
<type value="normal"/>
</arc>
<arc id="T37 to P64" source="T37" target="P64">
<graphics/>
<inscription>
<value>1</value>
<graphics/>
</inscription>
<tagged>
<value>false</value>
</tagged>
<arcpath id="000" x="556" y="1962" curvePoint="false"/>
<arcpath id="001" x="642" y="1962" curvePoint="false"/>
<type value="normal"/>
</arc>
<arc id="T38 to P61" source="T38" target="P61">
<graphics/>
<inscription>
<value>1</value>
<graphics/>
</inscription>
<tagged>
<value>false</value>
</tagged>
<arcpath id="000" x="417" y="1872" curvePoint="false"/>
<arcpath id="001" x="440" y="1825" curvePoint="false"/>
<type value="normal"/>
</arc>
<arc id="T38 to P62" source="T38" target="P62">
<graphics/>
<inscription>
<value>1</value>
<graphics/>
</inscription>
<tagged>
<value>false</value>
</tagged>
<arcpath id="000" x="417" y="1902" curvePoint="false"/>
<arcpath id="001" x="440" y="1948" curvePoint="false"/>
<type value="normal"/>
</arc>
<arc id="T39 to P59" source="T39" target="P59">
<graphics/>
<inscription>
<value>1</value>
<graphics/>
</inscription>
<tagged>
<value>false</value>
</tagged>
<arcpath id="000" x="241" y="1887" curvePoint="false"/>
<arcpath id="001" x="327" y="1887" curvePoint="false"/>
<type value="normal"/>
</arc>
<arc id="T39 to P75" source="T39" target="P75">
<graphics/>
<inscription>
<value>1</value>
<graphics/>
</inscription>
<tagged>
<value>false</value>
</tagged>
<arcpath id="000" x="237" y="1902" curvePoint="false"/>
<arcpath id="001" x="237" y="1962" curvePoint="false"/>
<type value="normal"/>
</arc>
<arc id="T3 to P7" source="T3" target="P7">
<graphics/>
<inscription>
<value>1</value>
<graphics/>
</inscription>
<tagged>
<value>false</value>
</tagged>
<arcpath id="000" x="676" y="27" curvePoint="false"/>
<arcpath id="001" x="747" y="27" curvePoint="false"/>
<type value="normal"/>
</arc>
<arc id="T4 to P8" source="T4" target="P8">
<graphics/>
<inscription>
<value>1</value>
<graphics/>
</inscription>
<tagged>
<value>false</value>
</tagged>
<arcpath id="000" x="676" y="132" curvePoint="false"/>
<arcpath id="001" x="747" y="132" curvePoint="false"/>
<type value="normal"/>
</arc>
<arc id="T5 to P9" source="T5" target="P9">
<graphics/>
<inscription>
<value>1</value>
<graphics/>
</inscription>
<tagged>
<value>false</value>
</tagged>
<arcpath id="000" x="676" y="237" curvePoint="false"/>
<arcpath id="001" x="747" y="237" curvePoint="false"/>
<type value="normal"/>
</arc>
<arc id="T6 to P10" source="T6" target="P10">
<graphics/>
<inscription>
<value>1</value>
<graphics/>
</inscription>
<tagged>
<value>false</value>
</tagged>
<arcpath id="000" x="837" y="147" curvePoint="false"/>
<arcpath id="001" x="837" y="207" curvePoint="false"/>
<type value="normal"/>
</arc>
<arc id="T6 to P11" source="T6" target="P11">
<graphics/>
<inscription>
<value>1</value>
<graphics/>
</inscription>
<tagged>
<value>false</value>
</tagged>
<arcpath id="000" x="841" y="132" curvePoint="false"/>
<arcpath id="001" x="912" y="132" curvePoint="false"/>
<type value="normal"/>
</arc>
<arc id="T7 to P12" source="T7" target="P12">
<graphics/>
<inscription>
<value>1</value>
<graphics/>
</inscription>
<tagged>
<value>false</value>
</tagged>
<arcpath id="000" x="1006" y="132" curvePoint="false"/>
<arcpath id="001" x="1062" y="132" curvePoint="false"/>
<type value="normal"/>
</arc>
<arc id="T8 to P14" source="T8" target="P14">
<graphics/>
<inscription>
<value>1</value>
<graphics/>
</inscription>
<tagged>
<value>false</value>
</tagged>
<arcpath id="000" x="196" y="657" curvePoint="false"/>
<arcpath id="001" x="252" y="657" curvePoint="false"/>
<type value="normal"/>
</arc>
<arc id="T9 to P16" source="T9" target="P16">
<graphics/>
<inscription>
<value>1</value>
<graphics/>
</inscription>
<tagged>
<value>false</value>
</tagged>
<arcpath id="000" x="361" y="657" curvePoint="false"/>
<arcpath id="001" x="447" y="657" curvePoint="false"/>
<type value="normal"/>
</arc>
<arc id="T9 to P17" source="T9" target="P17">
<graphics/>
<inscription>
<value>1</value>
<graphics/>
</inscription>
<tagged>
<value>false</value>
</tagged>
<arcpath id="000" x="357" y="672" curvePoint="false"/>
<arcpath id="001" x="349" y="710" curvePoint="true"/>
<arcpath id="002" x="295" y="739" curvePoint="false"/>
<type value="normal"/>
</arc>
<arc id="T9 to P18" source="T9" target="P18">
<graphics/>
<inscription>
<value>1</value>
<graphics/>
</inscription>
<tagged>
<value>false</value>
</tagged>
<arcpath id="000" x="357" y="672" curvePoint="false"/>
<arcpath id="001" x="357" y="732" curvePoint="false"/>
<type value="normal"/>
</arc>
<arc id="T9 to P19" source="T9" target="P19">
<graphics/>
<inscription>
<value>1</value>
<graphics/>
</inscription>
<tagged>
<value>false</value>
</tagged>
<arcpath id="000" x="357" y="672" curvePoint="false"/>
<arcpath id="001" x="376" y="713" curvePoint="true"/>
<arcpath id="002" x="419" y="739" curvePoint="false"/>
<type value="normal"/>
</arc>
</net>
</pnml>
