<?xml version="1.0" encoding="iso-8859-1"?><pnml>
<net id="Net-One" type="P/T net">
<labels x="370" y="89" width="109" height="25" border="true">
<text>1*P1</text>
<finalMarings>true</finalMarings>
</labels>
<labels x="395" y="325" width="109" height="25" border="true">
<text>1*P3</text>
<finalMarings>true</finalMarings>
</labels>
<labels x="830" y="86" width="109" height="25" border="true">
<text>1*P5</text>
<finalMarings>true</finalMarings>
</labels>
<labels x="1470" y="1134" width="109" height="25" border="true">
<text>1*P53</text>
<finalMarings>true</finalMarings>
</labels>
<labels x="1279" y="107" width="109" height="25" border="true">
<text>1*P7</text>
<finalMarings>true</finalMarings>
</labels>
<labels x="1663" y="104" width="109" height="25" border="true">
<text>1*P9</text>
<finalMarings>true</finalMarings>
</labels>
<labels x="49" y="818" width="109" height="41" border="true">
<text>120 Command Center</text>
<finalMarings>false</finalMarings>
</labels>
<labels x="72" y="101" width="109" height="25" border="true">
<text>Class1 Hospital</text>
<finalMarings>false</finalMarings>
</labels>
<labels x="555" y="100" width="109" height="25" border="true">
<text>Class2 Hospital</text>
<finalMarings>false</finalMarings>
</labels>
<labels x="1014" y="110" width="109" height="25" border="true">
<text>Class3 Hospital</text>
<finalMarings>false</finalMarings>
</labels>
<labels x="141" y="319" width="109" height="25" border="true">
<text>HigOffice</text>
<finalMarings>false</finalMarings>
</labels>
<labels x="1429" y="112" width="109" height="25" border="true">
<text>Spec Hospital</text>
<finalMarings>false</finalMarings>
</labels>
<place id="P0">
<graphics>
<position x="135.0" y="135.0"/>
</graphics>
<name>
<value>P0</value>
<graphics>
<offset x="-5.0" y="35.0"/>
</graphics>
</name>
<msgPlace>false</msgPlace>
<resPlace>false</resPlace>
<initialMarking>
<value>1</value>
<graphics>
<offset x="0.0" y="0.0"/>
</graphics>
</initialMarking>
<capacity>
<value>0</value>
</capacity>
</place>
<place id="P1">
<graphics>
<position x="405.0" y="135.0"/>
</graphics>
<name>
<value>P1</value>
<graphics>
<offset x="-5.0" y="35.0"/>
</graphics>
</name>
<msgPlace>false</msgPlace>
<resPlace>false</resPlace>
<initialMarking>
<value>0</value>
<graphics>
<offset x="0.0" y="0.0"/>
</graphics>
</initialMarking>
<capacity>
<value>0</value>
</capacity>
</place>
<place id="P10">
<graphics>
<position x="225.0" y="45.0"/>
</graphics>
<name>
<value>c1hpNotify</value>
<graphics>
<offset x="-5.0" y="35.0"/>
</graphics>
</name>
<msgPlace>true</msgPlace>
<resPlace>false</resPlace>
<initialMarking>
<value>0</value>
<graphics>
<offset x="0.0" y="0.0"/>
</graphics>
</initialMarking>
<capacity>
<value>0</value>
</capacity>
</place>
<place id="P11">
<graphics>
<position x="705.0" y="45.0"/>
</graphics>
<name>
<value>c2hpNotify</value>
<graphics>
<offset x="-5.0" y="35.0"/>
</graphics>
</name>
<msgPlace>true</msgPlace>
<resPlace>false</resPlace>
<initialMarking>
<value>0</value>
<graphics>
<offset x="0.0" y="0.0"/>
</graphics>
</initialMarking>
<capacity>
<value>0</value>
</capacity>
</place>
<place id="P12">
<graphics>
<position x="1155.0" y="45.0"/>
</graphics>
<name>
<value>c3hpNotify</value>
<graphics>
<offset x="-5.0" y="35.0"/>
</graphics>
</name>
<msgPlace>true</msgPlace>
<resPlace>false</resPlace>
<initialMarking>
<value>0</value>
<graphics>
<offset x="0.0" y="0.0"/>
</graphics>
</initialMarking>
<capacity>
<value>0</value>
</capacity>
</place>
<place id="P13">
<graphics>
<position x="1545.0" y="45.0"/>
</graphics>
<name>
<value>sphpNotify</value>
<graphics>
<offset x="-5.0" y="35.0"/>
</graphics>
</name>
<msgPlace>true</msgPlace>
<resPlace>false</resPlace>
<initialMarking>
<value>0</value>
<graphics>
<offset x="0.0" y="0.0"/>
</graphics>
</initialMarking>
<capacity>
<value>0</value>
</capacity>
</place>
<place id="P14">
<graphics>
<position x="75.0" y="735.0"/>
</graphics>
<name>
<value>P14</value>
<graphics>
<offset x="-5.0" y="35.0"/>
</graphics>
</name>
<msgPlace>false</msgPlace>
<resPlace>false</resPlace>
<initialMarking>
<value>1</value>
<graphics>
<offset x="0.0" y="0.0"/>
</graphics>
</initialMarking>
<capacity>
<value>0</value>
</capacity>
</place>
<place id="P15">
<graphics>
<position x="195.0" y="660.0"/>
</graphics>
<name>
<value>P15</value>
<graphics>
<offset x="-5.0" y="35.0"/>
</graphics>
</name>
<msgPlace>false</msgPlace>
<resPlace>false</resPlace>
<initialMarking>
<value>0</value>
<graphics>
<offset x="0.0" y="0.0"/>
</graphics>
</initialMarking>
<capacity>
<value>0</value>
</capacity>
</place>
<place id="P16">
<graphics>
<position x="195.0" y="735.0"/>
</graphics>
<name>
<value>P16</value>
<graphics>
<offset x="-5.0" y="35.0"/>
</graphics>
</name>
<msgPlace>false</msgPlace>
<resPlace>false</resPlace>
<initialMarking>
<value>0</value>
<graphics>
<offset x="0.0" y="0.0"/>
</graphics>
</initialMarking>
<capacity>
<value>0</value>
</capacity>
</place>
<place id="P17">
<graphics>
<position x="195.0" y="810.0"/>
</graphics>
<name>
<value>P17</value>
<graphics>
<offset x="-5.0" y="35.0"/>
</graphics>
</name>
<msgPlace>false</msgPlace>
<resPlace>false</resPlace>
<initialMarking>
<value>0</value>
<graphics>
<offset x="0.0" y="0.0"/>
</graphics>
</initialMarking>
<capacity>
<value>0</value>
</capacity>
</place>
<place id="P18">
<graphics>
<position x="345.0" y="660.0"/>
</graphics>
<name>
<value>P18</value>
<graphics>
<offset x="9.0" y="39.0"/>
</graphics>
</name>
<msgPlace>false</msgPlace>
<resPlace>false</resPlace>
<initialMarking>
<value>0</value>
<graphics>
<offset x="0.0" y="0.0"/>
</graphics>
</initialMarking>
<capacity>
<value>0</value>
</capacity>
</place>
<place id="P19">
<graphics>
<position x="345.0" y="735.0"/>
</graphics>
<name>
<value>P19</value>
<graphics>
<offset x="-5.0" y="35.0"/>
</graphics>
</name>
<msgPlace>false</msgPlace>
<resPlace>false</resPlace>
<initialMarking>
<value>0</value>
<graphics>
<offset x="0.0" y="0.0"/>
</graphics>
</initialMarking>
<capacity>
<value>0</value>
</capacity>
</place>
<place id="P2">
<graphics>
<position x="240.0" y="360.0"/>
</graphics>
<name>
<value>P2</value>
<graphics>
<offset x="-5.0" y="35.0"/>
</graphics>
</name>
<msgPlace>false</msgPlace>
<resPlace>false</resPlace>
<initialMarking>
<value>1</value>
<graphics>
<offset x="0.0" y="0.0"/>
</graphics>
</initialMarking>
<capacity>
<value>0</value>
</capacity>
</place>
<place id="P20">
<graphics>
<position x="345.0" y="810.0"/>
</graphics>
<name>
<value>P20</value>
<graphics>
<offset x="-5.0" y="35.0"/>
</graphics>
</name>
<msgPlace>false</msgPlace>
<resPlace>false</resPlace>
<initialMarking>
<value>0</value>
<graphics>
<offset x="0.0" y="0.0"/>
</graphics>
</initialMarking>
<capacity>
<value>0</value>
</capacity>
</place>
<place id="P21">
<graphics>
<position x="435.0" y="735.0"/>
</graphics>
<name>
<value>P21</value>
<graphics>
<offset x="-5.0" y="35.0"/>
</graphics>
</name>
<msgPlace>false</msgPlace>
<resPlace>false</resPlace>
<initialMarking>
<value>0</value>
<graphics>
<offset x="0.0" y="0.0"/>
</graphics>
</initialMarking>
<capacity>
<value>0</value>
</capacity>
</place>
<place id="P22">
<graphics>
<position x="555.0" y="735.0"/>
</graphics>
<name>
<value>P22</value>
<graphics>
<offset x="-5.0" y="35.0"/>
</graphics>
</name>
<msgPlace>false</msgPlace>
<resPlace>false</resPlace>
<initialMarking>
<value>0</value>
<graphics>
<offset x="0.0" y="0.0"/>
</graphics>
</initialMarking>
<capacity>
<value>0</value>
</capacity>
</place>
<place id="P23">
<graphics>
<position x="660.0" y="630.0"/>
</graphics>
<name>
<value>P23</value>
<graphics>
<offset x="-5.0" y="35.0"/>
</graphics>
</name>
<msgPlace>false</msgPlace>
<resPlace>false</resPlace>
<initialMarking>
<value>0</value>
<graphics>
<offset x="0.0" y="0.0"/>
</graphics>
</initialMarking>
<capacity>
<value>0</value>
</capacity>
</place>
<place id="P24">
<graphics>
<position x="675.0" y="765.0"/>
</graphics>
<name>
<value>P24</value>
<graphics>
<offset x="-5.0" y="35.0"/>
</graphics>
</name>
<msgPlace>false</msgPlace>
<resPlace>false</resPlace>
<initialMarking>
<value>0</value>
<graphics>
<offset x="0.0" y="0.0"/>
</graphics>
</initialMarking>
<capacity>
<value>0</value>
</capacity>
</place>
<place id="P29">
<graphics>
<position x="825.0" y="765.0"/>
</graphics>
<name>
<value>P29</value>
<graphics>
<offset x="-5.0" y="35.0"/>
</graphics>
</name>
<msgPlace>false</msgPlace>
<resPlace>false</resPlace>
<initialMarking>
<value>0</value>
<graphics>
<offset x="0.0" y="0.0"/>
</graphics>
</initialMarking>
<capacity>
<value>0</value>
</capacity>
</place>
<place id="P3">
<graphics>
<position x="420.0" y="360.0"/>
</graphics>
<name>
<value>P3</value>
<graphics>
<offset x="-5.0" y="35.0"/>
</graphics>
</name>
<msgPlace>false</msgPlace>
<resPlace>false</resPlace>
<initialMarking>
<value>0</value>
<graphics>
<offset x="0.0" y="0.0"/>
</graphics>
</initialMarking>
<capacity>
<value>0</value>
</capacity>
</place>
<place id="P30">
<graphics>
<position x="825.0" y="825.0"/>
</graphics>
<name>
<value>P30</value>
<graphics>
<offset x="-5.0" y="35.0"/>
</graphics>
</name>
<msgPlace>false</msgPlace>
<resPlace>false</resPlace>
<initialMarking>
<value>0</value>
<graphics>
<offset x="0.0" y="0.0"/>
</graphics>
</initialMarking>
<capacity>
<value>0</value>
</capacity>
</place>
<place id="P31">
<graphics>
<position x="825.0" y="885.0"/>
</graphics>
<name>
<value>P31</value>
<graphics>
<offset x="-5.0" y="35.0"/>
</graphics>
</name>
<msgPlace>false</msgPlace>
<resPlace>false</resPlace>
<initialMarking>
<value>0</value>
<graphics>
<offset x="0.0" y="0.0"/>
</graphics>
</initialMarking>
<capacity>
<value>0</value>
</capacity>
</place>
<place id="P32">
<graphics>
<position x="825.0" y="945.0"/>
</graphics>
<name>
<value>P32</value>
<graphics>
<offset x="-5.0" y="35.0"/>
</graphics>
</name>
<msgPlace>false</msgPlace>
<resPlace>false</resPlace>
<initialMarking>
<value>0</value>
<graphics>
<offset x="0.0" y="0.0"/>
</graphics>
</initialMarking>
<capacity>
<value>0</value>
</capacity>
</place>
<place id="P34">
<graphics>
<position x="915.0" y="975.0"/>
</graphics>
<name>
<value>P34</value>
<graphics>
<offset x="-2.0" y="-1.0"/>
</graphics>
</name>
<msgPlace>false</msgPlace>
<resPlace>false</resPlace>
<initialMarking>
<value>0</value>
<graphics>
<offset x="0.0" y="0.0"/>
</graphics>
</initialMarking>
<capacity>
<value>0</value>
</capacity>
</place>
<place id="P37">
<graphics>
<position x="1230.0" y="840.0"/>
</graphics>
<name>
<value>P37</value>
<graphics>
<offset x="17.0" y="41.0"/>
</graphics>
</name>
<msgPlace>false</msgPlace>
<resPlace>false</resPlace>
<initialMarking>
<value>0</value>
<graphics>
<offset x="0.0" y="0.0"/>
</graphics>
</initialMarking>
<capacity>
<value>0</value>
</capacity>
</place>
<place id="P38">
<graphics>
<position x="1245.0" y="945.0"/>
</graphics>
<name>
<value>P38</value>
<graphics>
<offset x="-5.0" y="35.0"/>
</graphics>
</name>
<msgPlace>false</msgPlace>
<resPlace>false</resPlace>
<initialMarking>
<value>0</value>
<graphics>
<offset x="0.0" y="0.0"/>
</graphics>
</initialMarking>
<capacity>
<value>0</value>
</capacity>
</place>
<place id="P39">
<graphics>
<position x="1245.0" y="1005.0"/>
</graphics>
<name>
<value>P39</value>
<graphics>
<offset x="-5.0" y="35.0"/>
</graphics>
</name>
<msgPlace>false</msgPlace>
<resPlace>false</resPlace>
<initialMarking>
<value>0</value>
<graphics>
<offset x="0.0" y="0.0"/>
</graphics>
</initialMarking>
<capacity>
<value>0</value>
</capacity>
</place>
<place id="P4">
<graphics>
<position x="630.0" y="135.0"/>
</graphics>
<name>
<value>P4</value>
<graphics>
<offset x="-5.0" y="35.0"/>
</graphics>
</name>
<msgPlace>false</msgPlace>
<resPlace>false</resPlace>
<initialMarking>
<value>1</value>
<graphics>
<offset x="0.0" y="0.0"/>
</graphics>
</initialMarking>
<capacity>
<value>0</value>
</capacity>
</place>
<place id="P40">
<graphics>
<position x="675.0" y="1080.0"/>
</graphics>
<name>
<value>P40</value>
<graphics>
<offset x="-5.0" y="35.0"/>
</graphics>
</name>
<msgPlace>false</msgPlace>
<resPlace>false</resPlace>
<initialMarking>
<value>0</value>
<graphics>
<offset x="0.0" y="0.0"/>
</graphics>
</initialMarking>
<capacity>
<value>0</value>
</capacity>
</place>
<place id="P47">
<graphics>
<position x="840.0" y="1080.0"/>
</graphics>
<name>
<value>P47</value>
<graphics>
<offset x="-5.0" y="35.0"/>
</graphics>
</name>
<msgPlace>false</msgPlace>
<resPlace>false</resPlace>
<initialMarking>
<value>0</value>
<graphics>
<offset x="0.0" y="0.0"/>
</graphics>
</initialMarking>
<capacity>
<value>0</value>
</capacity>
</place>
<place id="P48">
<graphics>
<position x="840.0" y="1140.0"/>
</graphics>
<name>
<value>P48</value>
<graphics>
<offset x="-5.0" y="35.0"/>
</graphics>
</name>
<msgPlace>false</msgPlace>
<resPlace>false</resPlace>
<initialMarking>
<value>0</value>
<graphics>
<offset x="0.0" y="0.0"/>
</graphics>
</initialMarking>
<capacity>
<value>0</value>
</capacity>
</place>
<place id="P49">
<graphics>
<position x="840.0" y="1200.0"/>
</graphics>
<name>
<value>P49</value>
<graphics>
<offset x="-5.0" y="35.0"/>
</graphics>
</name>
<msgPlace>false</msgPlace>
<resPlace>false</resPlace>
<initialMarking>
<value>0</value>
<graphics>
<offset x="0.0" y="0.0"/>
</graphics>
</initialMarking>
<capacity>
<value>0</value>
</capacity>
</place>
<place id="P5">
<graphics>
<position x="900.0" y="135.0"/>
</graphics>
<name>
<value>P5</value>
<graphics>
<offset x="34.0" y="50.0"/>
</graphics>
</name>
<msgPlace>false</msgPlace>
<resPlace>false</resPlace>
<initialMarking>
<value>0</value>
<graphics>
<offset x="0.0" y="0.0"/>
</graphics>
</initialMarking>
<capacity>
<value>0</value>
</capacity>
</place>
<place id="P50">
<graphics>
<position x="840.0" y="1260.0"/>
</graphics>
<name>
<value>P50</value>
<graphics>
<offset x="-5.0" y="35.0"/>
</graphics>
</name>
<msgPlace>false</msgPlace>
<resPlace>false</resPlace>
<initialMarking>
<value>0</value>
<graphics>
<offset x="0.0" y="0.0"/>
</graphics>
</initialMarking>
<capacity>
<value>0</value>
</capacity>
</place>
<place id="P51">
<graphics>
<position x="840.0" y="1320.0"/>
</graphics>
<name>
<value>P51</value>
<graphics>
<offset x="-5.0" y="35.0"/>
</graphics>
</name>
<msgPlace>false</msgPlace>
<resPlace>false</resPlace>
<initialMarking>
<value>0</value>
<graphics>
<offset x="0.0" y="0.0"/>
</graphics>
</initialMarking>
<capacity>
<value>0</value>
</capacity>
</place>
<place id="P52">
<graphics>
<position x="840.0" y="1380.0"/>
</graphics>
<name>
<value>P52</value>
<graphics>
<offset x="-5.0" y="35.0"/>
</graphics>
</name>
<msgPlace>false</msgPlace>
<resPlace>false</resPlace>
<initialMarking>
<value>0</value>
<graphics>
<offset x="0.0" y="0.0"/>
</graphics>
</initialMarking>
<capacity>
<value>0</value>
</capacity>
</place>
<place id="P53">
<graphics>
<position x="1470.0" y="1050.0"/>
</graphics>
<name>
<value>P53</value>
<graphics>
<offset x="33.0" y="42.0"/>
</graphics>
</name>
<msgPlace>false</msgPlace>
<resPlace>false</resPlace>
<initialMarking>
<value>0</value>
<graphics>
<offset x="0.0" y="0.0"/>
</graphics>
</initialMarking>
<capacity>
<value>0</value>
</capacity>
</place>
<place id="P55">
<graphics>
<position x="1110.0" y="945.0"/>
</graphics>
<name>
<value>P55</value>
<graphics>
<offset x="-5.0" y="35.0"/>
</graphics>
</name>
<msgPlace>false</msgPlace>
<resPlace>false</resPlace>
<initialMarking>
<value>0</value>
<graphics>
<offset x="0.0" y="0.0"/>
</graphics>
</initialMarking>
<capacity>
<value>0</value>
</capacity>
</place>
<place id="P56">
<graphics>
<position x="1110.0" y="1005.0"/>
</graphics>
<name>
<value>P56</value>
<graphics>
<offset x="-5.0" y="35.0"/>
</graphics>
</name>
<msgPlace>false</msgPlace>
<resPlace>false</resPlace>
<initialMarking>
<value>0</value>
<graphics>
<offset x="0.0" y="0.0"/>
</graphics>
</initialMarking>
<capacity>
<value>0</value>
</capacity>
</place>
<place id="P57">
<graphics>
<position x="1035.0" y="840.0"/>
</graphics>
<name>
<value>P57</value>
<graphics>
<offset x="-5.0" y="35.0"/>
</graphics>
</name>
<msgPlace>false</msgPlace>
<resPlace>false</resPlace>
<initialMarking>
<value>0</value>
<graphics>
<offset x="0.0" y="0.0"/>
</graphics>
</initialMarking>
<capacity>
<value>0</value>
</capacity>
</place>
<place id="P58">
<graphics>
<position x="660.0" y="1515.0"/>
</graphics>
<name>
<value>P58</value>
<graphics>
<offset x="-5.0" y="35.0"/>
</graphics>
</name>
<msgPlace>false</msgPlace>
<resPlace>false</resPlace>
<initialMarking>
<value>0</value>
<graphics>
<offset x="0.0" y="0.0"/>
</graphics>
</initialMarking>
<capacity>
<value>0</value>
</capacity>
</place>
<place id="P59">
<graphics>
<position x="330.0" y="270.0"/>
</graphics>
<name>
<value>report</value>
<graphics>
<offset x="-5.0" y="35.0"/>
</graphics>
</name>
<msgPlace>true</msgPlace>
<resPlace>false</resPlace>
<initialMarking>
<value>0</value>
<graphics>
<offset x="0.0" y="0.0"/>
</graphics>
</initialMarking>
<capacity>
<value>0</value>
</capacity>
</place>
<place id="P6">
<graphics>
<position x="1050.0" y="135.0"/>
</graphics>
<name>
<value>P6</value>
<graphics>
<offset x="-5.0" y="35.0"/>
</graphics>
</name>
<msgPlace>false</msgPlace>
<resPlace>false</resPlace>
<initialMarking>
<value>1</value>
<graphics>
<offset x="0.0" y="0.0"/>
</graphics>
</initialMarking>
<capacity>
<value>0</value>
</capacity>
</place>
<place id="P60">
<graphics>
<position x="120.0" y="555.0"/>
</graphics>
<name>
<value>report</value>
<graphics>
<offset x="29.0" y="-19.0"/>
</graphics>
</name>
<msgPlace>true</msgPlace>
<resPlace>false</resPlace>
<initialMarking>
<value>0</value>
<graphics>
<offset x="0.0" y="0.0"/>
</graphics>
</initialMarking>
<capacity>
<value>0</value>
</capacity>
</place>
<place id="P62">
<graphics>
<position x="270.0" y="555.0"/>
</graphics>
<name>
<value>c2hpNotify</value>
<graphics>
<offset x="42.0" y="-10.0"/>
</graphics>
</name>
<msgPlace>true</msgPlace>
<resPlace>false</resPlace>
<initialMarking>
<value>0</value>
<graphics>
<offset x="0.0" y="0.0"/>
</graphics>
</initialMarking>
<capacity>
<value>0</value>
</capacity>
</place>
<place id="P66">
<graphics>
<position x="990.0" y="780.0"/>
</graphics>
<name>
<value>amblu</value>
<graphics>
<offset x="-5.0" y="35.0"/>
</graphics>
</name>
<msgPlace>false</msgPlace>
<resPlace>true</resPlace>
<initialMarking>
<value>1</value>
<graphics>
<offset x="0.0" y="0.0"/>
</graphics>
</initialMarking>
<capacity>
<value>0</value>
</capacity>
</place>
<place id="P67">
<graphics>
<position x="285.0" y="135.0"/>
</graphics>
<name>
<value>P67</value>
<graphics>
<offset x="-5.0" y="35.0"/>
</graphics>
</name>
<msgPlace>false</msgPlace>
<resPlace>false</resPlace>
<initialMarking>
<value>0</value>
<graphics>
<offset x="0.0" y="0.0"/>
</graphics>
</initialMarking>
<capacity>
<value>0</value>
</capacity>
</place>
<place id="P68">
<graphics>
<position x="765.0" y="135.0"/>
</graphics>
<name>
<value>P68</value>
<graphics>
<offset x="-5.0" y="35.0"/>
</graphics>
</name>
<msgPlace>false</msgPlace>
<resPlace>false</resPlace>
<initialMarking>
<value>0</value>
<graphics>
<offset x="0.0" y="0.0"/>
</graphics>
</initialMarking>
<capacity>
<value>0</value>
</capacity>
</place>
<place id="P69">
<graphics>
<position x="1215.0" y="135.0"/>
</graphics>
<name>
<value>P69</value>
<graphics>
<offset x="-5.0" y="35.0"/>
</graphics>
</name>
<msgPlace>false</msgPlace>
<resPlace>false</resPlace>
<initialMarking>
<value>0</value>
<graphics>
<offset x="0.0" y="0.0"/>
</graphics>
</initialMarking>
<capacity>
<value>0</value>
</capacity>
</place>
<place id="P7">
<graphics>
<position x="1335.0" y="135.0"/>
</graphics>
<name>
<value>P7</value>
<graphics>
<offset x="26.0" y="47.0"/>
</graphics>
</name>
<msgPlace>false</msgPlace>
<resPlace>false</resPlace>
<initialMarking>
<value>0</value>
<graphics>
<offset x="0.0" y="0.0"/>
</graphics>
</initialMarking>
<capacity>
<value>0</value>
</capacity>
</place>
<place id="P70">
<graphics>
<position x="1605.0" y="135.0"/>
</graphics>
<name>
<value>P70</value>
<graphics>
<offset x="-5.0" y="35.0"/>
</graphics>
</name>
<msgPlace>false</msgPlace>
<resPlace>false</resPlace>
<initialMarking>
<value>0</value>
<graphics>
<offset x="0.0" y="0.0"/>
</graphics>
</initialMarking>
<capacity>
<value>0</value>
</capacity>
</place>
<place id="P71">
<graphics>
<position x="210.0" y="555.0"/>
</graphics>
<name>
<value>c1hpNotify</value>
<graphics>
<offset x="32.0" y="-17.0"/>
</graphics>
</name>
<msgPlace>true</msgPlace>
<resPlace>false</resPlace>
<initialMarking>
<value>0</value>
<graphics>
<offset x="0.0" y="0.0"/>
</graphics>
</initialMarking>
<capacity>
<value>0</value>
</capacity>
</place>
<place id="P73">
<graphics>
<position x="330.0" y="555.0"/>
</graphics>
<name>
<value>c3hpNotify</value>
<graphics>
<offset x="60.0" y="-16.0"/>
</graphics>
</name>
<msgPlace>true</msgPlace>
<resPlace>false</resPlace>
<initialMarking>
<value>0</value>
<graphics>
<offset x="0.0" y="0.0"/>
</graphics>
</initialMarking>
<capacity>
<value>0</value>
</capacity>
</place>
<place id="P74">
<graphics>
<position x="420.0" y="555.0"/>
</graphics>
<name>
<value>sphpNotify</value>
<graphics>
<offset x="47.0" y="-12.0"/>
</graphics>
</name>
<msgPlace>true</msgPlace>
<resPlace>false</resPlace>
<initialMarking>
<value>0</value>
<graphics>
<offset x="0.0" y="0.0"/>
</graphics>
</initialMarking>
<capacity>
<value>0</value>
</capacity>
</place>
<place id="P8">
<graphics>
<position x="1455.0" y="135.0"/>
</graphics>
<name>
<value>P8</value>
<graphics>
<offset x="-5.0" y="35.0"/>
</graphics>
</name>
<msgPlace>false</msgPlace>
<resPlace>false</resPlace>
<initialMarking>
<value>1</value>
<graphics>
<offset x="0.0" y="0.0"/>
</graphics>
</initialMarking>
<capacity>
<value>0</value>
</capacity>
</place>
<place id="P9">
<graphics>
<position x="1740.0" y="135.0"/>
</graphics>
<name>
<value>P9</value>
<graphics>
<offset x="23.0" y="42.0"/>
</graphics>
</name>
<msgPlace>false</msgPlace>
<resPlace>false</resPlace>
<initialMarking>
<value>0</value>
<graphics>
<offset x="0.0" y="0.0"/>
</graphics>
</initialMarking>
<capacity>
<value>0</value>
</capacity>
</place>
<transition id="T0">
<graphics>
<position x="225.0" y="135.0"/>
</graphics>
<name>
<value>T0</value>
<graphics>
<offset x="-5.0" y="35.0"/>
</graphics>
</name>
<orientation>
<value>0</value>
</orientation>
<rate>
<value>1.0</value>
</rate>
<timed>
<value>false</value>
</timed>
<infiniteServer>
<value>false</value>
</infiniteServer>
<priority>
<value>1</value>
</priority>
</transition>
<transition id="T1">
<graphics>
<position x="330.0" y="360.0"/>
</graphics>
<name>
<value>T1</value>
<graphics>
<offset x="-5.0" y="35.0"/>
</graphics>
</name>
<orientation>
<value>0</value>
</orientation>
<rate>
<value>1.0</value>
</rate>
<timed>
<value>false</value>
</timed>
<infiniteServer>
<value>false</value>
</infiniteServer>
<priority>
<value>1</value>
</priority>
</transition>
<transition id="T10">
<graphics>
<position x="495.0" y="735.0"/>
</graphics>
<name>
<value>T10</value>
<graphics>
<offset x="-5.0" y="35.0"/>
</graphics>
</name>
<orientation>
<value>0</value>
</orientation>
<rate>
<value>1.0</value>
</rate>
<timed>
<value>false</value>
</timed>
<infiniteServer>
<value>false</value>
</infiniteServer>
<priority>
<value>1</value>
</priority>
</transition>
<transition id="T11">
<graphics>
<position x="600.0" y="630.0"/>
</graphics>
<name>
<value>T11</value>
<graphics>
<offset x="-5.0" y="35.0"/>
</graphics>
</name>
<orientation>
<value>0</value>
</orientation>
<rate>
<value>1.0</value>
</rate>
<timed>
<value>false</value>
</timed>
<infiniteServer>
<value>false</value>
</infiniteServer>
<priority>
<value>1</value>
</priority>
</transition>
<transition id="T12">
<graphics>
<position x="1125.0" y="630.0"/>
</graphics>
<name>
<value>T12</value>
<graphics>
<offset x="-6.0" y="5.0"/>
</graphics>
</name>
<orientation>
<value>135</value>
</orientation>
<rate>
<value>1.0</value>
</rate>
<timed>
<value>false</value>
</timed>
<infiniteServer>
<value>false</value>
</infiniteServer>
<priority>
<value>1</value>
</priority>
</transition>
<transition id="T13">
<graphics>
<position x="750.0" y="765.0"/>
</graphics>
<name>
<value>T13</value>
<graphics>
<offset x="-5.0" y="35.0"/>
</graphics>
</name>
<orientation>
<value>0</value>
</orientation>
<rate>
<value>1.0</value>
</rate>
<timed>
<value>false</value>
</timed>
<infiniteServer>
<value>false</value>
</infiniteServer>
<priority>
<value>1</value>
</priority>
</transition>
<transition id="T14">
<graphics>
<position x="750.0" y="810.0"/>
</graphics>
<name>
<value>T14</value>
<graphics>
<offset x="-5.0" y="35.0"/>
</graphics>
</name>
<orientation>
<value>0</value>
</orientation>
<rate>
<value>1.0</value>
</rate>
<timed>
<value>false</value>
</timed>
<infiniteServer>
<value>false</value>
</infiniteServer>
<priority>
<value>1</value>
</priority>
</transition>
<transition id="T15">
<graphics>
<position x="750.0" y="870.0"/>
</graphics>
<name>
<value>T15</value>
<graphics>
<offset x="-5.0" y="35.0"/>
</graphics>
</name>
<orientation>
<value>0</value>
</orientation>
<rate>
<value>1.0</value>
</rate>
<timed>
<value>false</value>
</timed>
<infiniteServer>
<value>false</value>
</infiniteServer>
<priority>
<value>1</value>
</priority>
</transition>
<transition id="T16">
<graphics>
<position x="750.0" y="915.0"/>
</graphics>
<name>
<value>T16</value>
<graphics>
<offset x="-5.0" y="35.0"/>
</graphics>
</name>
<orientation>
<value>0</value>
</orientation>
<rate>
<value>1.0</value>
</rate>
<timed>
<value>false</value>
</timed>
<infiniteServer>
<value>false</value>
</infiniteServer>
<priority>
<value>1</value>
</priority>
</transition>
<transition id="T17">
<graphics>
<position x="750.0" y="975.0"/>
</graphics>
<name>
<value>T17</value>
<graphics>
<offset x="-5.0" y="35.0"/>
</graphics>
</name>
<orientation>
<value>0</value>
</orientation>
<rate>
<value>1.0</value>
</rate>
<timed>
<value>false</value>
</timed>
<infiniteServer>
<value>false</value>
</infiniteServer>
<priority>
<value>1</value>
</priority>
</transition>
<transition id="T18">
<graphics>
<position x="750.0" y="1080.0"/>
</graphics>
<name>
<value>T18</value>
<graphics>
<offset x="-5.0" y="35.0"/>
</graphics>
</name>
<orientation>
<value>0</value>
</orientation>
<rate>
<value>1.0</value>
</rate>
<timed>
<value>false</value>
</timed>
<infiniteServer>
<value>false</value>
</infiniteServer>
<priority>
<value>1</value>
</priority>
</transition>
<transition id="T19">
<graphics>
<position x="750.0" y="1125.0"/>
</graphics>
<name>
<value>T19</value>
<graphics>
<offset x="-5.0" y="35.0"/>
</graphics>
</name>
<orientation>
<value>0</value>
</orientation>
<rate>
<value>1.0</value>
</rate>
<timed>
<value>false</value>
</timed>
<infiniteServer>
<value>false</value>
</infiniteServer>
<priority>
<value>1</value>
</priority>
</transition>
<transition id="T2">
<graphics>
<position x="705.0" y="135.0"/>
</graphics>
<name>
<value>T2</value>
<graphics>
<offset x="-5.0" y="35.0"/>
</graphics>
</name>
<orientation>
<value>0</value>
</orientation>
<rate>
<value>1.0</value>
</rate>
<timed>
<value>false</value>
</timed>
<infiniteServer>
<value>false</value>
</infiniteServer>
<priority>
<value>1</value>
</priority>
</transition>
<transition id="T20">
<graphics>
<position x="750.0" y="1170.0"/>
</graphics>
<name>
<value>T20</value>
<graphics>
<offset x="-5.0" y="35.0"/>
</graphics>
</name>
<orientation>
<value>0</value>
</orientation>
<rate>
<value>1.0</value>
</rate>
<timed>
<value>false</value>
</timed>
<infiniteServer>
<value>false</value>
</infiniteServer>
<priority>
<value>1</value>
</priority>
</transition>
<transition id="T21">
<graphics>
<position x="750.0" y="1230.0"/>
</graphics>
<name>
<value>T21</value>
<graphics>
<offset x="-5.0" y="35.0"/>
</graphics>
</name>
<orientation>
<value>0</value>
</orientation>
<rate>
<value>1.0</value>
</rate>
<timed>
<value>false</value>
</timed>
<infiniteServer>
<value>false</value>
</infiniteServer>
<priority>
<value>1</value>
</priority>
</transition>
<transition id="T22">
<graphics>
<position x="750.0" y="1290.0"/>
</graphics>
<name>
<value>T22</value>
<graphics>
<offset x="-5.0" y="35.0"/>
</graphics>
</name>
<orientation>
<value>0</value>
</orientation>
<rate>
<value>1.0</value>
</rate>
<timed>
<value>false</value>
</timed>
<infiniteServer>
<value>false</value>
</infiniteServer>
<priority>
<value>1</value>
</priority>
</transition>
<transition id="T23">
<graphics>
<position x="750.0" y="1350.0"/>
</graphics>
<name>
<value>T23</value>
<graphics>
<offset x="-5.0" y="35.0"/>
</graphics>
</name>
<orientation>
<value>0</value>
</orientation>
<rate>
<value>1.0</value>
</rate>
<timed>
<value>false</value>
</timed>
<infiniteServer>
<value>false</value>
</infiniteServer>
<priority>
<value>1</value>
</priority>
</transition>
<transition id="T24">
<graphics>
<position x="750.0" y="1410.0"/>
</graphics>
<name>
<value>T24</value>
<graphics>
<offset x="-5.0" y="35.0"/>
</graphics>
</name>
<orientation>
<value>0</value>
</orientation>
<rate>
<value>1.0</value>
</rate>
<timed>
<value>false</value>
</timed>
<infiniteServer>
<value>false</value>
</infiniteServer>
<priority>
<value>1</value>
</priority>
</transition>
<transition id="T25">
<graphics>
<position x="1155.0" y="885.0"/>
</graphics>
<name>
<value>T25</value>
<graphics>
<offset x="-5.0" y="35.0"/>
</graphics>
</name>
<orientation>
<value>0</value>
</orientation>
<rate>
<value>1.0</value>
</rate>
<timed>
<value>false</value>
</timed>
<infiniteServer>
<value>false</value>
</infiniteServer>
<priority>
<value>1</value>
</priority>
</transition>
<transition id="T26">
<graphics>
<position x="1185.0" y="945.0"/>
</graphics>
<name>
<value>T26</value>
<graphics>
<offset x="-5.0" y="35.0"/>
</graphics>
</name>
<orientation>
<value>0</value>
</orientation>
<rate>
<value>1.0</value>
</rate>
<timed>
<value>false</value>
</timed>
<infiniteServer>
<value>false</value>
</infiniteServer>
<priority>
<value>1</value>
</priority>
</transition>
<transition id="T27">
<graphics>
<position x="1185.0" y="1005.0"/>
</graphics>
<name>
<value>T27</value>
<graphics>
<offset x="-5.0" y="35.0"/>
</graphics>
</name>
<orientation>
<value>0</value>
</orientation>
<rate>
<value>1.0</value>
</rate>
<timed>
<value>false</value>
</timed>
<infiniteServer>
<value>false</value>
</infiniteServer>
<priority>
<value>1</value>
</priority>
</transition>
<transition id="T28">
<graphics>
<position x="1035.0" y="975.0"/>
</graphics>
<name>
<value>T28</value>
<graphics>
<offset x="23.0" y="45.0"/>
</graphics>
</name>
<orientation>
<value>0</value>
</orientation>
<rate>
<value>1.0</value>
</rate>
<timed>
<value>false</value>
</timed>
<infiniteServer>
<value>false</value>
</infiniteServer>
<priority>
<value>1</value>
</priority>
</transition>
<transition id="T29">
<graphics>
<position x="1290.0" y="975.0"/>
</graphics>
<name>
<value>T29</value>
<graphics>
<offset x="24.0" y="39.0"/>
</graphics>
</name>
<orientation>
<value>0</value>
</orientation>
<rate>
<value>1.0</value>
</rate>
<timed>
<value>false</value>
</timed>
<infiniteServer>
<value>false</value>
</infiniteServer>
<priority>
<value>1</value>
</priority>
</transition>
<transition id="T3">
<graphics>
<position x="1155.0" y="135.0"/>
</graphics>
<name>
<value>T3</value>
<graphics>
<offset x="-5.0" y="35.0"/>
</graphics>
</name>
<orientation>
<value>0</value>
</orientation>
<rate>
<value>1.0</value>
</rate>
<timed>
<value>false</value>
</timed>
<infiniteServer>
<value>false</value>
</infiniteServer>
<priority>
<value>1</value>
</priority>
</transition>
<transition id="T30">
<graphics>
<position x="570.0" y="1515.0"/>
</graphics>
<name>
<value>T30</value>
<graphics>
<offset x="-5.0" y="35.0"/>
</graphics>
</name>
<orientation>
<value>0</value>
</orientation>
<rate>
<value>1.0</value>
</rate>
<timed>
<value>false</value>
</timed>
<infiniteServer>
<value>false</value>
</infiniteServer>
<priority>
<value>1</value>
</priority>
</transition>
<transition id="T31">
<graphics>
<position x="615.0" y="840.0"/>
</graphics>
<name>
<value>T31</value>
<graphics>
<offset x="-5.0" y="35.0"/>
</graphics>
</name>
<orientation>
<value>0</value>
</orientation>
<rate>
<value>1.0</value>
</rate>
<timed>
<value>false</value>
</timed>
<infiniteServer>
<value>false</value>
</infiniteServer>
<priority>
<value>1</value>
</priority>
</transition>
<transition id="T33">
<graphics>
<position x="555.0" y="1080.0"/>
</graphics>
<name>
<value>T33</value>
<graphics>
<offset x="-5.0" y="35.0"/>
</graphics>
</name>
<orientation>
<value>0</value>
</orientation>
<rate>
<value>1.0</value>
</rate>
<timed>
<value>false</value>
</timed>
<infiniteServer>
<value>false</value>
</infiniteServer>
<priority>
<value>1</value>
</priority>
</transition>
<transition id="T35">
<graphics>
<position x="1095.0" y="1515.0"/>
</graphics>
<name>
<value>T35</value>
<graphics>
<offset x="-5.0" y="35.0"/>
</graphics>
</name>
<orientation>
<value>0</value>
</orientation>
<rate>
<value>1.0</value>
</rate>
<timed>
<value>false</value>
</timed>
<infiniteServer>
<value>false</value>
</infiniteServer>
<priority>
<value>1</value>
</priority>
</transition>
<transition id="T39">
<graphics>
<position x="1155.0" y="735.0"/>
</graphics>
<name>
<value>T39</value>
<graphics>
<offset x="-5.0" y="35.0"/>
</graphics>
</name>
<orientation>
<value>0</value>
</orientation>
<rate>
<value>1.0</value>
</rate>
<timed>
<value>false</value>
</timed>
<infiniteServer>
<value>false</value>
</infiniteServer>
<priority>
<value>1</value>
</priority>
</transition>
<transition id="T4">
<graphics>
<position x="1545.0" y="135.0"/>
</graphics>
<name>
<value>T4</value>
<graphics>
<offset x="-5.0" y="35.0"/>
</graphics>
</name>
<orientation>
<value>0</value>
</orientation>
<rate>
<value>1.0</value>
</rate>
<timed>
<value>false</value>
</timed>
<infiniteServer>
<value>false</value>
</infiniteServer>
<priority>
<value>1</value>
</priority>
</transition>
<transition id="T40">
<graphics>
<position x="1155.0" y="810.0"/>
</graphics>
<name>
<value>T40</value>
<graphics>
<offset x="-5.0" y="35.0"/>
</graphics>
</name>
<orientation>
<value>0</value>
</orientation>
<rate>
<value>1.0</value>
</rate>
<timed>
<value>false</value>
</timed>
<infiniteServer>
<value>false</value>
</infiniteServer>
<priority>
<value>1</value>
</priority>
</transition>
<transition id="T44">
<graphics>
<position x="345.0" y="135.0"/>
</graphics>
<name>
<value>T44</value>
<graphics>
<offset x="-5.0" y="35.0"/>
</graphics>
</name>
<orientation>
<value>0</value>
</orientation>
<rate>
<value>1.0</value>
</rate>
<timed>
<value>false</value>
</timed>
<infiniteServer>
<value>false</value>
</infiniteServer>
<priority>
<value>1</value>
</priority>
</transition>
<transition id="T45">
<graphics>
<position x="840.0" y="135.0"/>
</graphics>
<name>
<value>T45</value>
<graphics>
<offset x="-5.0" y="35.0"/>
</graphics>
</name>
<orientation>
<value>0</value>
</orientation>
<rate>
<value>1.0</value>
</rate>
<timed>
<value>false</value>
</timed>
<infiniteServer>
<value>false</value>
</infiniteServer>
<priority>
<value>1</value>
</priority>
</transition>
<transition id="T46">
<graphics>
<position x="1275.0" y="135.0"/>
</graphics>
<name>
<value>T46</value>
<graphics>
<offset x="-5.0" y="35.0"/>
</graphics>
</name>
<orientation>
<value>0</value>
</orientation>
<rate>
<value>1.0</value>
</rate>
<timed>
<value>false</value>
</timed>
<infiniteServer>
<value>false</value>
</infiniteServer>
<priority>
<value>1</value>
</priority>
</transition>
<transition id="T47">
<graphics>
<position x="1665.0" y="135.0"/>
</graphics>
<name>
<value>T47</value>
<graphics>
<offset x="-5.0" y="35.0"/>
</graphics>
</name>
<orientation>
<value>0</value>
</orientation>
<rate>
<value>1.0</value>
</rate>
<timed>
<value>false</value>
</timed>
<infiniteServer>
<value>false</value>
</infiniteServer>
<priority>
<value>1</value>
</priority>
</transition>
<transition id="T5">
<graphics>
<position x="150.0" y="735.0"/>
</graphics>
<name>
<value>T5</value>
<graphics>
<offset x="-5.0" y="35.0"/>
</graphics>
</name>
<orientation>
<value>0</value>
</orientation>
<rate>
<value>1.0</value>
</rate>
<timed>
<value>false</value>
</timed>
<infiniteServer>
<value>false</value>
</infiniteServer>
<priority>
<value>1</value>
</priority>
</transition>
<transition id="T6">
<graphics>
<position x="270.0" y="675.0"/>
</graphics>
<name>
<value>T6</value>
<graphics>
<offset x="-5.0" y="35.0"/>
</graphics>
</name>
<orientation>
<value>0</value>
</orientation>
<rate>
<value>1.0</value>
</rate>
<timed>
<value>false</value>
</timed>
<infiniteServer>
<value>false</value>
</infiniteServer>
<priority>
<value>1</value>
</priority>
</transition>
<transition id="T7">
<graphics>
<position x="270.0" y="735.0"/>
</graphics>
<name>
<value>T7</value>
<graphics>
<offset x="-5.0" y="35.0"/>
</graphics>
</name>
<orientation>
<value>0</value>
</orientation>
<rate>
<value>1.0</value>
</rate>
<timed>
<value>false</value>
</timed>
<infiniteServer>
<value>false</value>
</infiniteServer>
<priority>
<value>1</value>
</priority>
</transition>
<transition id="T8">
<graphics>
<position x="270.0" y="810.0"/>
</graphics>
<name>
<value>T8</value>
<graphics>
<offset x="-5.0" y="35.0"/>
</graphics>
</name>
<orientation>
<value>0</value>
</orientation>
<rate>
<value>1.0</value>
</rate>
<timed>
<value>false</value>
</timed>
<infiniteServer>
<value>false</value>
</infiniteServer>
<priority>
<value>1</value>
</priority>
</transition>
<transition id="T9">
<graphics>
<position x="390.0" y="735.0"/>
</graphics>
<name>
<value>T9</value>
<graphics>
<offset x="-5.0" y="35.0"/>
</graphics>
</name>
<orientation>
<value>0</value>
</orientation>
<rate>
<value>1.0</value>
</rate>
<timed>
<value>false</value>
</timed>
<infiniteServer>
<value>false</value>
</infiniteServer>
<priority>
<value>1</value>
</priority>
</transition>
<arc id="P0 to T0" source="P0" target="T0">
<graphics/>
<inscription>
<value>1</value>
<graphics/>
</inscription>
<tagged>
<value>false</value>
</tagged>
<arcpath id="000" x="161" y="147" curvePoint="false"/>
<arcpath id="001" x="231" y="147" curvePoint="false"/>
<type value="normal"/>
</arc>
<arc id="P10 to T0" source="P10" target="T0">
<graphics/>
<inscription>
<value>1</value>
<graphics/>
</inscription>
<tagged>
<value>false</value>
</tagged>
<arcpath id="000" x="237" y="71" curvePoint="false"/>
<arcpath id="001" x="237" y="132" curvePoint="false"/>
<type value="normal"/>
</arc>
<arc id="P11 to T2" source="P11" target="T2">
<graphics/>
<inscription>
<value>1</value>
<graphics/>
</inscription>
<tagged>
<value>false</value>
</tagged>
<arcpath id="000" x="717" y="71" curvePoint="false"/>
<arcpath id="001" x="717" y="132" curvePoint="false"/>
<type value="normal"/>
</arc>
<arc id="P12 to T3" source="P12" target="T3">
<graphics/>
<inscription>
<value>1</value>
<graphics/>
</inscription>
<tagged>
<value>false</value>
</tagged>
<arcpath id="000" x="1167" y="71" curvePoint="false"/>
<arcpath id="001" x="1167" y="132" curvePoint="false"/>
<type value="normal"/>
</arc>
<arc id="P13 to T4" source="P13" target="T4">
<graphics/>
<inscription>
<value>1</value>
<graphics/>
</inscription>
<tagged>
<value>false</value>
</tagged>
<arcpath id="000" x="1557" y="71" curvePoint="false"/>
<arcpath id="001" x="1557" y="132" curvePoint="false"/>
<type value="normal"/>
</arc>
<arc id="P14 to T5" source="P14" target="T5">
<graphics/>
<inscription>
<value>1</value>
<graphics/>
</inscription>
<tagged>
<value>false</value>
</tagged>
<arcpath id="000" x="101" y="747" curvePoint="false"/>
<arcpath id="001" x="156" y="747" curvePoint="false"/>
<type value="normal"/>
</arc>
<arc id="P15 to T6" source="P15" target="T6">
<graphics/>
<inscription>
<value>1</value>
<graphics/>
</inscription>
<tagged>
<value>false</value>
</tagged>
<arcpath id="000" x="221" y="675" curvePoint="false"/>
<arcpath id="001" x="276" y="692" curvePoint="false"/>
<type value="normal"/>
</arc>
<arc id="P16 to T7" source="P16" target="T7">
<graphics/>
<inscription>
<value>1</value>
<graphics/>
</inscription>
<tagged>
<value>false</value>
</tagged>
<arcpath id="000" x="221" y="747" curvePoint="false"/>
<arcpath id="001" x="276" y="747" curvePoint="false"/>
<type value="normal"/>
</arc>
<arc id="P17 to T8" source="P17" target="T8">
<graphics/>
<inscription>
<value>1</value>
<graphics/>
</inscription>
<tagged>
<value>false</value>
</tagged>
<arcpath id="000" x="221" y="822" curvePoint="false"/>
<arcpath id="001" x="276" y="822" curvePoint="false"/>
<type value="normal"/>
</arc>
<arc id="P18 to T9" source="P18" target="T9">
<graphics/>
<inscription>
<value>1</value>
<graphics/>
</inscription>
<tagged>
<value>false</value>
</tagged>
<arcpath id="000" x="363" y="685" curvePoint="false"/>
<arcpath id="001" x="397" y="741" curvePoint="false"/>
<type value="normal"/>
</arc>
<arc id="P19 to T9" source="P19" target="T9">
<graphics/>
<inscription>
<value>1</value>
<graphics/>
</inscription>
<tagged>
<value>false</value>
</tagged>
<arcpath id="000" x="371" y="749" curvePoint="false"/>
<arcpath id="001" x="396" y="748" curvePoint="false"/>
<type value="normal"/>
</arc>
<arc id="P20 to T9" source="P20" target="T9">
<graphics/>
<inscription>
<value>1</value>
<graphics/>
</inscription>
<tagged>
<value>false</value>
</tagged>
<arcpath id="000" x="364" y="809" curvePoint="false"/>
<arcpath id="001" x="396" y="755" curvePoint="false"/>
<type value="normal"/>
</arc>
<arc id="P21 to T10" source="P21" target="T10">
<graphics/>
<inscription>
<value>1</value>
<graphics/>
</inscription>
<tagged>
<value>false</value>
</tagged>
<arcpath id="000" x="461" y="747" curvePoint="false"/>
<arcpath id="001" x="501" y="747" curvePoint="false"/>
<type value="normal"/>
</arc>
<arc id="P22 to T11" source="P22" target="T11">
<graphics/>
<inscription>
<value>1</value>
<graphics/>
</inscription>
<tagged>
<value>false</value>
</tagged>
<arcpath id="000" x="573" y="733" curvePoint="false"/>
<arcpath id="001" x="612" y="657" curvePoint="false"/>
<type value="normal"/>
</arc>
<arc id="P22 to T30" source="P22" target="T30">
<graphics/>
<inscription>
<value>1</value>
<graphics/>
</inscription>
<tagged>
<value>false</value>
</tagged>
<arcpath id="000" x="558" y="759" curvePoint="false"/>
<arcpath id="001" x="434" y="1129" curvePoint="true"/>
<arcpath id="002" x="582" y="1512" curvePoint="false"/>
<type value="normal"/>
</arc>
<arc id="P22 to T31" source="P22" target="T31">
<graphics/>
<inscription>
<value>1</value>
<graphics/>
</inscription>
<tagged>
<value>false</value>
</tagged>
<arcpath id="000" x="575" y="759" curvePoint="false"/>
<arcpath id="001" x="627" y="837" curvePoint="false"/>
<type value="normal"/>
</arc>
<arc id="P22 to T33" source="P22" target="T33">
<graphics/>
<inscription>
<value>1</value>
<graphics/>
</inscription>
<tagged>
<value>false</value>
</tagged>
<arcpath id="000" x="567" y="761" curvePoint="false"/>
<arcpath id="001" x="567" y="1077" curvePoint="false"/>
<type value="normal"/>
</arc>
<arc id="P23 to T12" source="P23" target="T12">
<graphics/>
<inscription>
<value>1</value>
<graphics/>
</inscription>
<tagged>
<value>false</value>
</tagged>
<arcpath id="000" x="686" y="642" curvePoint="false"/>
<arcpath id="001" x="1129" y="640" curvePoint="false"/>
<type value="normal"/>
</arc>
<arc id="P24 to T13" source="P24" target="T13">
<graphics/>
<inscription>
<value>1</value>
<graphics/>
</inscription>
<tagged>
<value>false</value>
</tagged>
<arcpath id="000" x="701" y="777" curvePoint="false"/>
<arcpath id="001" x="756" y="777" curvePoint="false"/>
<type value="normal"/>
</arc>
<arc id="P29 to T14" source="P29" target="T14">
<graphics/>
<inscription>
<value>1</value>
<graphics/>
</inscription>
<tagged>
<value>false</value>
</tagged>
<arcpath id="000" x="824" y="785" curvePoint="false"/>
<arcpath id="001" x="767" y="817" curvePoint="false"/>
<type value="normal"/>
</arc>
<arc id="P2 to T1" source="P2" target="T1">
<graphics/>
<inscription>
<value>1</value>
<graphics/>
</inscription>
<tagged>
<value>false</value>
</tagged>
<arcpath id="000" x="266" y="372" curvePoint="false"/>
<arcpath id="001" x="336" y="372" curvePoint="false"/>
<type value="normal"/>
</arc>
<arc id="P30 to T15" source="P30" target="T15">
<graphics/>
<inscription>
<value>1</value>
<graphics/>
</inscription>
<tagged>
<value>false</value>
</tagged>
<arcpath id="000" x="824" y="845" curvePoint="false"/>
<arcpath id="001" x="767" y="877" curvePoint="false"/>
<type value="normal"/>
</arc>
<arc id="P31 to T16" source="P31" target="T16">
<graphics/>
<inscription>
<value>1</value>
<graphics/>
</inscription>
<tagged>
<value>false</value>
</tagged>
<arcpath id="000" x="823" y="902" curvePoint="false"/>
<arcpath id="001" x="767" y="922" curvePoint="false"/>
<type value="normal"/>
</arc>
<arc id="P32 to T17" source="P32" target="T17">
<graphics/>
<inscription>
<value>1</value>
<graphics/>
</inscription>
<tagged>
<value>false</value>
</tagged>
<arcpath id="000" x="823" y="962" curvePoint="false"/>
<arcpath id="001" x="767" y="982" curvePoint="false"/>
<type value="normal"/>
</arc>
<arc id="P34 to T28" source="P34" target="T28">
<graphics/>
<inscription>
<value>1</value>
<graphics/>
</inscription>
<tagged>
<value>false</value>
</tagged>
<arcpath id="000" x="941" y="987" curvePoint="false"/>
<arcpath id="001" x="1041" y="987" curvePoint="false"/>
<type value="normal"/>
</arc>
<arc id="P37 to T29" source="P37" target="T29">
<graphics/>
<inscription>
<value>1</value>
<graphics/>
</inscription>
<tagged>
<value>false</value>
</tagged>
<arcpath id="000" x="1248" y="865" curvePoint="false"/>
<arcpath id="001" x="1302" y="972" curvePoint="false"/>
<type value="normal"/>
</arc>
<arc id="P38 to T29" source="P38" target="T29">
<graphics/>
<inscription>
<value>1</value>
<graphics/>
</inscription>
<tagged>
<value>false</value>
</tagged>
<arcpath id="000" x="1268" y="966" curvePoint="false"/>
<arcpath id="001" x="1297" y="982" curvePoint="false"/>
<type value="normal"/>
</arc>
<arc id="P39 to T29" source="P39" target="T29">
<graphics/>
<inscription>
<value>1</value>
<graphics/>
</inscription>
<tagged>
<value>false</value>
</tagged>
<arcpath id="000" x="1269" y="1009" curvePoint="false"/>
<arcpath id="001" x="1296" y="992" curvePoint="false"/>
<type value="normal"/>
</arc>
<arc id="P40 to T18" source="P40" target="T18">
<graphics/>
<inscription>
<value>1</value>
<graphics/>
</inscription>
<tagged>
<value>false</value>
</tagged>
<arcpath id="000" x="701" y="1092" curvePoint="false"/>
<arcpath id="001" x="756" y="1092" curvePoint="false"/>
<type value="normal"/>
</arc>
<arc id="P47 to T19" source="P47" target="T19">
<graphics/>
<inscription>
<value>1</value>
<graphics/>
</inscription>
<tagged>
<value>false</value>
</tagged>
<arcpath id="000" x="838" y="1099" curvePoint="false"/>
<arcpath id="001" x="767" y="1132" curvePoint="false"/>
<type value="normal"/>
</arc>
<arc id="P48 to T20" source="P48" target="T20">
<graphics/>
<inscription>
<value>1</value>
<graphics/>
</inscription>
<tagged>
<value>false</value>
</tagged>
<arcpath id="000" x="837" y="1157" curvePoint="false"/>
<arcpath id="001" x="767" y="1177" curvePoint="false"/>
<type value="normal"/>
</arc>
<arc id="P49 to T21" source="P49" target="T21">
<graphics/>
<inscription>
<value>1</value>
<graphics/>
</inscription>
<tagged>
<value>false</value>
</tagged>
<arcpath id="000" x="837" y="1217" curvePoint="false"/>
<arcpath id="001" x="767" y="1237" curvePoint="false"/>
<type value="normal"/>
</arc>
<arc id="P4 to T2" source="P4" target="T2">
<graphics/>
<inscription>
<value>1</value>
<graphics/>
</inscription>
<tagged>
<value>false</value>
</tagged>
<arcpath id="000" x="656" y="147" curvePoint="false"/>
<arcpath id="001" x="711" y="147" curvePoint="false"/>
<type value="normal"/>
</arc>
<arc id="P50 to T22" source="P50" target="T22">
<graphics/>
<inscription>
<value>1</value>
<graphics/>
</inscription>
<tagged>
<value>false</value>
</tagged>
<arcpath id="000" x="837" y="1277" curvePoint="false"/>
<arcpath id="001" x="767" y="1297" curvePoint="false"/>
<type value="normal"/>
</arc>
<arc id="P51 to T23" source="P51" target="T23">
<graphics/>
<inscription>
<value>1</value>
<graphics/>
</inscription>
<tagged>
<value>false</value>
</tagged>
<arcpath id="000" x="837" y="1337" curvePoint="false"/>
<arcpath id="001" x="767" y="1357" curvePoint="false"/>
<type value="normal"/>
</arc>
<arc id="P52 to T24" source="P52" target="T24">
<graphics/>
<inscription>
<value>1</value>
<graphics/>
</inscription>
<tagged>
<value>false</value>
</tagged>
<arcpath id="000" x="837" y="1397" curvePoint="false"/>
<arcpath id="001" x="767" y="1417" curvePoint="false"/>
<type value="normal"/>
</arc>
<arc id="P55 to T26" source="P55" target="T26">
<graphics/>
<inscription>
<value>1</value>
<graphics/>
</inscription>
<tagged>
<value>false</value>
</tagged>
<arcpath id="000" x="1136" y="957" curvePoint="false"/>
<arcpath id="001" x="1191" y="957" curvePoint="false"/>
<type value="normal"/>
</arc>
<arc id="P56 to T27" source="P56" target="T27">
<graphics/>
<inscription>
<value>1</value>
<graphics/>
</inscription>
<tagged>
<value>false</value>
</tagged>
<arcpath id="000" x="1136" y="1017" curvePoint="false"/>
<arcpath id="001" x="1191" y="1017" curvePoint="false"/>
<type value="normal"/>
</arc>
<arc id="P57 to T25" source="P57" target="T25">
<graphics/>
<inscription>
<value>1</value>
<graphics/>
</inscription>
<tagged>
<value>false</value>
</tagged>
<arcpath id="000" x="1060" y="857" curvePoint="false"/>
<arcpath id="001" x="1161" y="905" curvePoint="false"/>
<type value="normal"/>
</arc>
<arc id="P57 to T39" source="P57" target="T39">
<graphics/>
<inscription>
<value>1</value>
<graphics/>
</inscription>
<tagged>
<value>false</value>
</tagged>
<arcpath id="000" x="1058" y="841" curvePoint="false"/>
<arcpath id="001" x="1161" y="755" curvePoint="false"/>
<type value="normal"/>
</arc>
<arc id="P57 to T40" source="P57" target="T40">
<graphics/>
<inscription>
<value>1</value>
<graphics/>
</inscription>
<tagged>
<value>false</value>
</tagged>
<arcpath id="000" x="1061" y="849" curvePoint="false"/>
<arcpath id="001" x="1122" y="836" curvePoint="true"/>
<arcpath id="002" x="1161" y="830" curvePoint="false"/>
<type value="normal"/>
</arc>
<arc id="P58 to T35" source="P58" target="T35">
<graphics/>
<inscription>
<value>1</value>
<graphics/>
</inscription>
<tagged>
<value>false</value>
</tagged>
<arcpath id="000" x="687" y="1527" curvePoint="false"/>
<arcpath id="001" x="1101" y="1527" curvePoint="false"/>
<type value="normal"/>
</arc>
<arc id="P59 to T1" source="P59" target="T1">
<graphics/>
<inscription>
<value>1</value>
<graphics/>
</inscription>
<tagged>
<value>false</value>
</tagged>
<arcpath id="000" x="342" y="296" curvePoint="false"/>
<arcpath id="001" x="342" y="357" curvePoint="false"/>
<type value="normal"/>
</arc>
<arc id="P66 to T12" source="P66" target="T12">
<graphics/>
<inscription>
<value>1</value>
<graphics/>
</inscription>
<tagged>
<value>false</value>
</tagged>
<arcpath id="000" x="1004" y="777" curvePoint="false"/>
<arcpath id="001" x="1039" y="711" curvePoint="true"/>
<arcpath id="002" x="1133" y="646" curvePoint="false"/>
<type value="normal"/>
</arc>
<arc id="P66 to T25" source="P66" target="T25">
<graphics/>
<inscription>
<value>1</value>
<graphics/>
</inscription>
<tagged>
<value>false</value>
</tagged>
<arcpath id="000" x="1016" y="795" curvePoint="false"/>
<arcpath id="001" x="1109" y="840" curvePoint="true"/>
<arcpath id="002" x="1162" y="891" curvePoint="false"/>
<type value="normal"/>
</arc>
<arc id="P66 to T35" source="P66" target="T35">
<graphics/>
<inscription>
<value>1</value>
<graphics/>
</inscription>
<tagged>
<value>false</value>
</tagged>
<arcpath id="000" x="997" y="806" curvePoint="false"/>
<arcpath id="001" x="983" y="1198" curvePoint="true"/>
<arcpath id="002" x="1021" y="1254" curvePoint="false"/>
<arcpath id="003" x="1107" y="1512" curvePoint="false"/>
<type value="normal"/>
</arc>
<arc id="P66 to T39" source="P66" target="T39">
<graphics/>
<inscription>
<value>1</value>
<graphics/>
</inscription>
<tagged>
<value>false</value>
</tagged>
<arcpath id="000" x="1014" y="783" curvePoint="false"/>
<arcpath id="001" x="1117" y="742" curvePoint="true"/>
<arcpath id="002" x="1162" y="741" curvePoint="false"/>
<type value="normal"/>
</arc>
<arc id="P66 to T40" source="P66" target="T40">
<graphics/>
<inscription>
<value>1</value>
<graphics/>
</inscription>
<tagged>
<value>false</value>
</tagged>
<arcpath id="000" x="1016" y="793" curvePoint="false"/>
<arcpath id="001" x="1113" y="800" curvePoint="false"/>
<arcpath id="002" x="1162" y="816" curvePoint="false"/>
<type value="normal"/>
</arc>
<arc id="P67 to T44" source="P67" target="T44">
<graphics/>
<inscription>
<value>1</value>
<graphics/>
</inscription>
<tagged>
<value>false</value>
</tagged>
<arcpath id="000" x="311" y="147" curvePoint="false"/>
<arcpath id="001" x="351" y="147" curvePoint="false"/>
<type value="normal"/>
</arc>
<arc id="P68 to T45" source="P68" target="T45">
<graphics/>
<inscription>
<value>1</value>
<graphics/>
</inscription>
<tagged>
<value>false</value>
</tagged>
<arcpath id="000" x="791" y="147" curvePoint="false"/>
<arcpath id="001" x="846" y="147" curvePoint="false"/>
<type value="normal"/>
</arc>
<arc id="P69 to T46" source="P69" target="T46">
<graphics/>
<inscription>
<value>1</value>
<graphics/>
</inscription>
<tagged>
<value>false</value>
</tagged>
<arcpath id="000" x="1241" y="147" curvePoint="false"/>
<arcpath id="001" x="1281" y="147" curvePoint="false"/>
<type value="normal"/>
</arc>
<arc id="P6 to T3" source="P6" target="T3">
<graphics/>
<inscription>
<value>1</value>
<graphics/>
</inscription>
<tagged>
<value>false</value>
</tagged>
<arcpath id="000" x="1076" y="147" curvePoint="false"/>
<arcpath id="001" x="1161" y="147" curvePoint="false"/>
<type value="normal"/>
</arc>
<arc id="P70 to T47" source="P70" target="T47">
<graphics/>
<inscription>
<value>1</value>
<graphics/>
</inscription>
<tagged>
<value>false</value>
</tagged>
<arcpath id="000" x="1631" y="147" curvePoint="false"/>
<arcpath id="001" x="1671" y="147" curvePoint="false"/>
<type value="normal"/>
</arc>
<arc id="P8 to T4" source="P8" target="T4">
<graphics/>
<inscription>
<value>1</value>
<graphics/>
</inscription>
<tagged>
<value>false</value>
</tagged>
<arcpath id="000" x="1481" y="147" curvePoint="false"/>
<arcpath id="001" x="1551" y="147" curvePoint="false"/>
<type value="normal"/>
</arc>
<arc id="T0 to P67" source="T0" target="P67">
<graphics/>
<inscription>
<value>1</value>
<graphics/>
</inscription>
<tagged>
<value>false</value>
</tagged>
<arcpath id="000" x="241" y="147" curvePoint="false"/>
<arcpath id="001" x="282" y="147" curvePoint="false"/>
<type value="normal"/>
</arc>
<arc id="T10 to P22" source="T10" target="P22">
<graphics/>
<inscription>
<value>1</value>
<graphics/>
</inscription>
<tagged>
<value>false</value>
</tagged>
<arcpath id="000" x="511" y="747" curvePoint="false"/>
<arcpath id="001" x="552" y="747" curvePoint="false"/>
<type value="normal"/>
</arc>
<arc id="T11 to P23" source="T11" target="P23">
<graphics/>
<inscription>
<value>1</value>
<graphics/>
</inscription>
<tagged>
<value>false</value>
</tagged>
<arcpath id="000" x="616" y="642" curvePoint="false"/>
<arcpath id="001" x="657" y="642" curvePoint="false"/>
<type value="normal"/>
</arc>
<arc id="T12 to P53" source="T12" target="P53">
<graphics/>
<inscription>
<value>1</value>
<graphics/>
</inscription>
<tagged>
<value>false</value>
</tagged>
<arcpath id="000" x="1147" y="653" curvePoint="false"/>
<arcpath id="001" x="1472" y="1050" curvePoint="false"/>
<type value="normal"/>
</arc>
<arc id="T12 to P66" source="T12" target="P66">
<graphics/>
<inscription>
<value>1</value>
<graphics/>
</inscription>
<tagged>
<value>false</value>
</tagged>
<arcpath id="000" x="1138" y="651" curvePoint="false"/>
<arcpath id="001" x="1079" y="709" curvePoint="true"/>
<arcpath id="002" x="1012" y="781" curvePoint="false"/>
<type value="normal"/>
</arc>
<arc id="T13 to P29" source="T13" target="P29">
<graphics/>
<inscription>
<value>1</value>
<graphics/>
</inscription>
<tagged>
<value>false</value>
</tagged>
<arcpath id="000" x="766" y="777" curvePoint="false"/>
<arcpath id="001" x="822" y="777" curvePoint="false"/>
<type value="normal"/>
</arc>
<arc id="T14 to P30" source="T14" target="P30">
<graphics/>
<inscription>
<value>1</value>
<graphics/>
</inscription>
<tagged>
<value>false</value>
</tagged>
<arcpath id="000" x="766" y="827" curvePoint="false"/>
<arcpath id="001" x="822" y="834" curvePoint="false"/>
<type value="normal"/>
</arc>
<arc id="T15 to P31" source="T15" target="P31">
<graphics/>
<inscription>
<value>1</value>
<graphics/>
</inscription>
<tagged>
<value>false</value>
</tagged>
<arcpath id="000" x="766" y="887" curvePoint="false"/>
<arcpath id="001" x="822" y="894" curvePoint="false"/>
<type value="normal"/>
</arc>
<arc id="T16 to P32" source="T16" target="P32">
<graphics/>
<inscription>
<value>1</value>
<graphics/>
</inscription>
<tagged>
<value>false</value>
</tagged>
<arcpath id="000" x="766" y="932" curvePoint="false"/>
<arcpath id="001" x="822" y="952" curvePoint="false"/>
<type value="normal"/>
</arc>
<arc id="T17 to P34" source="T17" target="P34">
<graphics/>
<inscription>
<value>1</value>
<graphics/>
</inscription>
<tagged>
<value>false</value>
</tagged>
<arcpath id="000" x="766" y="992" curvePoint="false"/>
<arcpath id="001" x="861" y="1006" curvePoint="true"/>
<arcpath id="002" x="912" y="991" curvePoint="false"/>
<type value="normal"/>
</arc>
<arc id="T18 to P47" source="T18" target="P47">
<graphics/>
<inscription>
<value>1</value>
<graphics/>
</inscription>
<tagged>
<value>false</value>
</tagged>
<arcpath id="000" x="766" y="1092" curvePoint="false"/>
<arcpath id="001" x="837" y="1092" curvePoint="false"/>
<type value="normal"/>
</arc>
<arc id="T19 to P48" source="T19" target="P48">
<graphics/>
<inscription>
<value>1</value>
<graphics/>
</inscription>
<tagged>
<value>false</value>
</tagged>
<arcpath id="000" x="766" y="1142" curvePoint="false"/>
<arcpath id="001" x="837" y="1150" curvePoint="false"/>
<type value="normal"/>
</arc>
<arc id="T1 to P3" source="T1" target="P3">
<graphics/>
<inscription>
<value>1</value>
<graphics/>
</inscription>
<tagged>
<value>false</value>
</tagged>
<arcpath id="000" x="346" y="372" curvePoint="false"/>
<arcpath id="001" x="417" y="372" curvePoint="false"/>
<type value="normal"/>
</arc>
<arc id="T20 to P49" source="T20" target="P49">
<graphics/>
<inscription>
<value>1</value>
<graphics/>
</inscription>
<tagged>
<value>false</value>
</tagged>
<arcpath id="000" x="766" y="1187" curvePoint="false"/>
<arcpath id="001" x="837" y="1207" curvePoint="false"/>
<type value="normal"/>
</arc>
<arc id="T21 to P50" source="T21" target="P50">
<graphics/>
<inscription>
<value>1</value>
<graphics/>
</inscription>
<tagged>
<value>false</value>
</tagged>
<arcpath id="000" x="766" y="1247" curvePoint="false"/>
<arcpath id="001" x="837" y="1267" curvePoint="false"/>
<type value="normal"/>
</arc>
<arc id="T22 to P51" source="T22" target="P51">
<graphics/>
<inscription>
<value>1</value>
<graphics/>
</inscription>
<tagged>
<value>false</value>
</tagged>
<arcpath id="000" x="766" y="1307" curvePoint="false"/>
<arcpath id="001" x="837" y="1327" curvePoint="false"/>
<type value="normal"/>
</arc>
<arc id="T23 to P52" source="T23" target="P52">
<graphics/>
<inscription>
<value>1</value>
<graphics/>
</inscription>
<tagged>
<value>false</value>
</tagged>
<arcpath id="000" x="766" y="1367" curvePoint="false"/>
<arcpath id="001" x="837" y="1387" curvePoint="false"/>
<type value="normal"/>
</arc>
<arc id="T24 to P34" source="T24" target="P34">
<graphics/>
<inscription>
<value>1</value>
<graphics/>
</inscription>
<tagged>
<value>false</value>
</tagged>
<arcpath id="000" x="766" y="1427" curvePoint="false"/>
<arcpath id="001" x="934" y="1400" curvePoint="true"/>
<arcpath id="002" x="927" y="1001" curvePoint="false"/>
<type value="normal"/>
</arc>
<arc id="T25 to P37" source="T25" target="P37">
<graphics/>
<inscription>
<value>1</value>
<graphics/>
</inscription>
<tagged>
<value>false</value>
</tagged>
<arcpath id="000" x="1171" y="897" curvePoint="false"/>
<arcpath id="001" x="1229" y="860" curvePoint="false"/>
<type value="normal"/>
</arc>
<arc id="T25 to P66" source="T25" target="P66">
<graphics/>
<inscription>
<value>1</value>
<graphics/>
</inscription>
<tagged>
<value>false</value>
</tagged>
<arcpath id="000" x="1161" y="898" curvePoint="false"/>
<arcpath id="001" x="1082" y="856" curvePoint="true"/>
<arcpath id="002" x="1013" y="801" curvePoint="false"/>
<type value="normal"/>
</arc>
<arc id="T26 to P38" source="T26" target="P38">
<graphics/>
<inscription>
<value>1</value>
<graphics/>
</inscription>
<tagged>
<value>false</value>
</tagged>
<arcpath id="000" x="1201" y="957" curvePoint="false"/>
<arcpath id="001" x="1242" y="957" curvePoint="false"/>
<type value="normal"/>
</arc>
<arc id="T27 to P39" source="T27" target="P39">
<graphics/>
<inscription>
<value>1</value>
<graphics/>
</inscription>
<tagged>
<value>false</value>
</tagged>
<arcpath id="000" x="1201" y="1017" curvePoint="false"/>
<arcpath id="001" x="1242" y="1017" curvePoint="false"/>
<type value="normal"/>
</arc>
<arc id="T28 to P55" source="T28" target="P55">
<graphics/>
<inscription>
<value>1</value>
<graphics/>
</inscription>
<tagged>
<value>false</value>
</tagged>
<arcpath id="000" x="1052" y="982" curvePoint="false"/>
<arcpath id="001" x="1108" y="962" curvePoint="false"/>
<type value="normal"/>
</arc>
<arc id="T28 to P56" source="T28" target="P56">
<graphics/>
<inscription>
<value>1</value>
<graphics/>
</inscription>
<tagged>
<value>false</value>
</tagged>
<arcpath id="000" x="1051" y="992" curvePoint="false"/>
<arcpath id="001" x="1107" y="1012" curvePoint="false"/>
<type value="normal"/>
</arc>
<arc id="T28 to P57" source="T28" target="P57">
<graphics/>
<inscription>
<value>1</value>
<graphics/>
</inscription>
<tagged>
<value>false</value>
</tagged>
<arcpath id="000" x="1047" y="972" curvePoint="false"/>
<arcpath id="001" x="1047" y="866" curvePoint="false"/>
<type value="normal"/>
</arc>
<arc id="T29 to P53" source="T29" target="P53">
<graphics/>
<inscription>
<value>1</value>
<graphics/>
</inscription>
<tagged>
<value>false</value>
</tagged>
<arcpath id="000" x="1306" y="987" curvePoint="false"/>
<arcpath id="001" x="1468" y="1056" curvePoint="false"/>
<type value="normal"/>
</arc>
<arc id="T2 to P68" source="T2" target="P68">
<graphics/>
<inscription>
<value>1</value>
<graphics/>
</inscription>
<tagged>
<value>false</value>
</tagged>
<arcpath id="000" x="721" y="147" curvePoint="false"/>
<arcpath id="001" x="762" y="147" curvePoint="false"/>
<type value="normal"/>
</arc>
<arc id="T30 to P58" source="T30" target="P58">
<graphics/>
<inscription>
<value>1</value>
<graphics/>
</inscription>
<tagged>
<value>false</value>
</tagged>
<arcpath id="000" x="586" y="1527" curvePoint="false"/>
<arcpath id="001" x="657" y="1527" curvePoint="false"/>
<type value="normal"/>
</arc>
<arc id="T31 to P24" source="T31" target="P24">
<graphics/>
<inscription>
<value>1</value>
<graphics/>
</inscription>
<tagged>
<value>false</value>
</tagged>
<arcpath id="000" x="631" y="852" curvePoint="false"/>
<arcpath id="001" x="678" y="789" curvePoint="false"/>
<type value="normal"/>
</arc>
<arc id="T33 to P40" source="T33" target="P40">
<graphics/>
<inscription>
<value>1</value>
<graphics/>
</inscription>
<tagged>
<value>false</value>
</tagged>
<arcpath id="000" x="571" y="1092" curvePoint="false"/>
<arcpath id="001" x="672" y="1092" curvePoint="false"/>
<type value="normal"/>
</arc>
<arc id="T35 to P53" source="T35" target="P53">
<graphics/>
<inscription>
<value>1</value>
<graphics/>
</inscription>
<tagged>
<value>false</value>
</tagged>
<arcpath id="000" x="1111" y="1527" curvePoint="false"/>
<arcpath id="001" x="1472" y="1073" curvePoint="false"/>
<type value="normal"/>
</arc>
<arc id="T35 to P66" source="T35" target="P66">
<graphics/>
<inscription>
<value>1</value>
<graphics/>
</inscription>
<tagged>
<value>false</value>
</tagged>
<arcpath id="000" x="1107" y="1512" curvePoint="false"/>
<arcpath id="001" x="1033" y="1220" curvePoint="false"/>
<arcpath id="002" x="1025" y="1037" curvePoint="true"/>
<arcpath id="003" x="1003" y="806" curvePoint="false"/>
<type value="normal"/>
</arc>
<arc id="T39 to P37" source="T39" target="P37">
<graphics/>
<inscription>
<value>1</value>
<graphics/>
</inscription>
<tagged>
<value>false</value>
</tagged>
<arcpath id="000" x="1171" y="747" curvePoint="false"/>
<arcpath id="001" x="1233" y="839" curvePoint="false"/>
<type value="normal"/>
</arc>
<arc id="T39 to P66" source="T39" target="P66">
<graphics/>
<inscription>
<value>1</value>
<graphics/>
</inscription>
<tagged>
<value>false</value>
</tagged>
<arcpath id="000" x="1161" y="748" curvePoint="false"/>
<arcpath id="001" x="1016" y="788" curvePoint="false"/>
<type value="normal"/>
</arc>
<arc id="T3 to P69" source="T3" target="P69">
<graphics/>
<inscription>
<value>1</value>
<graphics/>
</inscription>
<tagged>
<value>false</value>
</tagged>
<arcpath id="000" x="1171" y="147" curvePoint="false"/>
<arcpath id="001" x="1212" y="147" curvePoint="false"/>
<type value="normal"/>
</arc>
<arc id="T40 to P37" source="T40" target="P37">
<graphics/>
<inscription>
<value>1</value>
<graphics/>
</inscription>
<tagged>
<value>false</value>
</tagged>
<arcpath id="000" x="1171" y="822" curvePoint="false"/>
<arcpath id="001" x="1228" y="846" curvePoint="false"/>
<type value="normal"/>
</arc>
<arc id="T40 to P66" source="T40" target="P66">
<graphics/>
<inscription>
<value>1</value>
<graphics/>
</inscription>
<tagged>
<value>false</value>
</tagged>
<arcpath id="000" x="1161" y="823" curvePoint="false"/>
<arcpath id="001" x="1121" y="814" curvePoint="true"/>
<arcpath id="002" x="1016" y="794" curvePoint="false"/>
<type value="normal"/>
</arc>
<arc id="T44 to P1" source="T44" target="P1">
<graphics/>
<inscription>
<value>1</value>
<graphics/>
</inscription>
<tagged>
<value>false</value>
</tagged>
<arcpath id="000" x="361" y="147" curvePoint="false"/>
<arcpath id="001" x="402" y="147" curvePoint="false"/>
<type value="normal"/>
</arc>
<arc id="T45 to P5" source="T45" target="P5">
<graphics/>
<inscription>
<value>1</value>
<graphics/>
</inscription>
<tagged>
<value>false</value>
</tagged>
<arcpath id="000" x="856" y="147" curvePoint="false"/>
<arcpath id="001" x="897" y="147" curvePoint="false"/>
<type value="normal"/>
</arc>
<arc id="T46 to P7" source="T46" target="P7">
<graphics/>
<inscription>
<value>1</value>
<graphics/>
</inscription>
<tagged>
<value>false</value>
</tagged>
<arcpath id="000" x="1291" y="147" curvePoint="false"/>
<arcpath id="001" x="1332" y="147" curvePoint="false"/>
<type value="normal"/>
</arc>
<arc id="T47 to P9" source="T47" target="P9">
<graphics/>
<inscription>
<value>1</value>
<graphics/>
</inscription>
<tagged>
<value>false</value>
</tagged>
<arcpath id="000" x="1681" y="147" curvePoint="false"/>
<arcpath id="001" x="1737" y="147" curvePoint="false"/>
<type value="normal"/>
</arc>
<arc id="T4 to P70" source="T4" target="P70">
<graphics/>
<inscription>
<value>1</value>
<graphics/>
</inscription>
<tagged>
<value>false</value>
</tagged>
<arcpath id="000" x="1561" y="147" curvePoint="false"/>
<arcpath id="001" x="1602" y="147" curvePoint="false"/>
<type value="normal"/>
</arc>
<arc id="T5 to P15" source="T5" target="P15">
<graphics/>
<inscription>
<value>1</value>
<graphics/>
</inscription>
<tagged>
<value>false</value>
</tagged>
<arcpath id="000" x="167" y="739" curvePoint="false"/>
<arcpath id="001" x="199" y="685" curvePoint="false"/>
<type value="normal"/>
</arc>
<arc id="T5 to P16" source="T5" target="P16">
<graphics/>
<inscription>
<value>1</value>
<graphics/>
</inscription>
<tagged>
<value>false</value>
</tagged>
<arcpath id="000" x="167" y="746" curvePoint="false"/>
<arcpath id="001" x="192" y="748" curvePoint="false"/>
<type value="normal"/>
</arc>
<arc id="T5 to P17" source="T5" target="P17">
<graphics/>
<inscription>
<value>1</value>
<graphics/>
</inscription>
<tagged>
<value>false</value>
</tagged>
<arcpath id="000" x="166" y="753" curvePoint="false"/>
<arcpath id="001" x="199" y="809" curvePoint="false"/>
<type value="normal"/>
</arc>
<arc id="T6 to P18" source="T6" target="P18">
<graphics/>
<inscription>
<value>1</value>
<graphics/>
</inscription>
<tagged>
<value>false</value>
</tagged>
<arcpath id="000" x="286" y="692" curvePoint="false"/>
<arcpath id="001" x="342" y="675" curvePoint="false"/>
<type value="normal"/>
</arc>
<arc id="T6 to P60" source="T6" target="P60">
<graphics/>
<inscription>
<value>1</value>
<graphics/>
</inscription>
<tagged>
<value>false</value>
</tagged>
<arcpath id="000" x="277" y="682" curvePoint="false"/>
<arcpath id="001" x="143" y="576" curvePoint="false"/>
<type value="normal"/>
</arc>
<arc id="T6 to P62" source="T6" target="P62">
<graphics/>
<inscription>
<value>1</value>
<graphics/>
</inscription>
<tagged>
<value>false</value>
</tagged>
<arcpath id="000" x="282" y="672" curvePoint="false"/>
<arcpath id="001" x="282" y="581" curvePoint="false"/>
<type value="normal"/>
</arc>
<arc id="T6 to P71" source="T6" target="P71">
<graphics/>
<inscription>
<value>1</value>
<graphics/>
</inscription>
<tagged>
<value>false</value>
</tagged>
<arcpath id="000" x="282" y="672" curvePoint="false"/>
<arcpath id="001" x="229" y="579" curvePoint="false"/>
<type value="normal"/>
</arc>
<arc id="T6 to P73" source="T6" target="P73">
<graphics/>
<inscription>
<value>1</value>
<graphics/>
</inscription>
<tagged>
<value>false</value>
</tagged>
<arcpath id="000" x="282" y="672" curvePoint="false"/>
<arcpath id="001" x="334" y="580" curvePoint="false"/>
<type value="normal"/>
</arc>
<arc id="T6 to P74" source="T6" target="P74">
<graphics/>
<inscription>
<value>1</value>
<graphics/>
</inscription>
<tagged>
<value>false</value>
</tagged>
<arcpath id="000" x="287" y="682" curvePoint="false"/>
<arcpath id="001" x="420" y="576" curvePoint="false"/>
<type value="normal"/>
</arc>
<arc id="T7 to P19" source="T7" target="P19">
<graphics/>
<inscription>
<value>1</value>
<graphics/>
</inscription>
<tagged>
<value>false</value>
</tagged>
<arcpath id="000" x="286" y="747" curvePoint="false"/>
<arcpath id="001" x="342" y="747" curvePoint="false"/>
<type value="normal"/>
</arc>
<arc id="T8 to P20" source="T8" target="P20">
<graphics/>
<inscription>
<value>1</value>
<graphics/>
</inscription>
<tagged>
<value>false</value>
</tagged>
<arcpath id="000" x="286" y="822" curvePoint="false"/>
<arcpath id="001" x="342" y="822" curvePoint="false"/>
<type value="normal"/>
</arc>
<arc id="T9 to P21" source="T9" target="P21">
<graphics/>
<inscription>
<value>1</value>
<graphics/>
</inscription>
<tagged>
<value>false</value>
</tagged>
<arcpath id="000" x="406" y="747" curvePoint="false"/>
<arcpath id="001" x="432" y="747" curvePoint="false"/>
<type value="normal"/>
</arc>
</net>
</pnml>
