<?xml version="1.0" encoding="iso-8859-1"?><pnml>
<net id="Net-One" type="P/T net">
<labels x="1588" y="612" width="105" height="21" border="true">
<text>1*P23</text>
<finalMarings>true</finalMarings>
</labels>
<labels x="1202" y="1028" width="105" height="21" border="true">
<text>1*P27</text>
<finalMarings>true</finalMarings>
</labels>
<labels x="709" y="684" width="105" height="21" border="true">
<text>1*P33</text>
<finalMarings>true</finalMarings>
</labels>
<labels x="876" y="218" width="105" height="21" border="true">
<text>1*P9</text>
<finalMarings>true</finalMarings>
</labels>
<labels x="126" y="314" width="105" height="37" border="true">
<text>120 Command Center</text>
<finalMarings>false</finalMarings>
</labels>
<labels x="1035" y="731" width="105" height="37" border="true">
<text>Follow-up Ambulance</text>
<finalMarings>false</finalMarings>
</labels>
<labels x="529" y="1072" width="105" height="21" border="true">
<text>Red Cross</text>
<finalMarings>false</finalMarings>
</labels>
<labels x="63" y="828" width="105" height="21" border="true">
<text>Start Ambulance</text>
<finalMarings>false</finalMarings>
</labels>
<place id="P0">
<graphics>
<position x="195.0" y="255.0"/>
</graphics>
<name>
<value>P0</value>
<graphics>
<offset x="-5.0" y="35.0"/>
</graphics>
</name>
<msgPlace>false</msgPlace>
<resPlace>false</resPlace>
<initialMarking>
<value>1</value>
<graphics>
<offset x="0.0" y="0.0"/>
</graphics>
</initialMarking>
<capacity>
<value>0</value>
</capacity>
</place>
<place id="P1">
<graphics>
<position x="390.0" y="135.0"/>
</graphics>
<name>
<value>P1</value>
<graphics>
<offset x="-5.0" y="35.0"/>
</graphics>
</name>
<msgPlace>false</msgPlace>
<resPlace>false</resPlace>
<initialMarking>
<value>0</value>
<graphics>
<offset x="0.0" y="0.0"/>
</graphics>
</initialMarking>
<capacity>
<value>0</value>
</capacity>
</place>
<place id="P10">
<graphics>
<position x="90.0" y="750.0"/>
</graphics>
<name>
<value>P10</value>
<graphics>
<offset x="-5.0" y="35.0"/>
</graphics>
</name>
<msgPlace>false</msgPlace>
<resPlace>false</resPlace>
<initialMarking>
<value>1</value>
<graphics>
<offset x="0.0" y="0.0"/>
</graphics>
</initialMarking>
<capacity>
<value>0</value>
</capacity>
</place>
<place id="P11">
<graphics>
<position x="195.0" y="750.0"/>
</graphics>
<name>
<value>P11</value>
<graphics>
<offset x="-5.0" y="35.0"/>
</graphics>
</name>
<msgPlace>false</msgPlace>
<resPlace>false</resPlace>
<initialMarking>
<value>0</value>
<graphics>
<offset x="0.0" y="0.0"/>
</graphics>
</initialMarking>
<capacity>
<value>0</value>
</capacity>
</place>
<place id="P12">
<graphics>
<position x="375.0" y="675.0"/>
</graphics>
<name>
<value>P12</value>
<graphics>
<offset x="-5.0" y="35.0"/>
</graphics>
</name>
<msgPlace>false</msgPlace>
<resPlace>false</resPlace>
<initialMarking>
<value>0</value>
<graphics>
<offset x="0.0" y="0.0"/>
</graphics>
</initialMarking>
<capacity>
<value>0</value>
</capacity>
</place>
<place id="P13">
<graphics>
<position x="375.0" y="750.0"/>
</graphics>
<name>
<value>P13</value>
<graphics>
<offset x="-5.0" y="35.0"/>
</graphics>
</name>
<msgPlace>false</msgPlace>
<resPlace>false</resPlace>
<initialMarking>
<value>0</value>
<graphics>
<offset x="0.0" y="0.0"/>
</graphics>
</initialMarking>
<capacity>
<value>0</value>
</capacity>
</place>
<place id="P14">
<graphics>
<position x="375.0" y="825.0"/>
</graphics>
<name>
<value>P14</value>
<graphics>
<offset x="-5.0" y="35.0"/>
</graphics>
</name>
<msgPlace>false</msgPlace>
<resPlace>false</resPlace>
<initialMarking>
<value>0</value>
<graphics>
<offset x="0.0" y="0.0"/>
</graphics>
</initialMarking>
<capacity>
<value>0</value>
</capacity>
</place>
<place id="P15">
<graphics>
<position x="525.0" y="675.0"/>
</graphics>
<name>
<value>P15</value>
<graphics>
<offset x="-5.0" y="35.0"/>
</graphics>
</name>
<msgPlace>false</msgPlace>
<resPlace>false</resPlace>
<initialMarking>
<value>0</value>
<graphics>
<offset x="0.0" y="0.0"/>
</graphics>
</initialMarking>
<capacity>
<value>0</value>
</capacity>
</place>
<place id="P16">
<graphics>
<position x="525.0" y="750.0"/>
</graphics>
<name>
<value>P16</value>
<graphics>
<offset x="-5.0" y="35.0"/>
</graphics>
</name>
<msgPlace>false</msgPlace>
<resPlace>false</resPlace>
<initialMarking>
<value>0</value>
<graphics>
<offset x="0.0" y="0.0"/>
</graphics>
</initialMarking>
<capacity>
<value>0</value>
</capacity>
</place>
<place id="P17">
<graphics>
<position x="525.0" y="825.0"/>
</graphics>
<name>
<value>P17</value>
<graphics>
<offset x="-5.0" y="35.0"/>
</graphics>
</name>
<msgPlace>false</msgPlace>
<resPlace>false</resPlace>
<initialMarking>
<value>0</value>
<graphics>
<offset x="0.0" y="0.0"/>
</graphics>
</initialMarking>
<capacity>
<value>0</value>
</capacity>
</place>
<place id="P18">
<graphics>
<position x="1050.0" y="660.0"/>
</graphics>
<name>
<value>P18</value>
<graphics>
<offset x="-5.0" y="35.0"/>
</graphics>
</name>
<msgPlace>false</msgPlace>
<resPlace>false</resPlace>
<initialMarking>
<value>1</value>
<graphics>
<offset x="0.0" y="0.0"/>
</graphics>
</initialMarking>
<capacity>
<value>0</value>
</capacity>
</place>
<place id="P19">
<graphics>
<position x="1305.0" y="600.0"/>
</graphics>
<name>
<value>P19</value>
<graphics>
<offset x="-5.0" y="35.0"/>
</graphics>
</name>
<msgPlace>false</msgPlace>
<resPlace>false</resPlace>
<initialMarking>
<value>0</value>
<graphics>
<offset x="0.0" y="0.0"/>
</graphics>
</initialMarking>
<capacity>
<value>0</value>
</capacity>
</place>
<place id="P2">
<graphics>
<position x="360.0" y="75.0"/>
</graphics>
<name>
<value>P2</value>
<graphics>
<offset x="-5.0" y="35.0"/>
</graphics>
</name>
<msgPlace>false</msgPlace>
<resPlace>false</resPlace>
<initialMarking>
<value>0</value>
<graphics>
<offset x="0.0" y="0.0"/>
</graphics>
</initialMarking>
<capacity>
<value>0</value>
</capacity>
</place>
<place id="P20">
<graphics>
<position x="1305.0" y="735.0"/>
</graphics>
<name>
<value>P20</value>
<graphics>
<offset x="-5.0" y="35.0"/>
</graphics>
</name>
<msgPlace>false</msgPlace>
<resPlace>false</resPlace>
<initialMarking>
<value>0</value>
<graphics>
<offset x="0.0" y="0.0"/>
</graphics>
</initialMarking>
<capacity>
<value>0</value>
</capacity>
</place>
<place id="P21">
<graphics>
<position x="1455.0" y="600.0"/>
</graphics>
<name>
<value>P21</value>
<graphics>
<offset x="-5.0" y="35.0"/>
</graphics>
</name>
<msgPlace>false</msgPlace>
<resPlace>false</resPlace>
<initialMarking>
<value>0</value>
<graphics>
<offset x="0.0" y="0.0"/>
</graphics>
</initialMarking>
<capacity>
<value>0</value>
</capacity>
</place>
<place id="P22">
<graphics>
<position x="1455.0" y="735.0"/>
</graphics>
<name>
<value>P22</value>
<graphics>
<offset x="-5.0" y="35.0"/>
</graphics>
</name>
<msgPlace>false</msgPlace>
<resPlace>false</resPlace>
<initialMarking>
<value>0</value>
<graphics>
<offset x="0.0" y="0.0"/>
</graphics>
</initialMarking>
<capacity>
<value>0</value>
</capacity>
</place>
<place id="P23">
<graphics>
<position x="1605.0" y="675.0"/>
</graphics>
<name>
<value>P23</value>
<graphics>
<offset x="-5.0" y="35.0"/>
</graphics>
</name>
<msgPlace>false</msgPlace>
<resPlace>false</resPlace>
<initialMarking>
<value>0</value>
<graphics>
<offset x="0.0" y="0.0"/>
</graphics>
</initialMarking>
<capacity>
<value>0</value>
</capacity>
</place>
<place id="P24">
<graphics>
<position x="900.0" y="1035.0"/>
</graphics>
<name>
<value>P24</value>
<graphics>
<offset x="-5.0" y="35.0"/>
</graphics>
</name>
<msgPlace>false</msgPlace>
<resPlace>false</resPlace>
<initialMarking>
<value>0</value>
<graphics>
<offset x="0.0" y="0.0"/>
</graphics>
</initialMarking>
<capacity>
<value>0</value>
</capacity>
</place>
<place id="P25">
<graphics>
<position x="915.0" y="1140.0"/>
</graphics>
<name>
<value>P25</value>
<graphics>
<offset x="-5.0" y="35.0"/>
</graphics>
</name>
<msgPlace>false</msgPlace>
<resPlace>false</resPlace>
<initialMarking>
<value>0</value>
<graphics>
<offset x="0.0" y="0.0"/>
</graphics>
</initialMarking>
<capacity>
<value>0</value>
</capacity>
</place>
<place id="P26">
<graphics>
<position x="645.0" y="1095.0"/>
</graphics>
<name>
<value>P26</value>
<graphics>
<offset x="-5.0" y="35.0"/>
</graphics>
</name>
<msgPlace>false</msgPlace>
<resPlace>false</resPlace>
<initialMarking>
<value>1</value>
<graphics>
<offset x="0.0" y="0.0"/>
</graphics>
</initialMarking>
<capacity>
<value>0</value>
</capacity>
</place>
<place id="P27">
<graphics>
<position x="1200.0" y="1095.0"/>
</graphics>
<name>
<value>P27</value>
<graphics>
<offset x="-5.0" y="35.0"/>
</graphics>
</name>
<msgPlace>false</msgPlace>
<resPlace>false</resPlace>
<initialMarking>
<value>0</value>
<graphics>
<offset x="0.0" y="0.0"/>
</graphics>
</initialMarking>
<capacity>
<value>0</value>
</capacity>
</place>
<place id="P28">
<graphics>
<position x="690.0" y="135.0"/>
</graphics>
<name>
<value>P28</value>
<graphics>
<offset x="-5.0" y="35.0"/>
</graphics>
</name>
<msgPlace>false</msgPlace>
<resPlace>false</resPlace>
<initialMarking>
<value>0</value>
<graphics>
<offset x="0.0" y="0.0"/>
</graphics>
</initialMarking>
<capacity>
<value>0</value>
</capacity>
</place>
<place id="P29">
<graphics>
<position x="735.0" y="75.0"/>
</graphics>
<name>
<value>P29</value>
<graphics>
<offset x="-5.0" y="35.0"/>
</graphics>
</name>
<msgPlace>false</msgPlace>
<resPlace>false</resPlace>
<initialMarking>
<value>0</value>
<graphics>
<offset x="0.0" y="0.0"/>
</graphics>
</initialMarking>
<capacity>
<value>0</value>
</capacity>
</place>
<place id="P3">
<graphics>
<position x="315.0" y="405.0"/>
</graphics>
<name>
<value>P3</value>
<graphics>
<offset x="-5.0" y="35.0"/>
</graphics>
</name>
<msgPlace>false</msgPlace>
<resPlace>false</resPlace>
<initialMarking>
<value>0</value>
<graphics>
<offset x="0.0" y="0.0"/>
</graphics>
</initialMarking>
<capacity>
<value>0</value>
</capacity>
</place>
<place id="P30">
<graphics>
<position x="600.0" y="300.0"/>
</graphics>
<name>
<value>P30</value>
<graphics>
<offset x="-5.0" y="35.0"/>
</graphics>
</name>
<msgPlace>false</msgPlace>
<resPlace>false</resPlace>
<initialMarking>
<value>0</value>
<graphics>
<offset x="0.0" y="0.0"/>
</graphics>
</initialMarking>
<capacity>
<value>0</value>
</capacity>
</place>
<place id="P31">
<graphics>
<position x="600.0" y="375.0"/>
</graphics>
<name>
<value>P31</value>
<graphics>
<offset x="-5.0" y="35.0"/>
</graphics>
</name>
<msgPlace>false</msgPlace>
<resPlace>false</resPlace>
<initialMarking>
<value>0</value>
<graphics>
<offset x="0.0" y="0.0"/>
</graphics>
</initialMarking>
<capacity>
<value>0</value>
</capacity>
</place>
<place id="P32">
<graphics>
<position x="810.0" y="390.0"/>
</graphics>
<name>
<value>P32</value>
<graphics>
<offset x="25.0" y="51.0"/>
</graphics>
</name>
<msgPlace>false</msgPlace>
<resPlace>false</resPlace>
<initialMarking>
<value>0</value>
<graphics>
<offset x="0.0" y="0.0"/>
</graphics>
</initialMarking>
<capacity>
<value>0</value>
</capacity>
</place>
<place id="P33">
<graphics>
<position x="705.0" y="750.0"/>
</graphics>
<name>
<value>P33</value>
<graphics>
<offset x="-5.0" y="35.0"/>
</graphics>
</name>
<msgPlace>false</msgPlace>
<resPlace>false</resPlace>
<initialMarking>
<value>0</value>
<graphics>
<offset x="0.0" y="0.0"/>
</graphics>
</initialMarking>
<capacity>
<value>0</value>
</capacity>
</place>
<place id="P34">
<graphics>
<position x="1050.0" y="1035.0"/>
</graphics>
<name>
<value>P34</value>
<graphics>
<offset x="-5.0" y="35.0"/>
</graphics>
</name>
<msgPlace>false</msgPlace>
<resPlace>false</resPlace>
<initialMarking>
<value>0</value>
<graphics>
<offset x="0.0" y="0.0"/>
</graphics>
</initialMarking>
<capacity>
<value>0</value>
</capacity>
</place>
<place id="P35">
<graphics>
<position x="1050.0" y="1140.0"/>
</graphics>
<name>
<value>P35</value>
<graphics>
<offset x="-5.0" y="35.0"/>
</graphics>
</name>
<msgPlace>false</msgPlace>
<resPlace>false</resPlace>
<initialMarking>
<value>0</value>
<graphics>
<offset x="0.0" y="0.0"/>
</graphics>
</initialMarking>
<capacity>
<value>0</value>
</capacity>
</place>
<place id="P36">
<graphics>
<position x="465.0" y="15.0"/>
</graphics>
<name>
<value>starAmbulInst</value>
<graphics>
<offset x="28.0" y="42.0"/>
</graphics>
</name>
<msgPlace>true</msgPlace>
<resPlace>false</resPlace>
<initialMarking>
<value>0</value>
<graphics>
<offset x="0.0" y="0.0"/>
</graphics>
</initialMarking>
<capacity>
<value>0</value>
</capacity>
</place>
<place id="P37">
<graphics>
<position x="630.0" y="495.0"/>
</graphics>
<name>
<value>follAmbulInst</value>
<graphics>
<offset x="-5.0" y="15.0"/>
</graphics>
</name>
<msgPlace>true</msgPlace>
<resPlace>false</resPlace>
<initialMarking>
<value>0</value>
<graphics>
<offset x="0.0" y="0.0"/>
</graphics>
</initialMarking>
<capacity>
<value>0</value>
</capacity>
</place>
<place id="P38">
<graphics>
<position x="150.0" y="675.0"/>
</graphics>
<name>
<value>starAmbulInst</value>
<graphics>
<offset x="-5.0" y="35.0"/>
</graphics>
</name>
<msgPlace>true</msgPlace>
<resPlace>false</resPlace>
<initialMarking>
<value>0</value>
<graphics>
<offset x="0.0" y="0.0"/>
</graphics>
</initialMarking>
<capacity>
<value>0</value>
</capacity>
</place>
<place id="P39">
<graphics>
<position x="285.0" y="750.0"/>
</graphics>
<name>
<value>P39</value>
<graphics>
<offset x="-5.0" y="35.0"/>
</graphics>
</name>
<msgPlace>false</msgPlace>
<resPlace>false</resPlace>
<initialMarking>
<value>0</value>
<graphics>
<offset x="0.0" y="0.0"/>
</graphics>
</initialMarking>
<capacity>
<value>0</value>
</capacity>
</place>
<place id="P4">
<graphics>
<position x="450.0" y="300.0"/>
</graphics>
<name>
<value>P4</value>
<graphics>
<offset x="-5.0" y="35.0"/>
</graphics>
</name>
<msgPlace>false</msgPlace>
<resPlace>false</resPlace>
<initialMarking>
<value>0</value>
<graphics>
<offset x="0.0" y="0.0"/>
</graphics>
</initialMarking>
<capacity>
<value>0</value>
</capacity>
</place>
<place id="P40">
<graphics>
<position x="330.0" y="870.0"/>
</graphics>
<name>
<value>driver</value>
<graphics>
<offset x="-5.0" y="35.0"/>
</graphics>
</name>
<msgPlace>false</msgPlace>
<resPlace>true</resPlace>
<initialMarking>
<value>1</value>
<graphics>
<offset x="0.0" y="0.0"/>
</graphics>
</initialMarking>
<capacity>
<value>0</value>
</capacity>
</place>
<place id="P41">
<graphics>
<position x="1170.0" y="660.0"/>
</graphics>
<name>
<value>P41</value>
<graphics>
<offset x="-5.0" y="35.0"/>
</graphics>
</name>
<msgPlace>false</msgPlace>
<resPlace>false</resPlace>
<initialMarking>
<value>0</value>
<graphics>
<offset x="0.0" y="0.0"/>
</graphics>
</initialMarking>
<capacity>
<value>0</value>
</capacity>
</place>
<place id="P42">
<graphics>
<position x="1110.0" y="585.0"/>
</graphics>
<name>
<value>follAmbulInst</value>
<graphics>
<offset x="-5.0" y="35.0"/>
</graphics>
</name>
<msgPlace>true</msgPlace>
<resPlace>false</resPlace>
<initialMarking>
<value>0</value>
<graphics>
<offset x="0.0" y="0.0"/>
</graphics>
</initialMarking>
<capacity>
<value>0</value>
</capacity>
</place>
<place id="P43">
<graphics>
<position x="1380.0" y="810.0"/>
</graphics>
<name>
<value>amblu</value>
<graphics>
<offset x="-6.0" y="16.0"/>
</graphics>
</name>
<msgPlace>false</msgPlace>
<resPlace>true</resPlace>
<initialMarking>
<value>1</value>
<graphics>
<offset x="0.0" y="0.0"/>
</graphics>
</initialMarking>
<capacity>
<value>0</value>
</capacity>
</place>
<place id="P44">
<graphics>
<position x="765.0" y="1095.0"/>
</graphics>
<name>
<value>P44</value>
<graphics>
<offset x="-5.0" y="35.0"/>
</graphics>
</name>
<msgPlace>false</msgPlace>
<resPlace>false</resPlace>
<initialMarking>
<value>0</value>
<graphics>
<offset x="0.0" y="0.0"/>
</graphics>
</initialMarking>
<capacity>
<value>0</value>
</capacity>
</place>
<place id="P45">
<graphics>
<position x="705.0" y="1005.0"/>
</graphics>
<name>
<value>redCorssInst</value>
<graphics>
<offset x="-5.0" y="35.0"/>
</graphics>
</name>
<msgPlace>true</msgPlace>
<resPlace>false</resPlace>
<initialMarking>
<value>0</value>
<graphics>
<offset x="0.0" y="0.0"/>
</graphics>
</initialMarking>
<capacity>
<value>0</value>
</capacity>
</place>
<place id="P46">
<graphics>
<position x="525.0" y="15.0"/>
</graphics>
<name>
<value>redCorssInst</value>
<graphics>
<offset x="81.0" y="46.0"/>
</graphics>
</name>
<msgPlace>true</msgPlace>
<resPlace>false</resPlace>
<initialMarking>
<value>0</value>
<graphics>
<offset x="0.0" y="0.0"/>
</graphics>
</initialMarking>
<capacity>
<value>0</value>
</capacity>
</place>
<place id="P5">
<graphics>
<position x="450.0" y="375.0"/>
</graphics>
<name>
<value>P5</value>
<graphics>
<offset x="-5.0" y="35.0"/>
</graphics>
</name>
<msgPlace>false</msgPlace>
<resPlace>false</resPlace>
<initialMarking>
<value>0</value>
<graphics>
<offset x="0.0" y="0.0"/>
</graphics>
</initialMarking>
<capacity>
<value>0</value>
</capacity>
</place>
<place id="P6">
<graphics>
<position x="450.0" y="435.0"/>
</graphics>
<name>
<value>P6</value>
<graphics>
<offset x="-5.0" y="35.0"/>
</graphics>
</name>
<msgPlace>false</msgPlace>
<resPlace>false</resPlace>
<initialMarking>
<value>0</value>
<graphics>
<offset x="0.0" y="0.0"/>
</graphics>
</initialMarking>
<capacity>
<value>0</value>
</capacity>
</place>
<place id="P7">
<graphics>
<position x="570.0" y="435.0"/>
</graphics>
<name>
<value>P7</value>
<graphics>
<offset x="-5.0" y="35.0"/>
</graphics>
</name>
<msgPlace>false</msgPlace>
<resPlace>false</resPlace>
<initialMarking>
<value>0</value>
<graphics>
<offset x="0.0" y="0.0"/>
</graphics>
</initialMarking>
<capacity>
<value>0</value>
</capacity>
</place>
<place id="P8">
<graphics>
<position x="675.0" y="435.0"/>
</graphics>
<name>
<value>P8</value>
<graphics>
<offset x="-5.0" y="35.0"/>
</graphics>
</name>
<msgPlace>false</msgPlace>
<resPlace>false</resPlace>
<initialMarking>
<value>0</value>
<graphics>
<offset x="0.0" y="0.0"/>
</graphics>
</initialMarking>
<capacity>
<value>0</value>
</capacity>
</place>
<place id="P9">
<graphics>
<position x="930.0" y="255.0"/>
</graphics>
<name>
<value>P9</value>
<graphics>
<offset x="-5.0" y="35.0"/>
</graphics>
</name>
<msgPlace>false</msgPlace>
<resPlace>false</resPlace>
<initialMarking>
<value>0</value>
<graphics>
<offset x="0.0" y="0.0"/>
</graphics>
</initialMarking>
<capacity>
<value>0</value>
</capacity>
</place>
<transition id="T0">
<graphics>
<position x="285.0" y="255.0"/>
</graphics>
<name>
<value>T0</value>
<graphics>
<offset x="-5.0" y="35.0"/>
</graphics>
</name>
<orientation>
<value>0</value>
</orientation>
<rate>
<value>1.0</value>
</rate>
<timed>
<value>false</value>
</timed>
<infiniteServer>
<value>false</value>
</infiniteServer>
<priority>
<value>1</value>
</priority>
</transition>
<transition id="T1">
<graphics>
<position x="540.0" y="135.0"/>
</graphics>
<name>
<value>T1</value>
<graphics>
<offset x="-5.0" y="35.0"/>
</graphics>
</name>
<orientation>
<value>0</value>
</orientation>
<rate>
<value>1.0</value>
</rate>
<timed>
<value>false</value>
</timed>
<infiniteServer>
<value>false</value>
</infiniteServer>
<priority>
<value>1</value>
</priority>
</transition>
<transition id="T10">
<graphics>
<position x="450.0" y="675.0"/>
</graphics>
<name>
<value>T10</value>
<graphics>
<offset x="-5.0" y="35.0"/>
</graphics>
</name>
<orientation>
<value>0</value>
</orientation>
<rate>
<value>1.0</value>
</rate>
<timed>
<value>false</value>
</timed>
<infiniteServer>
<value>false</value>
</infiniteServer>
<priority>
<value>1</value>
</priority>
</transition>
<transition id="T11">
<graphics>
<position x="450.0" y="750.0"/>
</graphics>
<name>
<value>T11</value>
<graphics>
<offset x="-5.0" y="35.0"/>
</graphics>
</name>
<orientation>
<value>0</value>
</orientation>
<rate>
<value>1.0</value>
</rate>
<timed>
<value>false</value>
</timed>
<infiniteServer>
<value>false</value>
</infiniteServer>
<priority>
<value>1</value>
</priority>
</transition>
<transition id="T12">
<graphics>
<position x="450.0" y="825.0"/>
</graphics>
<name>
<value>T12</value>
<graphics>
<offset x="-5.0" y="35.0"/>
</graphics>
</name>
<orientation>
<value>0</value>
</orientation>
<rate>
<value>1.0</value>
</rate>
<timed>
<value>false</value>
</timed>
<infiniteServer>
<value>false</value>
</infiniteServer>
<priority>
<value>1</value>
</priority>
</transition>
<transition id="T13">
<graphics>
<position x="150.0" y="750.0"/>
</graphics>
<name>
<value>T13</value>
<graphics>
<offset x="-5.0" y="35.0"/>
</graphics>
</name>
<orientation>
<value>0</value>
</orientation>
<rate>
<value>1.0</value>
</rate>
<timed>
<value>false</value>
</timed>
<infiniteServer>
<value>false</value>
</infiniteServer>
<priority>
<value>1</value>
</priority>
</transition>
<transition id="T14">
<graphics>
<position x="1245.0" y="660.0"/>
</graphics>
<name>
<value>T14</value>
<graphics>
<offset x="-5.0" y="35.0"/>
</graphics>
</name>
<orientation>
<value>0</value>
</orientation>
<rate>
<value>1.0</value>
</rate>
<timed>
<value>false</value>
</timed>
<infiniteServer>
<value>false</value>
</infiniteServer>
<priority>
<value>1</value>
</priority>
</transition>
<transition id="T15">
<graphics>
<position x="1380.0" y="600.0"/>
</graphics>
<name>
<value>T15</value>
<graphics>
<offset x="-5.0" y="35.0"/>
</graphics>
</name>
<orientation>
<value>0</value>
</orientation>
<rate>
<value>1.0</value>
</rate>
<timed>
<value>false</value>
</timed>
<infiniteServer>
<value>false</value>
</infiniteServer>
<priority>
<value>1</value>
</priority>
</transition>
<transition id="T16">
<graphics>
<position x="1380.0" y="735.0"/>
</graphics>
<name>
<value>T16</value>
<graphics>
<offset x="-5.0" y="35.0"/>
</graphics>
</name>
<orientation>
<value>0</value>
</orientation>
<rate>
<value>1.0</value>
</rate>
<timed>
<value>false</value>
</timed>
<infiniteServer>
<value>false</value>
</infiniteServer>
<priority>
<value>1</value>
</priority>
</transition>
<transition id="T17">
<graphics>
<position x="975.0" y="1035.0"/>
</graphics>
<name>
<value>T17</value>
<graphics>
<offset x="-5.0" y="35.0"/>
</graphics>
</name>
<orientation>
<value>0</value>
</orientation>
<rate>
<value>1.0</value>
</rate>
<timed>
<value>false</value>
</timed>
<infiniteServer>
<value>false</value>
</infiniteServer>
<priority>
<value>1</value>
</priority>
</transition>
<transition id="T18">
<graphics>
<position x="975.0" y="1140.0"/>
</graphics>
<name>
<value>T18</value>
<graphics>
<offset x="-5.0" y="35.0"/>
</graphics>
</name>
<orientation>
<value>0</value>
</orientation>
<rate>
<value>1.0</value>
</rate>
<timed>
<value>false</value>
</timed>
<infiniteServer>
<value>false</value>
</infiniteServer>
<priority>
<value>1</value>
</priority>
</transition>
<transition id="T19">
<graphics>
<position x="810.0" y="255.0"/>
</graphics>
<name>
<value>T19</value>
<graphics>
<offset x="-5.0" y="35.0"/>
</graphics>
</name>
<orientation>
<value>0</value>
</orientation>
<rate>
<value>1.0</value>
</rate>
<timed>
<value>false</value>
</timed>
<infiniteServer>
<value>false</value>
</infiniteServer>
<priority>
<value>1</value>
</priority>
</transition>
<transition id="T2">
<graphics>
<position x="495.0" y="75.0"/>
</graphics>
<name>
<value>T2</value>
<graphics>
<offset x="20.0" y="39.0"/>
</graphics>
</name>
<orientation>
<value>0</value>
</orientation>
<rate>
<value>1.0</value>
</rate>
<timed>
<value>false</value>
</timed>
<infiniteServer>
<value>false</value>
</infiniteServer>
<priority>
<value>1</value>
</priority>
</transition>
<transition id="T20">
<graphics>
<position x="1485.0" y="675.0"/>
</graphics>
<name>
<value>T20</value>
<graphics>
<offset x="-5.0" y="35.0"/>
</graphics>
</name>
<orientation>
<value>0</value>
</orientation>
<rate>
<value>1.0</value>
</rate>
<timed>
<value>false</value>
</timed>
<infiniteServer>
<value>false</value>
</infiniteServer>
<priority>
<value>1</value>
</priority>
</transition>
<transition id="T21">
<graphics>
<position x="840.0" y="1095.0"/>
</graphics>
<name>
<value>T21</value>
<graphics>
<offset x="-5.0" y="35.0"/>
</graphics>
</name>
<orientation>
<value>0</value>
</orientation>
<rate>
<value>1.0</value>
</rate>
<timed>
<value>false</value>
</timed>
<infiniteServer>
<value>false</value>
</infiniteServer>
<priority>
<value>1</value>
</priority>
</transition>
<transition id="T22">
<graphics>
<position x="1110.0" y="1095.0"/>
</graphics>
<name>
<value>T22</value>
<graphics>
<offset x="-5.0" y="35.0"/>
</graphics>
</name>
<orientation>
<value>0</value>
</orientation>
<rate>
<value>1.0</value>
</rate>
<timed>
<value>false</value>
</timed>
<infiniteServer>
<value>false</value>
</infiniteServer>
<priority>
<value>1</value>
</priority>
</transition>
<transition id="T23">
<graphics>
<position x="690.0" y="360.0"/>
</graphics>
<name>
<value>T23</value>
<graphics>
<offset x="-5.0" y="35.0"/>
</graphics>
</name>
<orientation>
<value>0</value>
</orientation>
<rate>
<value>1.0</value>
</rate>
<timed>
<value>false</value>
</timed>
<infiniteServer>
<value>false</value>
</infiniteServer>
<priority>
<value>1</value>
</priority>
</transition>
<transition id="T24">
<graphics>
<position x="585.0" y="750.0"/>
</graphics>
<name>
<value>T24</value>
<graphics>
<offset x="-5.0" y="35.0"/>
</graphics>
</name>
<orientation>
<value>0</value>
</orientation>
<rate>
<value>1.0</value>
</rate>
<timed>
<value>false</value>
</timed>
<infiniteServer>
<value>false</value>
</infiniteServer>
<priority>
<value>1</value>
</priority>
</transition>
<transition id="T25">
<graphics>
<position x="240.0" y="750.0"/>
</graphics>
<name>
<value>T25</value>
<graphics>
<offset x="-5.0" y="35.0"/>
</graphics>
</name>
<orientation>
<value>0</value>
</orientation>
<rate>
<value>1.0</value>
</rate>
<timed>
<value>false</value>
</timed>
<infiniteServer>
<value>false</value>
</infiniteServer>
<priority>
<value>1</value>
</priority>
</transition>
<transition id="T26">
<graphics>
<position x="1110.0" y="660.0"/>
</graphics>
<name>
<value>T26</value>
<graphics>
<offset x="-5.0" y="35.0"/>
</graphics>
</name>
<orientation>
<value>0</value>
</orientation>
<rate>
<value>1.0</value>
</rate>
<timed>
<value>false</value>
</timed>
<infiniteServer>
<value>false</value>
</infiniteServer>
<priority>
<value>1</value>
</priority>
</transition>
<transition id="T27">
<graphics>
<position x="705.0" y="1095.0"/>
</graphics>
<name>
<value>T27</value>
<graphics>
<offset x="-5.0" y="35.0"/>
</graphics>
</name>
<orientation>
<value>0</value>
</orientation>
<rate>
<value>1.0</value>
</rate>
<timed>
<value>false</value>
</timed>
<infiniteServer>
<value>false</value>
</infiniteServer>
<priority>
<value>1</value>
</priority>
</transition>
<transition id="T3">
<graphics>
<position x="390.0" y="360.0"/>
</graphics>
<name>
<value>T3</value>
<graphics>
<offset x="-5.0" y="35.0"/>
</graphics>
</name>
<orientation>
<value>0</value>
</orientation>
<rate>
<value>1.0</value>
</rate>
<timed>
<value>false</value>
</timed>
<infiniteServer>
<value>false</value>
</infiniteServer>
<priority>
<value>1</value>
</priority>
</transition>
<transition id="T4">
<graphics>
<position x="390.0" y="480.0"/>
</graphics>
<name>
<value>T4</value>
<graphics>
<offset x="-5.0" y="35.0"/>
</graphics>
</name>
<orientation>
<value>0</value>
</orientation>
<rate>
<value>1.0</value>
</rate>
<timed>
<value>false</value>
</timed>
<infiniteServer>
<value>false</value>
</infiniteServer>
<priority>
<value>1</value>
</priority>
</transition>
<transition id="T5">
<graphics>
<position x="525.0" y="300.0"/>
</graphics>
<name>
<value>T5</value>
<graphics>
<offset x="-5.0" y="35.0"/>
</graphics>
</name>
<orientation>
<value>0</value>
</orientation>
<rate>
<value>1.0</value>
</rate>
<timed>
<value>false</value>
</timed>
<infiniteServer>
<value>false</value>
</infiniteServer>
<priority>
<value>1</value>
</priority>
</transition>
<transition id="T6">
<graphics>
<position x="525.0" y="375.0"/>
</graphics>
<name>
<value>T6</value>
<graphics>
<offset x="-5.0" y="35.0"/>
</graphics>
</name>
<orientation>
<value>0</value>
</orientation>
<rate>
<value>1.0</value>
</rate>
<timed>
<value>false</value>
</timed>
<infiniteServer>
<value>false</value>
</infiniteServer>
<priority>
<value>1</value>
</priority>
</transition>
<transition id="T7">
<graphics>
<position x="510.0" y="435.0"/>
</graphics>
<name>
<value>T7</value>
<graphics>
<offset x="-5.0" y="35.0"/>
</graphics>
</name>
<orientation>
<value>0</value>
</orientation>
<rate>
<value>1.0</value>
</rate>
<timed>
<value>false</value>
</timed>
<infiniteServer>
<value>false</value>
</infiniteServer>
<priority>
<value>1</value>
</priority>
</transition>
<transition id="T8">
<graphics>
<position x="630.0" y="435.0"/>
</graphics>
<name>
<value>T8</value>
<graphics>
<offset x="-5.0" y="35.0"/>
</graphics>
</name>
<orientation>
<value>0</value>
</orientation>
<rate>
<value>1.0</value>
</rate>
<timed>
<value>false</value>
</timed>
<infiniteServer>
<value>false</value>
</infiniteServer>
<priority>
<value>1</value>
</priority>
</transition>
<transition id="T9">
<graphics>
<position x="330.0" y="750.0"/>
</graphics>
<name>
<value>T9</value>
<graphics>
<offset x="-5.0" y="35.0"/>
</graphics>
</name>
<orientation>
<value>0</value>
</orientation>
<rate>
<value>1.0</value>
</rate>
<timed>
<value>false</value>
</timed>
<infiniteServer>
<value>false</value>
</infiniteServer>
<priority>
<value>1</value>
</priority>
</transition>
<arc id="P0 to T0" source="P0" target="T0">
<graphics/>
<inscription>
<value>1</value>
<graphics/>
</inscription>
<tagged>
<value>false</value>
</tagged>
<arcpath id="000" x="221" y="267" curvePoint="false"/>
<arcpath id="001" x="291" y="267" curvePoint="false"/>
<type value="normal"/>
</arc>
<arc id="P10 to T13" source="P10" target="T13">
<graphics/>
<inscription>
<value>1</value>
<graphics/>
</inscription>
<tagged>
<value>false</value>
</tagged>
<arcpath id="000" x="116" y="762" curvePoint="false"/>
<arcpath id="001" x="156" y="762" curvePoint="false"/>
<type value="normal"/>
</arc>
<arc id="P11 to T25" source="P11" target="T25">
<graphics/>
<inscription>
<value>1</value>
<graphics/>
</inscription>
<tagged>
<value>false</value>
</tagged>
<arcpath id="000" x="221" y="762" curvePoint="false"/>
<arcpath id="001" x="246" y="762" curvePoint="false"/>
<type value="normal"/>
</arc>
<arc id="P12 to T10" source="P12" target="T10">
<graphics/>
<inscription>
<value>1</value>
<graphics/>
</inscription>
<tagged>
<value>false</value>
</tagged>
<arcpath id="000" x="401" y="687" curvePoint="false"/>
<arcpath id="001" x="456" y="687" curvePoint="false"/>
<type value="normal"/>
</arc>
<arc id="P13 to T11" source="P13" target="T11">
<graphics/>
<inscription>
<value>1</value>
<graphics/>
</inscription>
<tagged>
<value>false</value>
</tagged>
<arcpath id="000" x="401" y="762" curvePoint="false"/>
<arcpath id="001" x="456" y="762" curvePoint="false"/>
<type value="normal"/>
</arc>
<arc id="P14 to T12" source="P14" target="T12">
<graphics/>
<inscription>
<value>1</value>
<graphics/>
</inscription>
<tagged>
<value>false</value>
</tagged>
<arcpath id="000" x="401" y="837" curvePoint="false"/>
<arcpath id="001" x="456" y="837" curvePoint="false"/>
<type value="normal"/>
</arc>
<arc id="P15 to T24" source="P15" target="T24">
<graphics/>
<inscription>
<value>1</value>
<graphics/>
</inscription>
<tagged>
<value>false</value>
</tagged>
<arcpath id="000" x="545" y="699" curvePoint="false"/>
<arcpath id="001" x="592" y="756" curvePoint="false"/>
<type value="normal"/>
</arc>
<arc id="P16 to T24" source="P16" target="T24">
<graphics/>
<inscription>
<value>1</value>
<graphics/>
</inscription>
<tagged>
<value>false</value>
</tagged>
<arcpath id="000" x="551" y="763" curvePoint="false"/>
<arcpath id="001" x="591" y="763" curvePoint="false"/>
<type value="normal"/>
</arc>
<arc id="P17 to T24" source="P17" target="T24">
<graphics/>
<inscription>
<value>1</value>
<graphics/>
</inscription>
<tagged>
<value>false</value>
</tagged>
<arcpath id="000" x="546" y="825" curvePoint="false"/>
<arcpath id="001" x="591" y="770" curvePoint="false"/>
<type value="normal"/>
</arc>
<arc id="P18 to T26" source="P18" target="T26">
<graphics/>
<inscription>
<value>1</value>
<graphics/>
</inscription>
<tagged>
<value>false</value>
</tagged>
<arcpath id="000" x="1076" y="672" curvePoint="false"/>
<arcpath id="001" x="1116" y="672" curvePoint="false"/>
<type value="normal"/>
</arc>
<arc id="P19 to T15" source="P19" target="T15">
<graphics/>
<inscription>
<value>1</value>
<graphics/>
</inscription>
<tagged>
<value>false</value>
</tagged>
<arcpath id="000" x="1331" y="612" curvePoint="false"/>
<arcpath id="001" x="1386" y="612" curvePoint="false"/>
<type value="normal"/>
</arc>
<arc id="P1 to T1" source="P1" target="T1">
<graphics/>
<inscription>
<value>1</value>
<graphics/>
</inscription>
<tagged>
<value>false</value>
</tagged>
<arcpath id="000" x="416" y="147" curvePoint="false"/>
<arcpath id="001" x="546" y="147" curvePoint="false"/>
<type value="normal"/>
</arc>
<arc id="P20 to T16" source="P20" target="T16">
<graphics/>
<inscription>
<value>1</value>
<graphics/>
</inscription>
<tagged>
<value>false</value>
</tagged>
<arcpath id="000" x="1331" y="747" curvePoint="false"/>
<arcpath id="001" x="1386" y="747" curvePoint="false"/>
<type value="normal"/>
</arc>
<arc id="P21 to T20" source="P21" target="T20">
<graphics/>
<inscription>
<value>1</value>
<graphics/>
</inscription>
<tagged>
<value>false</value>
</tagged>
<arcpath id="000" x="1473" y="625" curvePoint="false"/>
<arcpath id="001" x="1497" y="672" curvePoint="false"/>
<type value="normal"/>
</arc>
<arc id="P22 to T20" source="P22" target="T20">
<graphics/>
<inscription>
<value>1</value>
<graphics/>
</inscription>
<tagged>
<value>false</value>
</tagged>
<arcpath id="000" x="1475" y="734" curvePoint="false"/>
<arcpath id="001" x="1497" y="702" curvePoint="false"/>
<type value="normal"/>
</arc>
<arc id="P24 to T17" source="P24" target="T17">
<graphics/>
<inscription>
<value>1</value>
<graphics/>
</inscription>
<tagged>
<value>false</value>
</tagged>
<arcpath id="000" x="926" y="1047" curvePoint="false"/>
<arcpath id="001" x="981" y="1047" curvePoint="false"/>
<type value="normal"/>
</arc>
<arc id="P25 to T18" source="P25" target="T18">
<graphics/>
<inscription>
<value>1</value>
<graphics/>
</inscription>
<tagged>
<value>false</value>
</tagged>
<arcpath id="000" x="941" y="1152" curvePoint="false"/>
<arcpath id="001" x="981" y="1152" curvePoint="false"/>
<type value="normal"/>
</arc>
<arc id="P26 to T27" source="P26" target="T27">
<graphics/>
<inscription>
<value>1</value>
<graphics/>
</inscription>
<tagged>
<value>false</value>
</tagged>
<arcpath id="000" x="671" y="1107" curvePoint="false"/>
<arcpath id="001" x="711" y="1107" curvePoint="false"/>
<type value="normal"/>
</arc>
<arc id="P28 to T19" source="P28" target="T19">
<graphics/>
<inscription>
<value>1</value>
<graphics/>
</inscription>
<tagged>
<value>false</value>
</tagged>
<arcpath id="000" x="712" y="157" curvePoint="false"/>
<arcpath id="001" x="816" y="267" curvePoint="false"/>
<type value="normal"/>
</arc>
<arc id="P29 to T19" source="P29" target="T19">
<graphics/>
<inscription>
<value>1</value>
<graphics/>
</inscription>
<tagged>
<value>false</value>
</tagged>
<arcpath id="000" x="753" y="100" curvePoint="false"/>
<arcpath id="001" x="822" y="252" curvePoint="false"/>
<type value="normal"/>
</arc>
<arc id="P2 to T2" source="P2" target="T2">
<graphics/>
<inscription>
<value>1</value>
<graphics/>
</inscription>
<tagged>
<value>false</value>
</tagged>
<arcpath id="000" x="386" y="87" curvePoint="false"/>
<arcpath id="001" x="501" y="87" curvePoint="false"/>
<type value="normal"/>
</arc>
<arc id="P30 to T23" source="P30" target="T23">
<graphics/>
<inscription>
<value>1</value>
<graphics/>
</inscription>
<tagged>
<value>false</value>
</tagged>
<arcpath id="000" x="624" y="320" curvePoint="false"/>
<arcpath id="001" x="697" y="367" curvePoint="false"/>
<type value="normal"/>
</arc>
<arc id="P31 to T23" source="P31" target="T23">
<graphics/>
<inscription>
<value>1</value>
<graphics/>
</inscription>
<tagged>
<value>false</value>
</tagged>
<arcpath id="000" x="626" y="385" curvePoint="false"/>
<arcpath id="001" x="696" y="377" curvePoint="false"/>
<type value="normal"/>
</arc>
<arc id="P32 to T19" source="P32" target="T19">
<graphics/>
<inscription>
<value>1</value>
<graphics/>
</inscription>
<tagged>
<value>false</value>
</tagged>
<arcpath id="000" x="822" y="387" curvePoint="false"/>
<arcpath id="001" x="822" y="282" curvePoint="false"/>
<type value="normal"/>
</arc>
<arc id="P34 to T22" source="P34" target="T22">
<graphics/>
<inscription>
<value>1</value>
<graphics/>
</inscription>
<tagged>
<value>false</value>
</tagged>
<arcpath id="000" x="1072" y="1058" curvePoint="false"/>
<arcpath id="001" x="1117" y="1102" curvePoint="false"/>
<type value="normal"/>
</arc>
<arc id="P35 to T22" source="P35" target="T22">
<graphics/>
<inscription>
<value>1</value>
<graphics/>
</inscription>
<tagged>
<value>false</value>
</tagged>
<arcpath id="000" x="1074" y="1143" curvePoint="false"/>
<arcpath id="001" x="1116" y="1112" curvePoint="false"/>
<type value="normal"/>
</arc>
<arc id="P38 to T13" source="P38" target="T13">
<graphics/>
<inscription>
<value>1</value>
<graphics/>
</inscription>
<tagged>
<value>false</value>
</tagged>
<arcpath id="000" x="162" y="701" curvePoint="false"/>
<arcpath id="001" x="162" y="747" curvePoint="false"/>
<type value="normal"/>
</arc>
<arc id="P39 to T9" source="P39" target="T9">
<graphics/>
<inscription>
<value>1</value>
<graphics/>
</inscription>
<tagged>
<value>false</value>
</tagged>
<arcpath id="000" x="311" y="762" curvePoint="false"/>
<arcpath id="001" x="336" y="762" curvePoint="false"/>
<type value="normal"/>
</arc>
<arc id="P3 to T3" source="P3" target="T3">
<graphics/>
<inscription>
<value>1</value>
<graphics/>
</inscription>
<tagged>
<value>false</value>
</tagged>
<arcpath id="000" x="339" y="408" curvePoint="false"/>
<arcpath id="001" x="396" y="372" curvePoint="false"/>
<type value="normal"/>
</arc>
<arc id="P3 to T4" source="P3" target="T4">
<graphics/>
<inscription>
<value>1</value>
<graphics/>
</inscription>
<tagged>
<value>false</value>
</tagged>
<arcpath id="000" x="337" y="428" curvePoint="false"/>
<arcpath id="001" x="396" y="492" curvePoint="false"/>
<type value="normal"/>
</arc>
<arc id="P40 to T12" source="P40" target="T12">
<graphics/>
<inscription>
<value>1</value>
<graphics/>
</inscription>
<tagged>
<value>false</value>
</tagged>
<arcpath id="000" x="355" y="887" curvePoint="false"/>
<arcpath id="001" x="461" y="889" curvePoint="true"/>
<arcpath id="002" x="462" y="852" curvePoint="false"/>
<type value="normal"/>
</arc>
<arc id="P40 to T9" source="P40" target="T9">
<graphics/>
<inscription>
<value>1</value>
<graphics/>
</inscription>
<tagged>
<value>false</value>
</tagged>
<arcpath id="000" x="342" y="867" curvePoint="false"/>
<arcpath id="001" x="342" y="777" curvePoint="false"/>
<type value="normal"/>
</arc>
<arc id="P41 to T14" source="P41" target="T14">
<graphics/>
<inscription>
<value>1</value>
<graphics/>
</inscription>
<tagged>
<value>false</value>
</tagged>
<arcpath id="000" x="1196" y="672" curvePoint="false"/>
<arcpath id="001" x="1251" y="672" curvePoint="false"/>
<type value="normal"/>
</arc>
<arc id="P42 to T26" source="P42" target="T26">
<graphics/>
<inscription>
<value>1</value>
<graphics/>
</inscription>
<tagged>
<value>false</value>
</tagged>
<arcpath id="000" x="1122" y="611" curvePoint="false"/>
<arcpath id="001" x="1122" y="657" curvePoint="false"/>
<type value="normal"/>
</arc>
<arc id="P43 to T16" source="P43" target="T16">
<graphics/>
<inscription>
<value>1</value>
<graphics/>
</inscription>
<tagged>
<value>false</value>
</tagged>
<arcpath id="000" x="1392" y="807" curvePoint="false"/>
<arcpath id="001" x="1392" y="762" curvePoint="false"/>
<type value="normal"/>
</arc>
<arc id="P44 to T21" source="P44" target="T21">
<graphics/>
<inscription>
<value>1</value>
<graphics/>
</inscription>
<tagged>
<value>false</value>
</tagged>
<arcpath id="000" x="791" y="1107" curvePoint="false"/>
<arcpath id="001" x="846" y="1107" curvePoint="false"/>
<type value="normal"/>
</arc>
<arc id="P45 to T27" source="P45" target="T27">
<graphics/>
<inscription>
<value>1</value>
<graphics/>
</inscription>
<tagged>
<value>false</value>
</tagged>
<arcpath id="000" x="717" y="1031" curvePoint="false"/>
<arcpath id="001" x="717" y="1092" curvePoint="false"/>
<type value="normal"/>
</arc>
<arc id="P4 to T5" source="P4" target="T5">
<graphics/>
<inscription>
<value>1</value>
<graphics/>
</inscription>
<tagged>
<value>false</value>
</tagged>
<arcpath id="000" x="476" y="312" curvePoint="false"/>
<arcpath id="001" x="531" y="312" curvePoint="false"/>
<type value="normal"/>
</arc>
<arc id="P5 to T6" source="P5" target="T6">
<graphics/>
<inscription>
<value>1</value>
<graphics/>
</inscription>
<tagged>
<value>false</value>
</tagged>
<arcpath id="000" x="476" y="387" curvePoint="false"/>
<arcpath id="001" x="531" y="387" curvePoint="false"/>
<type value="normal"/>
</arc>
<arc id="P6 to T7" source="P6" target="T7">
<graphics/>
<inscription>
<value>1</value>
<graphics/>
</inscription>
<tagged>
<value>false</value>
</tagged>
<arcpath id="000" x="476" y="447" curvePoint="false"/>
<arcpath id="001" x="516" y="447" curvePoint="false"/>
<type value="normal"/>
</arc>
<arc id="P7 to T8" source="P7" target="T8">
<graphics/>
<inscription>
<value>1</value>
<graphics/>
</inscription>
<tagged>
<value>false</value>
</tagged>
<arcpath id="000" x="596" y="447" curvePoint="false"/>
<arcpath id="001" x="636" y="447" curvePoint="false"/>
<type value="normal"/>
</arc>
<arc id="P8 to T23" source="P8" target="T23">
<graphics/>
<inscription>
<value>1</value>
<graphics/>
</inscription>
<tagged>
<value>false</value>
</tagged>
<arcpath id="000" x="690" y="432" curvePoint="false"/>
<arcpath id="001" x="702" y="387" curvePoint="false"/>
<type value="normal"/>
</arc>
<arc id="T0 to P1" source="T0" target="P1">
<graphics/>
<inscription>
<value>1</value>
<graphics/>
</inscription>
<tagged>
<value>false</value>
</tagged>
<arcpath id="000" x="301" y="267" curvePoint="false"/>
<arcpath id="001" x="392" y="158" curvePoint="false"/>
<type value="normal"/>
</arc>
<arc id="T0 to P2" source="T0" target="P2">
<graphics/>
<inscription>
<value>1</value>
<graphics/>
</inscription>
<tagged>
<value>false</value>
</tagged>
<arcpath id="000" x="297" y="252" curvePoint="false"/>
<arcpath id="001" x="365" y="100" curvePoint="false"/>
<type value="normal"/>
</arc>
<arc id="T0 to P3" source="T0" target="P3">
<graphics/>
<inscription>
<value>1</value>
<graphics/>
</inscription>
<tagged>
<value>false</value>
</tagged>
<arcpath id="000" x="297" y="282" curvePoint="false"/>
<arcpath id="001" x="323" y="402" curvePoint="false"/>
<type value="normal"/>
</arc>
<arc id="T10 to P15" source="T10" target="P15">
<graphics/>
<inscription>
<value>1</value>
<graphics/>
</inscription>
<tagged>
<value>false</value>
</tagged>
<arcpath id="000" x="466" y="687" curvePoint="false"/>
<arcpath id="001" x="522" y="687" curvePoint="false"/>
<type value="normal"/>
</arc>
<arc id="T11 to P16" source="T11" target="P16">
<graphics/>
<inscription>
<value>1</value>
<graphics/>
</inscription>
<tagged>
<value>false</value>
</tagged>
<arcpath id="000" x="466" y="762" curvePoint="false"/>
<arcpath id="001" x="522" y="762" curvePoint="false"/>
<type value="normal"/>
</arc>
<arc id="T12 to P17" source="T12" target="P17">
<graphics/>
<inscription>
<value>1</value>
<graphics/>
</inscription>
<tagged>
<value>false</value>
</tagged>
<arcpath id="000" x="466" y="837" curvePoint="false"/>
<arcpath id="001" x="522" y="837" curvePoint="false"/>
<type value="normal"/>
</arc>
<arc id="T12 to P40" source="T12" target="P40">
<graphics/>
<inscription>
<value>1</value>
<graphics/>
</inscription>
<tagged>
<value>false</value>
</tagged>
<arcpath id="000" x="462" y="852" curvePoint="false"/>
<arcpath id="001" x="446" y="874" curvePoint="true"/>
<arcpath id="002" x="356" y="880" curvePoint="false"/>
<type value="normal"/>
</arc>
<arc id="T13 to P11" source="T13" target="P11">
<graphics/>
<inscription>
<value>1</value>
<graphics/>
</inscription>
<tagged>
<value>false</value>
</tagged>
<arcpath id="000" x="166" y="762" curvePoint="false"/>
<arcpath id="001" x="192" y="762" curvePoint="false"/>
<type value="normal"/>
</arc>
<arc id="T14 to P19" source="T14" target="P19">
<graphics/>
<inscription>
<value>1</value>
<graphics/>
</inscription>
<tagged>
<value>false</value>
</tagged>
<arcpath id="000" x="1262" y="667" curvePoint="false"/>
<arcpath id="001" x="1306" y="623" curvePoint="false"/>
<type value="normal"/>
</arc>
<arc id="T14 to P20" source="T14" target="P20">
<graphics/>
<inscription>
<value>1</value>
<graphics/>
</inscription>
<tagged>
<value>false</value>
</tagged>
<arcpath id="000" x="1261" y="677" curvePoint="false"/>
<arcpath id="001" x="1307" y="735" curvePoint="false"/>
<type value="normal"/>
</arc>
<arc id="T15 to P21" source="T15" target="P21">
<graphics/>
<inscription>
<value>1</value>
<graphics/>
</inscription>
<tagged>
<value>false</value>
</tagged>
<arcpath id="000" x="1396" y="612" curvePoint="false"/>
<arcpath id="001" x="1452" y="612" curvePoint="false"/>
<type value="normal"/>
</arc>
<arc id="T16 to P22" source="T16" target="P22">
<graphics/>
<inscription>
<value>1</value>
<graphics/>
</inscription>
<tagged>
<value>false</value>
</tagged>
<arcpath id="000" x="1396" y="747" curvePoint="false"/>
<arcpath id="001" x="1452" y="747" curvePoint="false"/>
<type value="normal"/>
</arc>
<arc id="T16 to P43" source="T16" target="P43">
<graphics/>
<inscription>
<value>1</value>
<graphics/>
</inscription>
<tagged>
<value>false</value>
</tagged>
<arcpath id="000" x="1392" y="762" curvePoint="false"/>
<arcpath id="001" x="1392" y="807" curvePoint="false"/>
<type value="normal"/>
</arc>
<arc id="T17 to P34" source="T17" target="P34">
<graphics/>
<inscription>
<value>1</value>
<graphics/>
</inscription>
<tagged>
<value>false</value>
</tagged>
<arcpath id="000" x="991" y="1047" curvePoint="false"/>
<arcpath id="001" x="1047" y="1047" curvePoint="false"/>
<type value="normal"/>
</arc>
<arc id="T18 to P35" source="T18" target="P35">
<graphics/>
<inscription>
<value>1</value>
<graphics/>
</inscription>
<tagged>
<value>false</value>
</tagged>
<arcpath id="000" x="991" y="1152" curvePoint="false"/>
<arcpath id="001" x="1047" y="1152" curvePoint="false"/>
<type value="normal"/>
</arc>
<arc id="T19 to P9" source="T19" target="P9">
<graphics/>
<inscription>
<value>1</value>
<graphics/>
</inscription>
<tagged>
<value>false</value>
</tagged>
<arcpath id="000" x="826" y="267" curvePoint="false"/>
<arcpath id="001" x="927" y="267" curvePoint="false"/>
<type value="normal"/>
</arc>
<arc id="T1 to P28" source="T1" target="P28">
<graphics/>
<inscription>
<value>1</value>
<graphics/>
</inscription>
<tagged>
<value>false</value>
</tagged>
<arcpath id="000" x="556" y="147" curvePoint="false"/>
<arcpath id="001" x="687" y="147" curvePoint="false"/>
<type value="normal"/>
</arc>
<arc id="T20 to P23" source="T20" target="P23">
<graphics/>
<inscription>
<value>1</value>
<graphics/>
</inscription>
<tagged>
<value>false</value>
</tagged>
<arcpath id="000" x="1501" y="687" curvePoint="false"/>
<arcpath id="001" x="1602" y="687" curvePoint="false"/>
<type value="normal"/>
</arc>
<arc id="T21 to P24" source="T21" target="P24">
<graphics/>
<inscription>
<value>1</value>
<graphics/>
</inscription>
<tagged>
<value>false</value>
</tagged>
<arcpath id="000" x="857" y="1102" curvePoint="false"/>
<arcpath id="001" x="901" y="1058" curvePoint="false"/>
<type value="normal"/>
</arc>
<arc id="T21 to P25" source="T21" target="P25">
<graphics/>
<inscription>
<value>1</value>
<graphics/>
</inscription>
<tagged>
<value>false</value>
</tagged>
<arcpath id="000" x="856" y="1112" curvePoint="false"/>
<arcpath id="001" x="913" y="1144" curvePoint="false"/>
<type value="normal"/>
</arc>
<arc id="T22 to P27" source="T22" target="P27">
<graphics/>
<inscription>
<value>1</value>
<graphics/>
</inscription>
<tagged>
<value>false</value>
</tagged>
<arcpath id="000" x="1126" y="1107" curvePoint="false"/>
<arcpath id="001" x="1197" y="1107" curvePoint="false"/>
<type value="normal"/>
</arc>
<arc id="T23 to P32" source="T23" target="P32">
<graphics/>
<inscription>
<value>1</value>
<graphics/>
</inscription>
<tagged>
<value>false</value>
</tagged>
<arcpath id="000" x="706" y="372" curvePoint="false"/>
<arcpath id="001" x="807" y="398" curvePoint="false"/>
<type value="normal"/>
</arc>
<arc id="T24 to P33" source="T24" target="P33">
<graphics/>
<inscription>
<value>1</value>
<graphics/>
</inscription>
<tagged>
<value>false</value>
</tagged>
<arcpath id="000" x="601" y="762" curvePoint="false"/>
<arcpath id="001" x="702" y="762" curvePoint="false"/>
<type value="normal"/>
</arc>
<arc id="T25 to P39" source="T25" target="P39">
<graphics/>
<inscription>
<value>1</value>
<graphics/>
</inscription>
<tagged>
<value>false</value>
</tagged>
<arcpath id="000" x="256" y="762" curvePoint="false"/>
<arcpath id="001" x="282" y="762" curvePoint="false"/>
<type value="normal"/>
</arc>
<arc id="T26 to P41" source="T26" target="P41">
<graphics/>
<inscription>
<value>1</value>
<graphics/>
</inscription>
<tagged>
<value>false</value>
</tagged>
<arcpath id="000" x="1126" y="672" curvePoint="false"/>
<arcpath id="001" x="1167" y="672" curvePoint="false"/>
<type value="normal"/>
</arc>
<arc id="T27 to P44" source="T27" target="P44">
<graphics/>
<inscription>
<value>1</value>
<graphics/>
</inscription>
<tagged>
<value>false</value>
</tagged>
<arcpath id="000" x="721" y="1107" curvePoint="false"/>
<arcpath id="001" x="762" y="1107" curvePoint="false"/>
<type value="normal"/>
</arc>
<arc id="T2 to P29" source="T2" target="P29">
<graphics/>
<inscription>
<value>1</value>
<graphics/>
</inscription>
<tagged>
<value>false</value>
</tagged>
<arcpath id="000" x="511" y="87" curvePoint="false"/>
<arcpath id="001" x="732" y="87" curvePoint="false"/>
<type value="normal"/>
</arc>
<arc id="T2 to P36" source="T2" target="P36">
<graphics/>
<inscription>
<value>1</value>
<graphics/>
</inscription>
<tagged>
<value>false</value>
</tagged>
<arcpath id="000" x="507" y="72" curvePoint="false"/>
<arcpath id="001" x="485" y="39" curvePoint="false"/>
<type value="normal"/>
</arc>
<arc id="T2 to P46" source="T2" target="P46">
<graphics/>
<inscription>
<value>1</value>
<graphics/>
</inscription>
<tagged>
<value>false</value>
</tagged>
<arcpath id="000" x="507" y="72" curvePoint="false"/>
<arcpath id="001" x="528" y="39" curvePoint="false"/>
<type value="normal"/>
</arc>
<arc id="T3 to P4" source="T3" target="P4">
<graphics/>
<inscription>
<value>1</value>
<graphics/>
</inscription>
<tagged>
<value>false</value>
</tagged>
<arcpath id="000" x="407" y="364" curvePoint="false"/>
<arcpath id="001" x="451" y="323" curvePoint="false"/>
<type value="normal"/>
</arc>
<arc id="T3 to P5" source="T3" target="P5">
<graphics/>
<inscription>
<value>1</value>
<graphics/>
</inscription>
<tagged>
<value>false</value>
</tagged>
<arcpath id="000" x="407" y="371" curvePoint="false"/>
<arcpath id="001" x="447" y="384" curvePoint="false"/>
<type value="normal"/>
</arc>
<arc id="T3 to P6" source="T3" target="P6">
<graphics/>
<inscription>
<value>1</value>
<graphics/>
</inscription>
<tagged>
<value>false</value>
</tagged>
<arcpath id="000" x="406" y="378" curvePoint="false"/>
<arcpath id="001" x="452" y="435" curvePoint="false"/>
<type value="normal"/>
</arc>
<arc id="T4 to P32" source="T4" target="P32">
<graphics/>
<inscription>
<value>1</value>
<graphics/>
</inscription>
<tagged>
<value>false</value>
</tagged>
<arcpath id="000" x="406" y="492" curvePoint="false"/>
<arcpath id="001" x="650" y="535" curvePoint="true"/>
<arcpath id="002" x="810" y="411" curvePoint="false"/>
<type value="normal"/>
</arc>
<arc id="T5 to P30" source="T5" target="P30">
<graphics/>
<inscription>
<value>1</value>
<graphics/>
</inscription>
<tagged>
<value>false</value>
</tagged>
<arcpath id="000" x="541" y="312" curvePoint="false"/>
<arcpath id="001" x="597" y="312" curvePoint="false"/>
<type value="normal"/>
</arc>
<arc id="T6 to P31" source="T6" target="P31">
<graphics/>
<inscription>
<value>1</value>
<graphics/>
</inscription>
<tagged>
<value>false</value>
</tagged>
<arcpath id="000" x="541" y="387" curvePoint="false"/>
<arcpath id="001" x="597" y="387" curvePoint="false"/>
<type value="normal"/>
</arc>
<arc id="T7 to P7" source="T7" target="P7">
<graphics/>
<inscription>
<value>1</value>
<graphics/>
</inscription>
<tagged>
<value>false</value>
</tagged>
<arcpath id="000" x="526" y="447" curvePoint="false"/>
<arcpath id="001" x="567" y="447" curvePoint="false"/>
<type value="normal"/>
</arc>
<arc id="T8 to P37" source="T8" target="P37">
<graphics/>
<inscription>
<value>1</value>
<graphics/>
</inscription>
<tagged>
<value>false</value>
</tagged>
<arcpath id="000" x="642" y="462" curvePoint="false"/>
<arcpath id="001" x="642" y="492" curvePoint="false"/>
<type value="normal"/>
</arc>
<arc id="T8 to P8" source="T8" target="P8">
<graphics/>
<inscription>
<value>1</value>
<graphics/>
</inscription>
<tagged>
<value>false</value>
</tagged>
<arcpath id="000" x="646" y="447" curvePoint="false"/>
<arcpath id="001" x="672" y="447" curvePoint="false"/>
<type value="normal"/>
</arc>
<arc id="T9 to P12" source="T9" target="P12">
<graphics/>
<inscription>
<value>1</value>
<graphics/>
</inscription>
<tagged>
<value>false</value>
</tagged>
<arcpath id="000" x="347" y="754" curvePoint="false"/>
<arcpath id="001" x="379" y="700" curvePoint="false"/>
<type value="normal"/>
</arc>
<arc id="T9 to P13" source="T9" target="P13">
<graphics/>
<inscription>
<value>1</value>
<graphics/>
</inscription>
<tagged>
<value>false</value>
</tagged>
<arcpath id="000" x="347" y="761" curvePoint="false"/>
<arcpath id="001" x="372" y="763" curvePoint="false"/>
<type value="normal"/>
</arc>
<arc id="T9 to P14" source="T9" target="P14">
<graphics/>
<inscription>
<value>1</value>
<graphics/>
</inscription>
<tagged>
<value>false</value>
</tagged>
<arcpath id="000" x="346" y="768" curvePoint="false"/>
<arcpath id="001" x="379" y="824" curvePoint="false"/>
<type value="normal"/>
</arc>
<arc id="T9 to P40" source="T9" target="P40">
<graphics/>
<inscription>
<value>1</value>
<graphics/>
</inscription>
<tagged>
<value>false</value>
</tagged>
<arcpath id="000" x="342" y="777" curvePoint="false"/>
<arcpath id="001" x="342" y="867" curvePoint="false"/>
<type value="normal"/>
</arc>
</net>
</pnml>
